City,Date,PM2.5,PM10,NO2,CO,SO2,O3,AQI,AQI_Bucket
Ahmedabad,2019-05-15,37.55,122.41,85.12,15.08,163.01,48.23,281.0,Poor
Ahmedabad,2019-05-16,33.97,116.32,79.71,14.67,91.26,51.86,330.0,Very Poor
Ahmedabad,2019-05-17,35.48,130.07,77.61,18.02,98.35,38.99,356.0,Very Poor
Ahmedabad,2019-05-18,34.11,138.31,75.23,13.27,88.66,42.22,359.0,Very Poor
Ahmedabad,2019-05-19,33.69,111.73,68.9,34.56,80.9,36.95,547.0,Severe
Ahmedabad,2019-05-20,42.31,118.65,81.84,17.47,89.57,46.68,813.0,Severe
Ahmedabad,2019-05-21,24.6,103.88,81.24,11.03,80.74,46.65,321.0,Very Poor
Ahmedabad,2019-05-22,27.93,103.3,76.75,11.44,86.48,54.34,270.0,Poor
Ahmedabad,2019-05-23,41.39,135.65,89.1,14.29,105.96,49.7,323.0,Very Poor
Ahmedabad,2019-05-24,46.79,148.0,93.27,14.31,131.04,56.31,344.0,Very Poor
Ahmedabad,2019-05-25,51.63,156.97,89.18,17.96,134.22,49.62,404.0,Severe
Ahmedabad,2019-05-26,63.15,177.87,100.08,28.03,122.43,50.32,558.0,Severe
Ahmedabad,2019-05-27,57.47,163.36,112.68,21.39,143.3,52.19,435.0,Severe
Ahmedabad,2019-05-28,50.27,156.63,103.05,21.02,118.55,49.86,440.0,Severe
Ahmedabad,2019-05-29,42.02,140.66,71.51,16.43,82.75,52.44,374.0,Very Poor
Ahmedabad,2019-05-30,48.74,153.69,91.02,19.89,138.12,52.86,515.0,Severe
Ahmedabad,2019-05-31,46.51,136.34,85.37,16.75,145.55,44.53,360.0,Very Poor
Ahmedabad,2019-06-01,48.1,142.06,70.71,23.83,142.52,40.22,467.0,Severe
Ahmedabad,2019-06-02,41.38,119.91,70.35,21.8,134.76,41.5,402.0,Severe
Ahmedabad,2019-06-03,46.46,134.2,74.31,22.33,137.83,47.63,419.0,Severe
Ahmedabad,2019-06-04,39.68,117.51,77.12,20.89,139.31,71.62,408.0,Severe
Ahmedabad,2019-06-05,38.27,113.84,61.74,18.87,112.15,82.73,402.0,Severe
Ahmedabad,2019-06-06,35.06,127.56,68.94,12.63,101.14,75.71,303.0,Very Poor
Ahmedabad,2019-06-07,30.07,124.01,122.88,15.49,31.67,70.29,354.0,Very Poor
Ahmedabad,2019-06-08,48.74,135.9,154.42,16.38,58.6,73.95,358.0,Very Poor
Ahmedabad,2019-06-09,35.3,120.77,146.65,15.2,127.62,81.55,324.0,Very Poor
Ahmedabad,2019-06-10,34.31,115.46,127.02,16.31,121.46,80.39,360.0,Very Poor
Ahmedabad,2019-06-11,33.97,107.59,135.26,15.38,100.23,90.29,348.0,Very Poor
Ahmedabad,2019-06-12,41.08,156.33,140.5,12.8,91.23,85.2,333.0,Very Poor
Ahmedabad,2019-06-13,25.56,77.07,120.8,13.75,58.37,88.79,321.0,Very Poor
Ahmedabad,2019-06-14,26.75,103.12,112.66,14.4,60.94,77.88,338.0,Very Poor
Ahmedabad,2019-06-15,32.71,96.84,116.69,18.89,48.67,53.57,369.0,Very Poor
Ahmedabad,2019-06-16,32.79,107.15,103.69,25.17,30.37,30.45,397.0,Very Poor
Ahmedabad,2019-06-17,28.02,104.64,115.78,25.92,42.55,21.04,414.0,Severe
Ahmedabad,2019-06-18,26.92,72.7,130.64,22.25,25.9,24.37,363.0,Very Poor
Ahmedabad,2019-06-19,69.38,171.87,145.75,19.2,37.85,7.21,371.0,Very Poor
Ahmedabad,2019-06-20,42.08,125.62,155.72,30.2,33.25,41.97,565.0,Severe
Ahmedabad,2019-06-21,35.67,103.64,147.44,18.86,25.28,74.84,348.0,Very Poor
Ahmedabad,2019-06-22,63.09,152.67,163.54,12.65,26.31,113.94,184.0,Moderate
Ahmedabad,2019-06-23,46.13,102.66,146.55,14.35,39.92,108.07,328.0,Very Poor
Ahmedabad,2019-06-24,57.49,115.42,277.31,21.05,37.43,101.47,440.0,Severe
Ahmedabad,2019-06-25,49.23,97.91,174.15,19.38,20.97,90.33,411.0,Severe
Ahmedabad,2019-06-26,70.03,136.54,213.58,24.95,28.94,52.14,469.0,Severe
Ahmedabad,2019-06-27,60.03,109.4,176.24,25.55,35.87,52.95,436.0,Severe
Ahmedabad,2019-06-28,49.43,102.77,164.64,29.88,44.06,31.31,517.0,Severe
Ahmedabad,2019-06-29,59.63,112.5,184.07,41.59,38.49,21.31,640.0,Severe
Ahmedabad,2019-06-30,53.13,117.3,107.86,29.06,30.43,43.43,465.0,Severe
Ahmedabad,2019-07-01,43.22,104.74,168.15,28.45,40.42,69.91,486.0,Severe
Ahmedabad,2019-07-02,44.75,114.84,119.51,24.72,48.21,58.82,446.0,Severe
Ahmedabad,2019-07-03,44.27,96.61,118.73,24.13,47.13,49.16,426.0,Severe
Ahmedabad,2019-07-04,47.77,102.68,144.03,39.11,44.8,21.77,534.0,Severe
Ahmedabad,2019-07-05,47.88,116.88,106.12,37.12,35.22,23.22,610.0,Severe
Ahmedabad,2019-07-06,47.71,100.89,171.04,34.67,40.63,21.04,491.0,Severe
Ahmedabad,2019-07-07,34.72,80.67,148.91,26.15,32.86,50.85,451.0,Severe
Ahmedabad,2019-07-08,37.99,113.3,113.12,35.85,32.57,27.37,509.0,Severe
Ahmedabad,2019-07-09,41.69,120.12,137.36,36.14,30.42,27.49,491.0,Severe
Ahmedabad,2019-07-10,45.31,128.97,157.22,40.51,31.64,33.43,524.0,Severe
Ahmedabad,2019-07-11,43.48,116.84,103.67,37.34,91.4,30.35,575.0,Severe
Ahmedabad,2019-07-12,41.97,109.2,107.17,30.92,96.35,34.38,490.0,Severe
Ahmedabad,2019-07-13,38.49,101.6,117.03,36.22,103.19,33.11,503.0,Severe
Ahmedabad,2019-07-14,41.7,109.85,102.72,24.82,102.03,49.25,469.0,Severe
Ahmedabad,2019-07-15,42.43,116.7,114.44,32.1,142.27,38.2,455.0,Severe
Ahmedabad,2019-07-16,38.99,114.94,103.79,31.97,156.48,32.57,488.0,Severe
Ahmedabad,2019-07-17,34.92,114.11,110.39,30.5,116.97,37.07,513.0,Severe
Ahmedabad,2019-07-18,32.7,105.78,103.72,26.0,132.41,45.92,466.0,Severe
Ahmedabad,2019-07-19,44.65,120.74,135.12,25.34,104.15,58.38,429.0,Severe
Ahmedabad,2019-07-20,51.63,130.55,156.06,27.48,109.13,52.03,459.0,Severe
Ahmedabad,2019-07-21,48.67,104.86,152.96,17.33,92.83,76.38,385.0,Very Poor
Ahmedabad,2019-07-22,37.73,82.63,115.28,13.1,53.67,113.3,309.0,Very Poor
Ahmedabad,2019-07-23,73.98,202.3,168.45,17.81,35.04,70.3,587.0,Severe
Ahmedabad,2019-07-24,52.55,172.36,99.11,27.02,46.88,57.81,482.0,Severe
Ahmedabad,2019-07-25,48.26,165.97,157.23,35.25,50.5,29.11,502.0,Severe
Ahmedabad,2019-07-26,46.8,98.91,32.44,34.26,57.06,42.64,469.0,Severe
Ahmedabad,2019-07-27,39.43,98.23,43.0,26.55,94.84,52.09,413.0,Severe
Ahmedabad,2019-07-28,47.55,100.1,30.99,32.36,83.52,47.92,478.0,Severe
Ahmedabad,2019-07-29,43.84,148.04,42.69,33.11,70.53,64.25,515.0,Severe
Ahmedabad,2019-08-01,47.31,110.65,23.06,59.19,50.69,24.93,957.0,Severe
Ahmedabad,2019-08-02,56.72,139.31,45.13,45.45,52.12,28.08,685.0,Severe
Ahmedabad,2019-08-03,45.43,118.95,30.0,36.56,41.96,30.53,492.0,Severe
Ahmedabad,2019-08-04,37.7,106.26,37.43,25.9,39.98,40.88,464.0,Severe
Ahmedabad,2019-08-05,43.43,153.39,33.44,29.34,44.51,43.28,477.0,Severe
Ahmedabad,2019-08-06,50.53,181.39,57.64,38.94,39.45,41.18,564.0,Severe
Ahmedabad,2019-08-07,60.09,199.34,30.12,40.91,40.22,26.52,545.0,Severe
Ahmedabad,2019-08-08,57.61,195.84,47.73,35.46,39.76,37.96,530.0,Severe
Ahmedabad,2019-08-09,44.1,99.59,72.53,26.54,42.51,45.15,448.0,Severe
Ahmedabad,2019-08-10,22.26,50.03,41.31,28.38,45.34,37.92,440.0,Severe
Ahmedabad,2019-08-11,37.97,95.65,39.57,33.04,39.94,34.34,452.0,Severe
Ahmedabad,2019-08-12,46.3,160.82,47.9,40.24,41.94,33.06,573.0,Severe
Ahmedabad,2019-08-13,41.77,175.24,49.65,28.77,37.04,47.71,467.0,Severe
Ahmedabad,2019-08-14,47.52,184.48,36.01,33.11,40.95,41.86,492.0,Severe
Ahmedabad,2019-08-15,50.55,117.04,52.84,31.12,39.98,31.08,471.0,Severe
Ahmedabad,2019-08-16,27.6,75.1,48.35,33.81,42.4,34.06,505.0,Severe
Ahmedabad,2019-08-17,41.4,143.82,41.39,30.09,40.05,42.78,473.0,Severe
Ahmedabad,2019-08-18,44.46,134.58,73.54,36.78,37.46,45.93,539.0,Severe
Ahmedabad,2019-08-19,39.88,184.17,60.79,34.38,26.36,55.36,627.0,Severe
Ahmedabad,2019-08-20,46.58,138.91,53.62,26.7,45.91,61.08,466.0,Severe
Ahmedabad,2019-08-21,36.44,151.31,60.1,24.36,40.9,69.33,465.0,Severe
Ahmedabad,2019-08-22,45.37,176.7,64.69,24.41,43.82,68.52,462.0,Severe
Ahmedabad,2019-08-23,47.67,182.75,53.56,25.81,51.27,57.64,523.0,Severe
Ahmedabad,2019-08-24,41.31,142.75,55.93,18.93,37.66,76.75,385.0,Very Poor
Ahmedabad,2019-08-25,30.82,119.98,57.44,21.13,39.97,69.77,360.0,Very Poor
Ahmedabad,2019-08-26,45.77,164.31,56.76,36.07,55.67,29.03,532.0,Severe
Ahmedabad,2019-08-27,58.51,142.29,36.67,46.11,44.52,24.36,651.0,Severe
Ahmedabad,2019-08-28,36.1,88.66,46.87,27.22,40.52,51.74,434.0,Severe
Ahmedabad,2019-08-29,38.5,93.7,47.69,37.89,63.22,28.61,517.0,Severe
Ahmedabad,2019-08-30,40.53,118.21,43.33,36.0,49.29,32.49,563.0,Severe
Ahmedabad,2019-08-31,37.05,111.11,48.51,30.71,46.13,37.33,464.0,Severe
Ahmedabad,2019-09-01,31.28,87.45,47.49,24.16,47.71,47.56,420.0,Severe
Ahmedabad,2019-09-02,25.64,69.07,52.47,25.23,48.58,44.0,419.0,Severe
Ahmedabad,2019-09-03,40.18,82.81,49.59,29.4,50.91,42.54,447.0,Severe
Ahmedabad,2019-09-04,39.16,86.22,62.06,16.72,48.32,77.97,401.0,Severe
Ahmedabad,2019-09-05,45.55,69.01,82.99,20.81,50.79,73.91,446.0,Severe
Ahmedabad,2019-09-06,55.43,80.39,81.63,22.28,50.6,84.1,432.0,Severe
Ahmedabad,2019-09-07,35.05,77.28,54.26,25.02,48.29,53.43,454.0,Severe
Ahmedabad,2019-09-08,33.15,59.41,48.34,18.87,44.03,57.52,408.0,Severe
Ahmedabad,2019-09-09,38.7,69.84,61.48,21.33,53.34,71.99,381.0,Very Poor
Ahmedabad,2019-09-10,45.2,69.26,72.02,23.33,50.39,39.15,468.0,Severe
Ahmedabad,2019-09-15,66.21,171.53,44.57,37.54,68.54,20.67,793.0,Severe
Ahmedabad,2019-09-16,38.0,107.96,53.2,23.87,63.42,26.28,495.0,Severe
Ahmedabad,2019-09-17,44.41,102.31,236.79,36.34,59.59,32.92,528.0,Severe
Ahmedabad,2019-09-18,50.66,126.48,94.87,25.45,33.42,34.64,570.0,Severe
Ahmedabad,2019-09-19,73.61,133.78,129.85,31.7,78.7,31.11,708.0,Severe
Ahmedabad,2019-09-20,27.17,55.41,61.34,11.26,78.36,42.49,314.0,Very Poor
Ahmedabad,2019-09-21,39.27,73.22,132.09,17.41,82.79,48.66,386.0,Very Poor
Ahmedabad,2019-09-22,45.4,85.77,128.45,13.26,90.46,51.35,356.0,Very Poor
Ahmedabad,2019-09-23,59.74,108.29,112.62,19.33,114.51,43.41,398.0,Very Poor
Ahmedabad,2019-09-24,58.49,89.47,124.86,18.72,102.52,60.11,476.0,Severe
Ahmedabad,2019-09-25,61.46,103.64,112.12,23.56,81.76,60.38,572.0,Severe
Ahmedabad,2019-09-26,39.34,59.29,96.73,18.91,90.49,48.71,427.0,Severe
Ahmedabad,2019-09-27,28.2,40.35,80.73,18.36,82.95,40.22,466.0,Severe
Ahmedabad,2019-09-28,30.18,48.65,99.02,24.72,82.66,34.33,438.0,Severe
Ahmedabad,2019-09-29,20.71,44.65,79.1,14.94,107.18,33.31,432.0,Severe
Ahmedabad,2019-09-30,21.94,34.95,65.04,11.62,101.99,42.88,322.0,Very Poor
Ahmedabad,2019-10-01,33.66,56.01,92.52,11.85,137.97,72.52,266.0,Poor
Ahmedabad,2019-10-02,51.11,106.2,118.26,21.47,129.38,41.28,430.0,Severe
Ahmedabad,2019-10-03,57.08,126.9,98.77,18.9,99.59,43.21,528.0,Severe
Ahmedabad,2019-10-04,49.88,127.47,101.3,25.05,120.8,48.48,512.0,Severe
Ahmedabad,2019-10-05,57.65,138.99,168.74,49.58,153.44,41.05,614.0,Severe
Ahmedabad,2019-10-06,68.62,117.69,132.77,55.22,158.04,68.56,954.0,Severe
Ahmedabad,2019-10-07,99.81,155.39,162.56,36.34,146.33,68.81,1217.0,Severe
Ahmedabad,2019-10-08,73.52,153.75,171.17,45.99,154.99,70.66,659.0,Severe
Ahmedabad,2019-10-09,108.07,195.19,204.06,82.73,130.56,67.73,1389.0,Severe
Ahmedabad,2019-10-10,117.13,188.14,199.03,59.24,134.87,62.92,1195.0,Severe
Ahmedabad,2019-10-11,70.26,153.84,211.8,34.88,139.0,67.9,615.0,Severe
Ahmedabad,2019-10-12,109.48,212.8,245.62,68.52,178.58,54.14,904.0,Severe
Ahmedabad,2019-10-15,96.74,208.83,229.45,57.78,156.5,59.05,919.0,Severe
Ahmedabad,2019-10-16,90.7,188.75,219.01,51.18,135.76,77.07,1190.0,Severe
Ahmedabad,2019-10-17,100.06,175.79,239.1,39.85,134.84,59.32,956.0,Severe
Ahmedabad,2019-10-19,87.87,154.68,186.56,6.94,100.46,93.28,318.0,Very Poor
Ahmedabad,2019-10-20,89.05,129.36,159.1,5.69,105.73,76.58,228.0,Poor
Ahmedabad,2019-10-21,81.62,118.57,121.02,1.7,117.2,114.49,225.0,Poor
Ahmedabad,2019-10-22,84.9,128.62,108.85,3.67,113.16,133.14,258.0,Poor
Ahmedabad,2019-10-23,46.84,83.85,114.63,6.05,118.83,91.42,249.0,Poor
Ahmedabad,2019-10-24,53.59,106.77,152.09,4.79,119.97,116.38,270.0,Poor
Ahmedabad,2019-10-25,82.74,148.8,186.72,7.26,133.53,90.23,334.0,Very Poor
Ahmedabad,2019-10-26,62.7,108.91,86.91,1.41,88.46,162.43,273.0,Poor
Ahmedabad,2019-10-27,57.54,81.3,72.14,7.32,120.11,103.24,199.0,Moderate
Ahmedabad,2019-10-28,75.12,158.06,68.64,7.95,106.2,55.96,212.0,Poor
Ahmedabad,2019-10-29,37.74,93.24,62.2,7.42,110.11,51.34,200.0,Moderate
Ahmedabad,2019-10-30,20.1,52.97,74.41,16.72,134.66,50.0,305.0,Very Poor
Ahmedabad,2019-10-31,54.57,135.53,115.84,22.31,129.06,51.69,502.0,Severe
Ahmedabad,2019-11-01,63.17,145.88,112.58,9.85,136.87,46.54,362.0,Very Poor
Ahmedabad,2019-11-02,42.27,111.98,87.8,10.87,129.66,39.52,275.0,Poor
Ahmedabad,2019-11-03,33.68,69.15,115.67,23.59,133.73,36.66,351.0,Very Poor
Ahmedabad,2019-11-04,69.31,112.61,175.04,28.8,136.74,62.53,636.0,Severe
Ahmedabad,2019-11-05,84.29,131.73,203.26,17.04,138.03,59.57,346.0,Very Poor
Ahmedabad,2019-11-06,112.08,171.65,192.27,28.47,120.4,79.31,561.0,Severe
Ahmedabad,2019-11-07,56.86,79.47,156.28,15.77,163.2,46.86,358.0,Very Poor
Ahmedabad,2019-11-08,64.96,92.32,157.51,14.87,174.83,27.22,316.0,Very Poor
Ahmedabad,2019-11-09,48.99,107.67,163.7,14.05,167.13,38.58,358.0,Very Poor
Ahmedabad,2019-11-10,68.07,133.46,155.92,9.16,168.45,51.38,282.0,Poor
Ahmedabad,2019-11-14,49.19,116.2,202.95,20.01,155.16,27.68,415.0,Severe
Ahmedabad,2019-11-15,43.56,94.58,121.43,10.3,145.89,16.36,411.0,Severe
Ahmedabad,2019-11-16,70.05,133.55,145.72,28.74,156.97,16.41,433.0,Severe
Ahmedabad,2019-11-17,58.66,78.4,136.69,29.52,135.46,16.08,632.0,Severe
Ahmedabad,2019-11-18,62.15,94.91,147.33,42.34,143.33,15.8,883.0,Severe
Ahmedabad,2019-11-19,52.04,85.17,112.69,39.43,158.25,15.84,884.0,Severe
Ahmedabad,2019-11-20,46.54,93.8,97.74,34.48,172.68,16.99,552.0,Severe
Ahmedabad,2019-11-21,55.43,91.22,109.17,17.98,157.33,15.43,662.0,Severe
Ahmedabad,2019-11-22,55.5,95.86,99.44,17.1,176.88,16.02,356.0,Very Poor
Ahmedabad,2019-11-23,58.97,104.2,106.63,19.45,132.97,14.99,477.0,Severe
Ahmedabad,2019-11-24,60.38,98.67,98.24,17.72,137.97,16.21,443.0,Severe
Ahmedabad,2019-11-25,73.87,106.75,110.17,20.3,127.11,15.31,378.0,Very Poor
Ahmedabad,2019-11-26,64.06,101.44,92.88,16.8,139.64,30.45,441.0,Severe
Ahmedabad,2019-11-27,53.91,108.89,98.4,11.11,142.7,46.08,411.0,Severe
Ahmedabad,2019-11-28,38.15,89.99,140.56,7.78,166.39,40.11,236.0,Poor
Ahmedabad,2019-11-29,48.47,87.26,103.61,5.55,186.08,44.3,212.0,Poor
Ahmedabad,2019-11-30,46.95,86.39,86.67,8.07,147.78,41.06,199.0,Moderate
Ahmedabad,2019-12-01,43.06,79.08,81.68,5.26,137.18,42.68,248.0,Poor
Ahmedabad,2019-12-02,46.74,76.39,60.49,4.02,112.45,48.16,192.0,Moderate
Ahmedabad,2019-12-03,41.61,83.5,54.14,3.87,123.27,57.81,134.0,Moderate
Ahmedabad,2019-12-04,77.66,99.48,62.09,4.32,93.11,51.79,140.0,Moderate
Ahmedabad,2019-12-05,65.48,121.86,82.62,7.8,66.09,42.3,197.0,Moderate
Ahmedabad,2019-12-06,64.87,122.33,71.51,14.15,36.29,47.75,344.0,Very Poor
Ahmedabad,2019-12-07,93.24,157.33,83.89,9.08,36.22,53.07,276.0,Poor
Ahmedabad,2019-12-08,92.26,135.81,76.33,12.09,31.8,53.65,293.0,Poor
Ahmedabad,2019-12-09,78.95,123.59,54.51,12.83,41.87,54.56,329.0,Very Poor
Ahmedabad,2019-12-10,86.88,143.98,35.11,26.73,58.5,35.3,458.0,Severe
Ahmedabad,2019-12-11,72.3,118.19,24.48,26.27,54.58,32.36,538.0,Severe
Ahmedabad,2019-12-12,62.39,116.84,14.9,14.39,60.87,24.18,520.0,Severe
Ahmedabad,2019-12-13,52.59,92.57,11.32,6.92,25.09,23.94,242.0,Poor
Ahmedabad,2019-12-14,63.33,99.3,14.79,4.66,29.4,24.07,157.0,Moderate
Ahmedabad,2019-12-15,48.58,93.92,12.0,2.56,20.56,27.73,177.0,Moderate
Ahmedabad,2019-12-16,45.47,89.73,20.62,5.2,18.8,30.45,145.0,Moderate
Ahmedabad,2019-12-17,54.42,102.4,25.45,5.67,26.19,29.22,237.0,Poor
Ahmedabad,2019-12-18,72.45,116.1,25.88,8.84,29.77,24.83,231.0,Poor
Ahmedabad,2019-12-19,89.97,155.63,28.82,28.91,39.43,18.76,391.0,Very Poor
Ahmedabad,2019-12-20,104.25,163.95,23.33,29.17,35.42,15.46,712.0,Severe
Ahmedabad,2019-12-21,64.25,121.71,34.29,10.97,73.34,12.43,206.0,Poor
Ahmedabad,2019-12-22,60.17,104.08,18.36,3.75,39.26,8.94,170.0,Moderate
Ahmedabad,2019-12-23,57.99,97.02,17.47,2.2,52.32,6.35,113.0,Moderate
Ahmedabad,2019-12-24,49.63,95.51,19.99,1.89,79.47,4.87,113.0,Moderate
Ahmedabad,2019-12-25,53.0,98.1,20.11,4.07,69.13,5.4,166.0,Moderate
Ahmedabad,2019-12-26,52.77,95.25,31.26,6.64,50.74,10.61,216.0,Poor
Ahmedabad,2019-12-27,39.89,83.69,50.41,17.34,53.83,19.03,381.0,Very Poor
Ahmedabad,2019-12-28,43.95,85.68,45.51,11.4,73.27,19.15,288.0,Poor
Ahmedabad,2019-12-29,53.52,89.41,43.92,30.94,49.84,23.66,398.0,Very Poor
Ahmedabad,2019-12-30,69.1,115.57,45.08,34.49,68.73,23.67,703.0,Severe
Ahmedabad,2019-12-31,74.18,126.67,22.77,6.36,95.2,23.67,385.0,Very Poor
Ahmedabad,2020-01-01,79.57,131.62,12.64,3.78,27.7,23.67,216.0,Poor
Ahmedabad,2020-01-02,72.59,128.86,14.38,3.63,23.96,23.67,162.0,Moderate
Ahmedabad,2020-01-03,69.54,128.99,15.13,7.06,35.78,23.66,220.0,Poor
Ahmedabad,2020-01-04,66.2,138.47,20.79,8.97,38.98,23.65,254.0,Poor
Ahmedabad,2020-01-05,55.99,110.41,15.34,5.41,45.83,23.61,255.0,Poor
Ahmedabad,2020-01-06,46.96,109.44,16.88,7.17,38.11,23.64,175.0,Moderate
Ahmedabad,2020-01-07,70.06,161.09,22.67,7.37,58.67,23.58,285.0,Poor
Ahmedabad,2020-01-08,61.4,118.44,16.33,2.38,30.54,23.59,157.0,Moderate
Ahmedabad,2020-01-09,38.89,93.4,14.14,2.41,46.78,23.64,129.0,Moderate
Ahmedabad,2020-01-10,56.14,108.83,11.65,2.5,26.75,23.58,129.0,Moderate
Ahmedabad,2020-01-11,59.96,109.98,14.37,2.38,45.44,23.58,114.0,Moderate
Ahmedabad,2020-01-12,83.9,152.94,20.66,8.81,58.01,23.56,212.0,Poor
Ahmedabad,2020-01-13,89.34,143.84,19.05,8.08,62.71,23.69,368.0,Very Poor
Ahmedabad,2020-01-14,39.83,44.53,16.42,3.26,25.78,23.62,189.0,Moderate
Ahmedabad,2020-01-15,53.27,90.4,16.01,3.59,19.5,23.66,142.0,Moderate
Ahmedabad,2020-01-16,40.07,79.32,13.41,3.75,10.67,23.6,152.0,Moderate
Ahmedabad,2020-01-17,80.24,219.84,15.61,20.06,36.88,23.62,334.0,Very Poor
Ahmedabad,2020-01-18,59.51,106.43,25.39,24.98,71.69,23.57,547.0,Severe
Ahmedabad,2020-01-19,36.05,79.23,22.26,13.05,46.67,23.6,375.0,Very Poor
Ahmedabad,2020-01-20,36.21,82.86,15.65,20.86,44.86,23.6,384.0,Very Poor
Ahmedabad,2020-01-21,51.15,123.03,25.32,33.0,84.52,23.61,529.0,Severe
Ahmedabad,2020-01-22,51.32,121.82,23.56,20.18,50.3,23.6,449.0,Severe
Ahmedabad,2020-01-23,38.71,88.47,16.11,10.39,34.63,23.56,483.0,Severe
Ahmedabad,2020-01-28,18.03,66.54,18.02,11.31,35.39,30.29,289.0,Poor
Ahmedabad,2020-01-29,28.77,73.99,21.98,20.76,40.13,32.37,204.0,Poor
Ahmedabad,2020-01-30,41.74,92.88,26.88,36.07,100.04,30.37,528.0,Severe
Ahmedabad,2020-01-31,57.28,109.84,50.06,36.16,83.08,34.61,660.0,Severe
Ahmedabad,2020-02-01,88.79,125.19,54.23,15.2,56.67,45.39,483.0,Severe
Ahmedabad,2020-02-02,52.31,97.67,38.28,9.38,36.8,26.07,336.0,Very Poor
Ahmedabad,2020-02-03,68.19,106.14,45.94,10.08,31.18,43.72,272.0,Poor
Ahmedabad,2020-02-04,80.59,127.97,59.9,29.48,48.18,41.9,571.0,Severe
Ahmedabad,2020-02-05,77.56,137.39,59.03,30.93,59.11,36.15,568.0,Severe
Ahmedabad,2020-02-06,56.5,121.52,55.49,6.1,51.41,41.16,387.0,Very Poor
Ahmedabad,2020-02-07,66.87,127.71,53.47,23.75,47.32,53.97,322.0,Very Poor
Ahmedabad,2020-02-08,95.25,160.18,54.77,14.56,55.99,68.81,652.0,Severe
Ahmedabad,2020-02-10,64.94,116.45,47.28,8.62,31.84,71.69,223.0,Poor
Ahmedabad,2020-02-11,79.58,145.12,55.78,12.48,48.28,42.4,340.0,Very Poor
Ahmedabad,2020-02-12,83.67,164.2,56.27,27.61,52.9,44.73,475.0,Severe
Ahmedabad,2020-02-13,88.83,182.12,45.43,57.7,40.9,51.73,974.0,Severe
Ahmedabad,2020-02-14,50.55,116.51,57.55,18.72,54.6,31.28,412.0,Severe
Ahmedabad,2020-02-15,73.04,136.02,67.15,24.78,57.08,53.88,480.0,Severe
Ahmedabad,2020-02-16,59.47,124.36,63.11,14.28,66.39,76.89,388.0,Very Poor
Ahmedabad,2020-02-17,62.48,147.78,50.12,43.22,57.29,63.76,543.0,Severe
Ahmedabad,2020-02-18,85.33,163.52,54.08,59.34,64.71,75.45,1226.0,Severe
Ahmedabad,2020-02-19,114.79,217.94,80.38,42.62,118.91,43.63,1291.0,Severe
Ahmedabad,2020-02-20,65.74,164.24,70.75,22.33,72.14,50.08,493.0,Severe
Ahmedabad,2020-02-21,60.61,133.31,52.78,10.49,52.84,38.67,407.0,Severe
Ahmedabad,2020-02-22,36.35,97.03,52.87,4.78,42.9,52.15,168.0,Moderate
Ahmedabad,2020-02-23,54.06,104.74,51.33,4.22,48.07,39.74,219.0,Poor
Ahmedabad,2020-02-24,68.68,141.39,74.32,10.92,42.37,44.44,282.0,Poor
Ahmedabad,2020-02-25,73.18,193.22,94.67,31.41,62.73,46.23,528.0,Severe
Ahmedabad,2020-02-26,137.81,242.98,124.33,70.45,103.5,37.79,983.0,Severe
Ahmedabad,2020-02-27,94.27,177.11,92.35,92.96,68.76,52.7,1262.0,Severe
Ahmedabad,2020-02-28,79.68,169.52,91.2,57.77,64.67,50.27,962.0,Severe
Ahmedabad,2020-02-29,53.86,136.6,75.13,17.8,64.67,52.74,421.0,Severe
Ahmedabad,2020-03-01,53.06,123.32,59.64,22.34,70.8,41.7,475.0,Severe
Ahmedabad,2020-03-02,56.2,149.92,62.85,23.13,81.42,34.18,508.0,Severe
Ahmedabad,2020-03-03,77.58,155.65,60.32,21.26,119.95,39.83,460.0,Severe
Ahmedabad,2020-03-04,49.16,125.88,31.08,7.4,51.07,45.99,246.0,Poor
Ahmedabad,2020-03-05,43.75,115.5,24.16,8.43,63.99,38.62,261.0,Poor
Ahmedabad,2020-03-06,54.05,128.08,28.74,10.7,61.9,45.82,308.0,Very Poor
Ahmedabad,2020-03-07,51.32,140.9,41.31,12.19,45.6,64.01,359.0,Very Poor
Ahmedabad,2020-03-09,37.02,90.26,32.91,5.55,42.98,67.75,170.0,Moderate
Ahmedabad,2020-03-10,37.67,94.36,17.52,2.28,26.68,16.92,116.0,Moderate
Ahmedabad,2020-03-11,31.12,80.79,21.51,3.56,19.43,16.68,152.0,Moderate
Ahmedabad,2020-03-13,41.72,97.7,24.99,6.95,27.3,72.25,302.0,Very Poor
Ahmedabad,2020-03-14,39.57,111.46,35.3,4.0,49.34,39.51,170.0,Moderate
Ahmedabad,2020-03-15,39.42,115.8,31.33,5.11,27.4,33.16,215.0,Poor
Ahmedabad,2020-03-16,36.03,90.32,34.32,3.89,28.6,53.81,222.0,Poor
Ahmedabad,2020-03-18,58.54,124.58,44.39,15.45,42.86,81.35,487.0,Severe
Ahmedabad,2020-03-19,101.09,162.86,43.66,15.07,42.07,44.44,988.0,Severe
Ahmedabad,2020-03-21,74.43,132.17,31.56,9.82,67.89,36.14,296.0,Poor
Ahmedabad,2020-03-22,48.16,122.17,18.27,5.47,52.62,33.69,180.0,Moderate
Ahmedabad,2020-03-23,44.61,112.32,31.4,4.98,34.25,49.45,247.0,Poor
Ahmedabad,2020-03-24,31.89,98.52,25.2,2.96,44.87,47.99,135.0,Moderate
Ahmedabad,2020-03-25,33.25,91.38,33.45,4.28,61.4,38.86,195.0,Moderate
Ahmedabad,2020-03-26,43.67,91.12,26.61,7.11,34.72,39.74,216.0,Poor
Ahmedabad,2020-03-27,22.93,37.12,18.52,5.23,16.19,34.41,193.0,Moderate
Ahmedabad,2020-03-28,37.73,72.43,35.52,4.67,16.06,34.72,160.0,Moderate
Ahmedabad,2020-03-29,20.67,75.48,26.98,3.08,22.76,40.17,125.0,Moderate
Ahmedabad,2020-03-30,28.55,89.1,38.65,4.11,19.14,31.5,140.0,Moderate
Ahmedabad,2020-03-31,29.97,98.96,22.08,3.85,32.01,36.86,145.0,Moderate
Ahmedabad,2020-04-01,24.79,86.06,21.29,4.5,22.16,36.76,153.0,Moderate
Ahmedabad,2020-04-02,25.52,88.12,24.24,4.46,18.54,38.17,164.0,Moderate
Ahmedabad,2020-04-03,33.48,87.96,41.44,4.51,23.84,46.53,173.0,Moderate
Ahmedabad,2020-04-04,39.44,84.83,39.88,3.82,27.53,58.08,182.0,Moderate
Ahmedabad,2020-04-05,43.77,87.96,40.99,3.35,31.4,53.61,152.0,Moderate
Ahmedabad,2020-04-06,46.64,95.3,29.6,3.75,22.2,49.67,145.0,Moderate
Ahmedabad,2020-04-07,45.8,104.5,16.8,3.87,31.04,48.2,159.0,Moderate
Ahmedabad,2020-04-08,36.3,90.07,15.65,5.19,30.8,49.83,183.0,Moderate
Ahmedabad,2020-04-09,32.12,89.74,21.61,5.07,20.75,62.53,168.0,Moderate
Ahmedabad,2020-04-10,30.73,78.56,28.65,0.59,32.01,42.61,113.0,Moderate
Ahmedabad,2020-04-11,30.18,74.99,34.81,0.45,25.09,39.0,89.0,Satisfactory
Ahmedabad,2020-04-12,26.7,72.83,27.0,0.36,21.57,42.16,101.0,Moderate
Ahmedabad,2020-04-13,18.77,61.54,23.01,0.39,26.86,47.88,95.0,Satisfactory
Ahmedabad,2020-04-14,31.16,72.09,25.9,0.37,21.85,43.35,89.0,Satisfactory
Ahmedabad,2020-04-15,23.69,64.81,17.18,0.43,23.5,44.04,88.0,Satisfactory
Ahmedabad,2020-04-16,38.65,81.47,26.76,0.36,22.03,54.24,95.0,Satisfactory
Ahmedabad,2020-04-17,30.8,76.25,25.97,0.36,18.03,37.28,92.0,Satisfactory
Ahmedabad,2020-04-18,30.69,107.31,22.57,0.41,36.24,39.3,96.0,Satisfactory
Ahmedabad,2020-04-19,21.27,65.12,13.93,0.36,21.0,40.56,99.0,Satisfactory
Ahmedabad,2020-04-20,29.84,77.98,15.77,0.34,25.22,38.31,86.0,Satisfactory
Ahmedabad,2020-04-21,27.81,73.99,16.32,0.39,19.16,38.23,87.0,Satisfactory
Ahmedabad,2020-04-22,32.11,94.34,17.95,0.45,15.83,42.22,101.0,Moderate
Ahmedabad,2020-04-23,31.67,81.09,16.17,0.35,32.39,43.6,106.0,Moderate
Ahmedabad,2020-04-24,27.19,82.36,16.13,0.28,20.59,51.81,110.0,Moderate
Ahmedabad,2020-04-25,28.25,70.48,13.88,0.38,16.51,41.74,98.0,Satisfactory
Ahmedabad,2020-04-26,25.91,73.35,13.82,0.4,10.58,44.44,101.0,Moderate
Ahmedabad,2020-04-27,31.76,81.16,19.95,0.46,29.73,52.46,117.0,Moderate
Ahmedabad,2020-04-28,32.55,87.41,23.58,0.46,42.86,50.2,130.0,Moderate
Ahmedabad,2020-04-29,27.15,76.73,24.82,0.67,32.97,54.81,122.0,Moderate
Ahmedabad,2020-04-30,26.93,74.38,17.05,0.46,37.7,56.97,128.0,Moderate
Ahmedabad,2020-05-01,28.71,89.91,13.32,0.54,26.36,49.97,128.0,Moderate
Ahmedabad,2020-05-02,22.56,63.23,15.16,0.56,25.87,55.72,131.0,Moderate
Ahmedabad,2020-05-03,23.82,62.1,16.38,0.64,22.71,54.35,121.0,Moderate
Ahmedabad,2020-05-04,23.73,69.88,15.87,0.73,20.04,58.72,130.0,Moderate
Ahmedabad,2020-05-05,33.47,134.83,29.05,0.54,2.42,54.8,143.0,Moderate
Ahmedabad,2020-06-02,131.88,173.4,41.56,0.45,20.08,34.26,152.0,Moderate
Ahmedabad,2020-06-04,26.08,84.25,37.3,0.79,21.29,56.78,101.0,Moderate
Ahmedabad,2020-06-05,30.72,88.9,33.6,0.63,14.73,4.08,92.0,Satisfactory
Ahmedabad,2020-06-06,33.19,65.77,39.76,0.71,14.4,40.28,95.0,Satisfactory
Ahmedabad,2020-06-07,20.67,69.5,34.11,0.82,13.05,36.32,93.0,Satisfactory
Ahmedabad,2020-06-08,22.92,70.97,28.47,0.57,11.6,30.16,97.0,Satisfactory
Ahmedabad,2020-06-09,21.17,81.73,25.68,0.86,12.69,39.69,84.0,Satisfactory
Ahmedabad,2020-06-10,23.62,94.06,20.92,0.85,16.22,44.32,101.0,Moderate
Ahmedabad,2020-06-11,20.4,66.21,26.94,0.68,18.41,37.38,92.0,Satisfactory
Ahmedabad,2020-06-12,21.4,93.89,22.4,0.85,16.27,45.05,105.0,Moderate
Ahmedabad,2020-06-13,21.72,62.28,28.15,1.18,17.51,30.53,98.0,Satisfactory
Ahmedabad,2020-06-14,24.1,87.14,27.53,0.86,20.82,35.29,96.0,Satisfactory
Ahmedabad,2020-06-15,21.21,92.72,31.93,0.85,19.3,33.59,96.0,Satisfactory
Ahmedabad,2020-06-16,31.49,94.09,24.73,0.85,11.26,38.44,80.0,Satisfactory
Ahmedabad,2020-06-17,14.79,11.5,19.65,0.81,9.4,18.2,95.0,Satisfactory
Ahmedabad,2020-06-19,17.65,135.16,33.84,0.71,9.9,40.03,108.0,Moderate
Ahmedabad,2020-06-20,22.9,120.7,15.81,0.5,10.1,46.04,124.0,Moderate
Ahmedabad,2020-06-21,24.28,138.12,12.44,0.7,11.45,57.31,106.0,Moderate
Ahmedabad,2020-06-22,19.02,98.37,16.76,0.52,13.32,45.85,75.0,Satisfactory
Ahmedabad,2020-06-23,22.2,88.99,15.67,0.51,13.0,64.75,85.0,Satisfactory
Ahmedabad,2020-06-25,32.56,142.43,24.83,0.65,11.73,40.54,95.0,Satisfactory
Ahmedabad,2020-06-26,36.48,150.65,30.78,0.59,10.41,44.47,93.0,Satisfactory
Ahmedabad,2020-06-27,62.12,118.67,56.35,0.49,12.44,68.05,92.0,Satisfactory
Ahmedabad,2020-06-29,29.75,127.98,25.15,0.67,12.1,34.99,74.0,Satisfactory
Ahmedabad,2020-06-30,40.02,121.1,58.92,0.73,16.39,41.64,98.0,Satisfactory
Bengaluru,2015-11-07,31.44,70.46,15.85,1.22,1.94,17.98,60.0,Satisfactory
Bengaluru,2015-11-10,12.63,43.64,6.81,1.48,2.05,41.66,51.0,Satisfactory
Bengaluru,2015-11-13,28.22,153.3,21.5,2.09,2.69,34.32,61.0,Satisfactory
Bengaluru,2015-11-14,42.42,156.84,29.94,1.56,2.23,31.35,130.0,Moderate
Bengaluru,2015-11-15,42.23,59.94,18.86,1.64,2.16,34.8,99.0,Satisfactory
Bengaluru,2015-11-16,16.03,16.77,18.34,1.61,2.31,35.48,91.0,Satisfactory
Bengaluru,2015-11-19,21.99,39.86,16.44,1.73,2.95,9.98,103.0,Moderate
Bengaluru,2015-11-20,13.89,31.44,12.14,1.72,2.5,4.56,74.0,Satisfactory
Bengaluru,2015-11-23,19.66,36.84,16.37,1.35,2.83,4.09,75.0,Satisfactory
Bengaluru,2015-11-24,20.35,33.97,20.64,1.36,2.59,7.77,85.0,Satisfactory
Bengaluru,2015-11-25,34.39,36.29,28.8,2.48,3.76,14.63,141.0,Moderate
Bengaluru,2015-11-26,43.91,43.65,29.33,1.52,3.44,14.8,90.0,Satisfactory
Bengaluru,2015-11-27,44.14,112.78,26.64,2.18,4.3,25.57,126.0,Moderate
Bengaluru,2015-11-28,44.94,114.34,28.1,2.3,4.7,29.1,147.0,Moderate
Bengaluru,2015-11-29,29.35,75.79,21.21,1.55,4.55,29.03,87.0,Satisfactory
Bengaluru,2015-11-30,15.34,53.7,22.22,1.13,4.45,8.84,56.0,Satisfactory
Bengaluru,2015-12-01,14.18,55.71,25.86,1.63,5.14,9.89,88.0,Satisfactory
Bengaluru,2015-12-02,13.36,33.82,24.04,1.7,11.07,8.15,67.0,Satisfactory
Bengaluru,2015-12-03,19.86,72.72,33.56,1.47,8.32,9.51,74.0,Satisfactory
Bengaluru,2015-12-04,28.35,102.15,32.95,2.03,6.08,21.38,105.0,Moderate
Bengaluru,2015-12-05,25.04,89.26,33.02,1.72,5.43,26.44,103.0,Moderate
Bengaluru,2015-12-07,41.16,85.25,34.42,1.88,5.24,27.26,65.0,Satisfactory
Bengaluru,2015-12-08,46.33,82.86,44.41,1.81,5.81,19.1,102.0,Moderate
Bengaluru,2015-12-09,48.01,78.58,39.78,1.84,4.86,6.32,94.0,Satisfactory
Bengaluru,2015-12-10,35.48,58.04,35.58,1.92,5.27,3.36,86.0,Satisfactory
Bengaluru,2015-12-11,32.95,79.07,41.05,2.07,5.94,2.3,89.0,Satisfactory
Bengaluru,2015-12-12,50.19,73.43,57.62,1.78,5.34,2.33,99.0,Satisfactory
Bengaluru,2015-12-13,34.57,64.09,42.88,1.68,4.79,2.16,92.0,Satisfactory
Bengaluru,2015-12-14,52.06,56.71,27.66,1.33,4.38,1.87,85.0,Satisfactory
Bengaluru,2015-12-15,39.67,100.76,22.28,1.44,2.72,1.83,83.0,Satisfactory
Bengaluru,2015-12-16,50.47,56.41,37.1,1.93,3.65,6.68,92.0,Satisfactory
Bengaluru,2015-12-17,41.04,62.41,40.72,1.55,5.21,17.03,95.0,Satisfactory
Bengaluru,2015-12-18,56.62,85.88,57.36,2.67,6.99,17.28,103.0,Moderate
Bengaluru,2015-12-19,42.57,78.99,49.4,2.08,5.34,17.37,105.0,Moderate
Bengaluru,2015-12-20,60.44,65.74,43.97,1.44,5.29,20.05,97.0,Satisfactory
Bengaluru,2015-12-21,48.4,72.52,53.53,1.18,5.5,21.95,102.0,Moderate
Bengaluru,2015-12-22,49.54,84.48,65.66,1.32,5.61,20.0,104.0,Moderate
Bengaluru,2015-12-23,49.42,74.68,55.38,1.62,5.47,24.06,96.0,Satisfactory
Bengaluru,2015-12-24,61.58,81.49,56.16,1.29,5.38,36.04,114.0,Moderate
Bengaluru,2015-12-25,68.48,81.97,51.22,1.25,5.66,40.78,110.0,Moderate
Bengaluru,2015-12-26,57.15,63.84,42.79,1.2,5.44,41.39,109.0,Moderate
Bengaluru,2015-12-27,76.35,76.37,42.69,1.54,5.71,59.62,115.0,Moderate
Bengaluru,2015-12-28,85.66,83.91,56.3,1.77,6.01,59.5,149.0,Moderate
Bengaluru,2015-12-29,49.06,73.13,54.12,1.58,6.39,31.55,122.0,Moderate
Bengaluru,2015-12-30,48.16,74.0,59.75,0.85,6.94,31.0,91.0,Satisfactory
Bengaluru,2015-12-31,71.06,74.39,61.97,1.49,7.22,36.94,131.0,Moderate
Bengaluru,2016-01-01,56.4,95.08,51.73,0.69,7.44,55.96,101.0,Moderate
Bengaluru,2016-01-02,53.69,93.92,73.09,0.76,8.67,34.06,92.0,Satisfactory
Bengaluru,2016-01-03,62.35,99.34,77.77,0.96,9.1,47.62,108.0,Moderate
Bengaluru,2016-01-04,64.96,104.62,77.07,0.89,8.87,50.62,109.0,Moderate
Bengaluru,2016-01-05,70.15,105.12,79.43,0.85,9.41,36.94,114.0,Moderate
Bengaluru,2016-01-06,68.22,91.74,68.5,0.93,14.23,45.98,121.0,Moderate
Bengaluru,2016-01-07,68.74,74.3,53.25,0.79,23.65,23.19,116.0,Moderate
Bengaluru,2016-01-08,67.9,62.77,51.09,0.66,14.17,8.59,117.0,Moderate
Bengaluru,2016-01-09,79.8,74.11,64.04,0.79,14.65,10.66,143.0,Moderate
Bengaluru,2016-01-10,76.18,63.19,46.46,0.8,15.02,14.39,168.0,Moderate
Bengaluru,2016-01-11,61.48,53.24,39.43,0.78,11.53,19.51,122.0,Moderate
Bengaluru,2016-01-13,70.78,160.0,55.91,1.02,10.59,24.48,146.0,Moderate
Bengaluru,2016-01-14,75.01,172.02,70.58,0.84,13.99,22.94,152.0,Moderate
Bengaluru,2016-01-15,42.84,160.87,50.76,0.78,17.8,25.71,119.0,Moderate
Bengaluru,2016-01-16,77.23,235.32,83.2,1.02,15.22,22.72,130.0,Moderate
Bengaluru,2016-01-17,68.98,149.82,110.24,0.78,14.5,17.73,253.0,Poor
Bengaluru,2016-01-18,73.89,133.08,77.38,0.97,18.94,20.92,219.0,Poor
Bengaluru,2016-01-19,75.45,113.92,72.62,0.98,24.0,23.09,146.0,Moderate
Bengaluru,2016-01-20,78.07,122.54,45.06,0.97,24.02,17.64,170.0,Moderate
Bengaluru,2016-01-21,53.45,62.27,34.63,0.93,18.54,20.57,117.0,Moderate
Bengaluru,2016-01-22,63.58,150.78,41.69,1.15,13.94,22.0,113.0,Moderate
Bengaluru,2016-01-23,57.91,133.63,29.72,1.08,11.77,11.02,146.0,Moderate
Bengaluru,2016-01-24,41.36,92.58,35.97,0.99,5.66,15.4,102.0,Moderate
Bengaluru,2016-01-25,51.7,121.42,51.13,1.23,7.78,18.12,98.0,Satisfactory
Bengaluru,2016-01-26,54.34,108.47,45.69,1.04,8.68,26.95,104.0,Moderate
Bengaluru,2016-01-27,54.33,76.37,41.42,1.05,8.73,17.6,91.0,Satisfactory
Bengaluru,2016-01-28,84.84,50.03,36.42,1.16,2.96,17.21,118.0,Moderate
Bengaluru,2016-01-29,87.02,83.23,36.39,1.12,3.02,26.32,175.0,Moderate
Bengaluru,2016-01-30,71.42,130.22,37.09,1.21,4.28,23.31,149.0,Moderate
Bengaluru,2016-01-31,119.16,218.27,48.59,1.32,6.07,23.3,183.0,Moderate
Bengaluru,2016-02-01,84.45,158.01,55.88,1.85,6.34,17.17,184.0,Moderate
Bengaluru,2016-02-02,76.8,159.14,55.92,1.39,5.9,15.86,156.0,Moderate
Bengaluru,2016-02-03,75.57,193.59,62.78,1.9,5.54,25.77,153.0,Moderate
Bengaluru,2016-02-04,74.6,152.36,49.76,1.6,5.13,28.21,141.0,Moderate
Bengaluru,2016-02-05,72.11,121.86,49.34,1.37,4.07,31.13,139.0,Moderate
Bengaluru,2016-02-06,63.42,169.11,45.84,1.81,3.74,32.4,154.0,Moderate
Bengaluru,2016-02-07,82.78,351.51,84.52,3.28,2.76,37.66,199.0,Moderate
Bengaluru,2016-02-08,75.98,154.26,46.99,1.59,3.49,31.18,182.0,Moderate
Bengaluru,2016-02-09,85.33,223.57,59.41,2.19,9.71,35.63,175.0,Moderate
Bengaluru,2016-02-10,84.32,256.75,46.66,2.2,14.25,49.77,191.0,Moderate
Bengaluru,2016-02-11,91.95,190.47,45.44,2.06,23.66,58.94,203.0,Poor
Bengaluru,2016-02-12,83.66,164.48,49.77,1.7,5.25,67.3,154.0,Moderate
Bengaluru,2016-02-13,85.96,146.45,56.54,1.69,4.73,63.27,160.0,Moderate
Bengaluru,2016-02-14,62.08,113.87,43.41,1.46,3.14,57.1,136.0,Moderate
Bengaluru,2016-02-15,56.57,100.3,35.08,1.73,4.27,37.83,107.0,Moderate
Bengaluru,2016-02-16,42.58,108.68,23.5,1.51,3.45,31.32,88.0,Satisfactory
Bengaluru,2016-02-17,49.6,145.32,24.34,1.66,4.46,25.02,105.0,Moderate
Bengaluru,2016-02-18,54.56,138.17,19.86,1.51,4.12,29.33,111.0,Moderate
Bengaluru,2016-02-19,44.26,146.23,26.16,1.51,3.9,42.53,117.0,Moderate
Bengaluru,2016-02-20,53.12,116.89,30.94,1.47,3.2,36.37,113.0,Moderate
Bengaluru,2016-02-21,57.32,107.54,34.98,1.45,2.88,49.63,115.0,Moderate
Bengaluru,2016-02-22,90.07,127.67,32.23,1.57,3.26,38.32,145.0,Moderate
Bengaluru,2016-02-23,134.69,142.12,32.14,1.12,2.99,42.23,177.0,Moderate
Bengaluru,2016-02-24,110.05,100.07,38.67,0.94,4.85,59.43,198.0,Moderate
Bengaluru,2016-02-25,66.98,100.6,37.3,0.73,6.91,64.9,165.0,Moderate
Bengaluru,2016-02-26,51.96,102.39,28.51,0.94,5.29,37.26,124.0,Moderate
Bengaluru,2016-02-27,36.28,98.29,41.88,0.81,3.09,30.33,88.0,Satisfactory
Bengaluru,2016-02-28,35.63,115.9,47.36,0.79,3.52,29.08,88.0,Satisfactory
Bengaluru,2016-02-29,41.64,144.04,30.64,1.01,3.16,39.28,105.0,Moderate
Bengaluru,2016-03-01,39.21,154.64,42.55,0.84,3.5,37.68,118.0,Moderate
Bengaluru,2016-03-02,42.17,134.78,33.44,0.56,2.24,31.99,132.0,Moderate
Bengaluru,2016-03-03,54.91,148.57,31.09,0.58,1.91,49.42,121.0,Moderate
Bengaluru,2016-03-04,54.04,137.04,38.09,0.62,2.45,42.21,136.0,Moderate
Bengaluru,2016-03-05,55.72,132.73,31.96,1.68,2.36,38.54,153.0,Moderate
Bengaluru,2016-03-06,45.98,120.86,22.73,0.77,2.12,49.65,135.0,Moderate
Bengaluru,2016-03-07,43.69,120.32,24.23,0.58,2.05,45.07,111.0,Moderate
Bengaluru,2016-03-08,44.74,122.4,41.83,1.41,2.82,49.67,135.0,Moderate
Bengaluru,2016-03-09,51.06,150.19,47.14,0.97,4.02,38.62,123.0,Moderate
Bengaluru,2016-03-10,53.1,161.1,43.2,1.51,3.14,35.52,146.0,Moderate
Bengaluru,2016-03-11,60.7,173.24,36.11,1.03,3.61,40.0,155.0,Moderate
Bengaluru,2016-03-12,59.53,163.88,26.64,0.86,3.0,58.17,144.0,Moderate
Bengaluru,2016-03-13,64.29,144.67,21.86,0.57,2.75,68.09,149.0,Moderate
Bengaluru,2016-03-14,67.65,148.74,33.09,0.79,2.95,77.42,158.0,Moderate
Bengaluru,2016-03-15,68.48,144.33,36.46,1.28,2.93,47.78,175.0,Moderate
Bengaluru,2016-03-16,76.33,144.2,39.12,1.19,2.85,98.66,139.0,Moderate
Bengaluru,2016-03-17,72.22,151.36,25.76,0.89,3.24,39.82,145.0,Moderate
Bengaluru,2016-03-18,60.58,194.0,18.32,0.96,2.89,35.81,151.0,Moderate
Bengaluru,2016-03-19,98.29,206.35,32.29,1.22,2.53,33.32,158.0,Moderate
Bengaluru,2016-03-21,121.43,164.52,59.53,0.91,2.47,56.77,264.0,Poor
Bengaluru,2016-03-22,66.36,190.04,62.46,0.98,3.93,43.14,155.0,Moderate
Bengaluru,2016-03-23,29.73,186.28,46.26,0.52,2.38,49.68,137.0,Moderate
Bengaluru,2016-03-24,34.49,180.42,34.43,0.92,3.92,46.87,119.0,Moderate
Bengaluru,2016-03-25,32.59,183.03,28.33,0.9,3.22,55.02,137.0,Moderate
Bengaluru,2016-03-26,56.05,165.97,29.32,2.11,5.56,57.03,149.0,Moderate
Bengaluru,2016-03-27,63.5,175.45,30.19,0.82,5.39,89.88,156.0,Moderate
Bengaluru,2016-03-28,57.92,157.8,35.15,0.86,6.06,48.81,123.0,Moderate
Bengaluru,2016-03-29,48.28,162.1,23.54,0.87,3.42,40.43,118.0,Moderate
Bengaluru,2016-03-30,42.65,142.17,25.51,0.86,4.7,35.06,107.0,Moderate
Bengaluru,2016-03-31,50.78,156.52,32.46,0.82,3.72,44.42,111.0,Moderate
Bengaluru,2016-04-01,49.33,150.05,35.55,0.87,4.51,38.74,106.0,Moderate
Bengaluru,2016-04-02,51.78,159.41,36.29,0.62,2.51,34.73,112.0,Moderate
Bengaluru,2016-04-03,53.54,157.92,26.49,1.0,2.97,34.38,110.0,Moderate
Bengaluru,2016-04-04,54.8,165.25,39.97,0.85,4.65,26.66,114.0,Moderate
Bengaluru,2016-04-05,49.84,215.52,50.15,1.11,4.27,29.98,118.0,Moderate
Bengaluru,2016-04-06,63.16,254.77,52.29,1.18,3.67,43.57,154.0,Moderate
Bengaluru,2016-04-07,46.24,208.97,17.79,1.19,3.17,67.46,179.0,Moderate
Bengaluru,2016-04-08,34.18,318.02,17.37,1.03,2.2,58.76,102.0,Moderate
Bengaluru,2016-04-09,33.01,152.78,38.54,1.13,3.61,53.57,170.0,Moderate
Bengaluru,2016-04-10,31.3,144.68,19.45,1.03,2.75,62.4,112.0,Moderate
Bengaluru,2016-04-11,31.68,159.23,19.05,1.86,2.87,58.82,138.0,Moderate
Bengaluru,2016-04-12,36.98,177.82,14.71,1.25,3.1,74.34,121.0,Moderate
Bengaluru,2016-04-13,36.88,159.45,30.43,0.81,5.44,60.73,118.0,Moderate
Bengaluru,2016-04-14,35.46,224.24,31.64,1.08,3.19,109.97,171.0,Moderate
Bengaluru,2016-04-15,35.31,196.65,18.99,1.07,3.9,76.46,156.0,Moderate
Bengaluru,2016-04-16,34.85,171.26,10.08,1.02,3.06,67.25,140.0,Moderate
Bengaluru,2016-04-17,36.9,145.98,9.89,0.78,2.36,77.75,114.0,Moderate
Bengaluru,2016-04-18,38.81,158.75,16.09,1.37,2.74,49.33,138.0,Moderate
Bengaluru,2016-04-19,34.65,134.47,12.86,1.87,2.71,50.77,137.0,Moderate
Bengaluru,2016-04-20,31.89,160.06,19.53,1.65,3.82,62.54,134.0,Moderate
Bengaluru,2016-04-21,33.61,168.98,13.97,0.64,6.92,65.97,119.0,Moderate
Bengaluru,2016-04-22,34.83,130.54,10.21,0.94,4.09,48.47,98.0,Satisfactory
Bengaluru,2016-04-23,39.01,107.52,19.84,0.98,3.9,49.78,107.0,Moderate
Bengaluru,2016-04-24,39.53,92.73,19.55,2.09,4.16,47.44,150.0,Moderate
Bengaluru,2016-04-25,37.17,103.22,16.25,0.71,3.39,47.77,94.0,Satisfactory
Bengaluru,2016-04-26,39.88,68.46,21.35,0.72,3.74,56.94,85.0,Satisfactory
Bengaluru,2016-04-27,32.59,56.09,22.96,1.53,5.23,43.48,115.0,Moderate
Bengaluru,2016-04-28,47.42,54.05,22.55,0.6,5.65,39.29,74.0,Satisfactory
Bengaluru,2016-04-29,48.78,58.28,23.05,0.67,4.34,47.83,88.0,Satisfactory
Bengaluru,2016-04-30,46.6,59.08,20.19,0.82,4.12,53.75,86.0,Satisfactory
Bengaluru,2016-05-01,35.86,63.4,23.12,0.49,4.17,74.38,87.0,Satisfactory
Bengaluru,2016-05-02,39.87,63.61,28.17,0.62,5.62,68.49,99.0,Satisfactory
Bengaluru,2016-05-03,40.79,63.42,43.48,0.6,4.37,46.14,80.0,Satisfactory
Bengaluru,2016-05-04,57.96,56.57,32.02,0.55,4.58,45.77,102.0,Moderate
Bengaluru,2016-05-05,46.0,58.14,34.28,0.66,7.17,40.96,76.0,Satisfactory
Bengaluru,2016-05-06,23.99,35.12,19.03,1.15,4.1,95.21,59.0,Satisfactory
Bengaluru,2016-05-07,27.21,44.02,34.02,0.69,3.15,53.32,67.0,Satisfactory
Bengaluru,2016-05-08,26.43,42.02,75.84,0.6,2.89,52.09,107.0,Moderate
Bengaluru,2016-05-09,20.46,34.82,26.1,0.6,3.66,58.13,95.0,Satisfactory
Bengaluru,2016-05-10,32.5,230.2,20.91,0.99,4.01,50.62,72.0,Satisfactory
Bengaluru,2016-05-11,57.81,50.58,12.56,0.88,3.11,45.59,91.0,Satisfactory
Bengaluru,2016-05-12,31.19,54.8,14.44,0.67,3.77,54.95,88.0,Satisfactory
Bengaluru,2016-05-13,34.06,45.82,10.89,0.72,4.08,70.86,86.0,Satisfactory
Bengaluru,2016-05-14,33.05,52.87,31.46,0.61,2.78,53.86,78.0,Satisfactory
Bengaluru,2016-05-15,28.39,46.27,11.86,0.46,2.94,41.46,65.0,Satisfactory
Bengaluru,2016-05-16,27.01,39.39,18.35,0.91,4.16,22.93,50.0,Good
Bengaluru,2016-05-17,36.67,42.55,21.65,0.61,3.71,20.18,74.0,Satisfactory
Bengaluru,2016-05-18,27.51,41.15,23.46,0.47,5.04,20.14,47.0,Good
Bengaluru,2016-05-19,28.47,29.97,5.53,0.56,4.42,32.59,46.0,Good
Bengaluru,2016-05-20,22.27,33.48,10.54,0.52,3.81,30.79,48.0,Good
Bengaluru,2016-05-21,42.52,41.96,8.91,0.42,4.46,29.76,35.0,Good
Bengaluru,2016-05-22,152.94,43.16,9.86,1.08,3.36,27.96,83.0,Satisfactory
Bengaluru,2016-05-23,28.65,52.72,11.01,0.78,3.91,32.6,173.0,Moderate
Bengaluru,2016-05-24,25.75,40.98,6.83,0.42,4.91,31.86,50.0,Good
Bengaluru,2016-06-17,33.9,48.51,18.94,0.97,3.39,14.93,28.0,Good
Bengaluru,2016-06-18,31.98,80.7,20.46,3.8,4.05,9.69,156.0,Moderate
Bengaluru,2016-06-19,26.77,105.43,15.29,4.02,4.64,11.99,195.0,Moderate
Bengaluru,2016-06-20,27.61,72.63,21.69,2.12,4.5,10.92,137.0,Moderate
Bengaluru,2016-06-22,29.83,23.86,17.61,0.33,1.79,31.87,77.0,Satisfactory
Bengaluru,2016-06-23,19.0,15.46,16.91,1.61,1.9,53.33,143.0,Moderate
Bengaluru,2016-06-24,15.04,23.51,17.15,5.43,1.73,65.62,181.0,Moderate
Bengaluru,2016-06-27,16.54,48.92,26.15,3.02,2.1,45.27,33.0,Good
Bengaluru,2016-06-28,27.23,34.13,23.71,3.63,1.87,38.45,151.0,Moderate
Bengaluru,2016-06-29,115.98,17.1,24.19,2.48,1.58,39.09,174.0,Moderate
Bengaluru,2016-06-30,13.95,48.92,20.42,3.55,1.86,39.53,154.0,Moderate
Bengaluru,2016-07-01,25.0,35.36,19.59,5.62,1.26,44.86,208.0,Poor
Bengaluru,2016-07-02,31.8,9.93,15.96,6.28,1.1,51.84,192.0,Moderate
Bengaluru,2016-07-03,17.36,30.52,20.82,7.87,1.54,42.29,238.0,Poor
Bengaluru,2016-07-04,19.4,112.27,23.11,4.04,1.86,33.37,160.0,Moderate
Bengaluru,2016-07-05,18.36,57.25,19.9,2.27,2.18,35.67,83.0,Satisfactory
Bengaluru,2016-08-14,21.57,97.04,14.87,3.59,1.75,19.82,38.0,Good
Bengaluru,2016-08-15,14.38,61.19,12.56,3.34,2.31,21.54,49.0,Good
Bengaluru,2016-08-16,101.09,55.19,12.41,0.56,3.03,20.49,71.0,Satisfactory
Bengaluru,2016-08-17,33.05,83.6,16.2,1.59,2.63,20.28,229.0,Poor
Bengaluru,2016-08-18,39.14,63.13,15.46,0.52,2.72,21.74,68.0,Satisfactory
Bengaluru,2016-08-19,41.43,18.46,18.34,0.47,2.87,26.26,64.0,Satisfactory
Bengaluru,2016-08-20,100.39,13.98,21.01,0.49,3.66,26.14,62.0,Satisfactory
Bengaluru,2016-08-21,56.45,11.73,17.24,0.41,2.72,28.1,66.0,Satisfactory
Bengaluru,2016-08-22,35.4,29.35,15.82,0.22,2.88,22.79,45.0,Good
Bengaluru,2016-08-23,43.43,77.31,16.31,0.38,3.06,25.25,66.0,Satisfactory
Bengaluru,2016-08-24,34.99,73.18,17.43,0.41,3.13,23.74,71.0,Satisfactory
Bengaluru,2016-08-25,15.02,62.79,18.74,0.59,4.94,26.6,75.0,Satisfactory
Bengaluru,2016-08-26,29.31,51.59,23.2,0.39,3.39,25.06,62.0,Satisfactory
Bengaluru,2016-08-27,19.65,66.91,22.46,0.55,3.66,25.17,77.0,Satisfactory
Bengaluru,2016-08-28,6.82,58.75,42.15,0.31,4.72,34.16,48.0,Good
Bengaluru,2016-08-29,27.16,59.6,20.93,0.77,4.62,28.48,47.0,Good
Bengaluru,2016-08-30,27.9,33.7,20.47,0.38,3.08,21.22,57.0,Satisfactory
Bengaluru,2016-08-31,35.17,51.69,19.08,0.42,3.7,20.34,49.0,Good
Bengaluru,2016-09-01,37.57,46.28,22.32,0.48,3.72,21.4,57.0,Satisfactory
Bengaluru,2016-09-02,23.25,72.41,21.96,0.48,4.45,22.36,74.0,Satisfactory
Bengaluru,2016-09-03,31.08,74.7,19.42,0.51,2.9,24.83,68.0,Satisfactory
Bengaluru,2016-09-04,37.35,59.38,20.08,0.38,2.33,22.29,71.0,Satisfactory
Bengaluru,2016-09-05,22.49,51.96,25.1,0.3,2.78,23.62,55.0,Satisfactory
Bengaluru,2016-09-06,37.14,64.32,32.8,0.43,2.93,22.96,59.0,Satisfactory
Bengaluru,2016-09-07,28.89,53.47,40.9,0.53,2.85,24.81,60.0,Satisfactory
Bengaluru,2016-09-08,28.25,65.4,59.8,0.5,2.61,29.82,55.0,Satisfactory
Bengaluru,2016-09-10,43.95,68.24,19.99,0.57,3.55,28.99,84.0,Satisfactory
Bengaluru,2016-09-11,24.72,57.37,21.18,0.36,3.77,22.02,64.0,Satisfactory
Bengaluru,2016-09-13,23.04,48.92,12.98,0.41,9.3,44.94,60.0,Satisfactory
Bengaluru,2016-09-14,13.59,45.66,21.47,0.52,2.96,36.66,60.0,Satisfactory
Bengaluru,2016-09-15,11.1,41.09,29.29,0.97,3.76,39.12,74.0,Satisfactory
Bengaluru,2016-09-16,32.23,57.94,32.53,0.89,7.68,22.05,66.0,Satisfactory
Bengaluru,2016-09-17,41.01,79.93,25.42,0.8,4.59,36.26,70.0,Satisfactory
Bengaluru,2016-09-18,30.9,80.19,33.55,0.51,4.13,16.27,78.0,Satisfactory
Bengaluru,2016-09-19,26.31,49.89,30.0,0.25,3.38,19.1,58.0,Satisfactory
Bengaluru,2016-09-20,32.98,44.55,26.31,0.2,4.3,16.09,47.0,Good
Bengaluru,2016-09-21,43.4,33.79,26.08,0.38,5.07,17.18,40.0,Good
Bengaluru,2016-09-22,32.46,52.66,23.58,0.52,4.53,22.04,58.0,Satisfactory
Bengaluru,2016-09-23,26.6,103.69,21.48,0.46,5.37,16.37,76.0,Satisfactory
Bengaluru,2016-09-24,39.41,102.24,29.0,0.52,3.87,10.98,102.0,Moderate
Bengaluru,2016-09-25,10.22,131.33,33.14,0.43,4.44,10.45,84.0,Satisfactory
Bengaluru,2016-09-26,16.88,116.82,33.42,0.71,4.02,13.28,90.0,Satisfactory
Bengaluru,2016-09-27,17.1,105.03,30.5,0.64,4.07,14.12,85.0,Satisfactory
Bengaluru,2016-09-28,46.14,95.12,26.83,1.08,5.66,14.51,83.0,Satisfactory
Bengaluru,2016-09-29,55.24,71.0,26.2,1.13,4.08,15.05,114.0,Moderate
Bengaluru,2016-09-30,75.42,121.03,17.34,0.46,4.5,31.09,150.0,Moderate
Bengaluru,2016-10-08,27.31,91.1,25.65,0.56,4.59,23.0,91.0,Satisfactory
Bengaluru,2016-10-09,13.51,85.18,27.68,1.11,4.26,15.26,83.0,Satisfactory
Bengaluru,2016-10-10,18.96,72.83,26.66,0.85,4.12,14.68,129.0,Moderate
Bengaluru,2016-10-11,14.61,70.21,24.16,0.73,3.97,15.67,78.0,Satisfactory
Bengaluru,2016-10-12,21.3,74.85,28.0,1.08,4.5,15.17,75.0,Satisfactory
Bengaluru,2016-10-13,25.15,66.38,31.42,1.97,3.65,12.04,141.0,Moderate
Bengaluru,2016-10-15,35.18,154.1,39.16,0.2,4.22,21.95,58.0,Satisfactory
Bengaluru,2016-10-16,32.41,155.04,47.09,0.0,7.07,23.11,73.0,Satisfactory
Bengaluru,2016-10-17,56.36,182.16,38.07,0.52,6.24,4.68,85.0,Satisfactory
Bengaluru,2016-10-19,44.05,191.47,35.85,0.0,6.02,41.74,85.0,Satisfactory
Bengaluru,2016-10-20,62.36,181.92,38.24,0.37,6.46,23.58,75.0,Satisfactory
Bengaluru,2016-10-21,62.74,191.9,35.42,1.12,8.07,23.86,132.0,Moderate
Bengaluru,2016-10-22,97.17,195.61,33.75,0.75,10.52,10.54,176.0,Moderate
Bengaluru,2016-10-23,67.85,184.81,38.05,1.2,7.36,31.08,184.0,Moderate
Bengaluru,2016-10-24,58.78,179.79,41.96,1.18,9.87,22.16,127.0,Moderate
Bengaluru,2016-10-25,80.99,224.1,36.1,1.64,8.46,22.28,163.0,Moderate
Bengaluru,2016-10-26,68.17,116.92,44.78,1.16,4.9,25.13,164.0,Moderate
Bengaluru,2016-10-27,59.61,137.68,46.57,0.83,4.28,29.54,132.0,Moderate
Bengaluru,2016-10-28,62.38,123.91,46.43,0.8,9.04,44.86,116.0,Moderate
Bengaluru,2016-10-29,78.74,130.99,44.4,3.1,4.31,45.04,174.0,Moderate
Bengaluru,2016-10-30,60.79,130.15,38.53,2.97,3.75,23.8,188.0,Moderate
Bengaluru,2016-10-31,36.92,95.71,34.8,0.55,4.92,21.69,88.0,Satisfactory
Bengaluru,2016-11-02,31.26,142.2,39.54,0.42,3.29,26.39,57.0,Satisfactory
Bengaluru,2016-11-03,34.79,111.6,41.17,1.37,2.49,25.26,82.0,Satisfactory
Bengaluru,2016-11-04,55.92,118.8,37.52,0.85,4.84,30.68,88.0,Satisfactory
Bengaluru,2016-11-05,55.03,117.02,29.98,1.16,4.69,34.67,111.0,Moderate
Bengaluru,2016-11-06,41.23,69.46,27.4,0.7,3.85,37.6,90.0,Satisfactory
Bengaluru,2016-11-07,43.91,100.27,31.23,0.83,2.83,36.94,78.0,Satisfactory
Bengaluru,2016-11-08,52.08,109.02,32.63,0.83,6.29,37.14,94.0,Satisfactory
Bengaluru,2016-11-09,46.94,120.41,28.38,0.62,5.16,46.92,95.0,Satisfactory
Bengaluru,2016-11-10,49.03,130.54,30.8,0.76,6.34,62.56,112.0,Moderate
Bengaluru,2016-11-11,57.78,150.94,41.03,0.73,7.64,71.14,124.0,Moderate
Bengaluru,2016-11-12,52.72,127.44,37.57,0.72,8.28,77.53,122.0,Moderate
Bengaluru,2016-11-13,38.42,121.18,38.81,0.63,4.93,57.77,99.0,Satisfactory
Bengaluru,2016-11-14,29.96,82.83,36.67,0.37,5.26,14.2,44.0,Good
Bengaluru,2016-11-15,27.64,56.85,25.66,0.91,5.02,15.65,38.0,Good
Bengaluru,2016-11-16,35.8,130.25,25.46,1.9,5.08,22.33,102.0,Moderate
Bengaluru,2016-11-17,40.13,133.97,34.52,0.99,2.97,48.83,189.0,Moderate
Bengaluru,2016-11-18,43.6,135.71,30.86,0.57,2.5,56.67,101.0,Moderate
Bengaluru,2016-11-21,102.01,182.79,44.31,0.69,3.9,44.48,120.0,Moderate
Bengaluru,2016-11-22,91.6,141.03,31.76,3.0,7.56,16.37,101.0,Moderate
Bengaluru,2016-11-23,47.76,173.09,39.92,2.6,6.66,33.28,335.0,Very Poor
Bengaluru,2016-11-24,86.62,152.15,32.55,1.05,4.88,46.95,140.0,Moderate
Bengaluru,2016-11-25,46.12,158.04,33.94,1.22,4.01,43.76,133.0,Moderate
Bengaluru,2016-11-26,46.87,164.12,36.46,0.89,3.63,38.04,113.0,Moderate
Bengaluru,2016-11-27,53.71,171.52,37.49,0.85,3.52,35.33,117.0,Moderate
Bengaluru,2016-11-28,49.9,176.99,38.97,0.67,6.79,26.27,124.0,Moderate
Bengaluru,2016-11-29,59.3,194.37,37.55,0.81,11.63,31.34,120.0,Moderate
Bengaluru,2016-11-30,49.69,170.26,31.49,1.88,5.34,28.52,160.0,Moderate
Bengaluru,2016-12-01,45.84,137.86,26.72,0.87,4.93,39.83,114.0,Moderate
Bengaluru,2016-12-02,22.14,78.55,26.06,0.72,3.55,20.83,103.0,Moderate
Bengaluru,2016-12-03,18.3,102.86,30.35,0.82,4.06,11.42,67.0,Satisfactory
Bengaluru,2016-12-04,24.44,136.05,23.2,1.66,3.15,8.61,125.0,Moderate
Bengaluru,2016-12-05,23.63,124.78,30.2,2.95,4.43,9.8,209.0,Poor
Bengaluru,2016-12-06,36.97,155.51,44.45,1.7,3.0,15.37,200.0,Moderate
Bengaluru,2016-12-07,40.72,132.73,44.74,0.65,3.63,20.32,101.0,Moderate
Bengaluru,2016-12-08,32.59,128.54,43.67,0.69,5.58,16.42,85.0,Satisfactory
Bengaluru,2016-12-09,44.96,135.0,40.56,1.19,6.68,13.5,163.0,Moderate
Bengaluru,2016-12-10,30.37,124.8,37.24,0.46,3.47,6.73,75.0,Satisfactory
Bengaluru,2016-12-11,24.98,138.06,42.15,1.76,8.15,8.43,132.0,Moderate
Bengaluru,2016-12-12,42.19,131.75,25.22,1.46,6.85,22.58,119.0,Moderate
Bengaluru,2016-12-14,30.72,180.88,23.41,0.54,2.62,22.5,104.0,Moderate
Bengaluru,2016-12-15,28.47,142.64,37.05,1.15,3.72,12.13,93.0,Satisfactory
Bengaluru,2016-12-16,34.57,137.45,37.38,1.39,4.25,7.08,134.0,Moderate
Bengaluru,2016-12-17,36.97,143.58,38.93,1.63,4.35,13.37,103.0,Moderate
Bengaluru,2016-12-18,35.21,130.91,40.15,0.79,4.81,26.23,90.0,Satisfactory
Bengaluru,2016-12-19,37.8,144.73,40.9,0.73,4.27,25.9,97.0,Satisfactory
Bengaluru,2016-12-20,19.09,121.19,35.67,0.71,3.75,18.88,93.0,Satisfactory
Bengaluru,2016-12-21,19.68,99.9,24.18,0.46,4.19,16.53,74.0,Satisfactory
Bengaluru,2016-12-22,39.64,176.96,30.67,0.28,4.74,28.61,75.0,Satisfactory
Bengaluru,2016-12-23,43.67,150.64,72.51,0.74,7.81,37.75,100.0,Satisfactory
Bengaluru,2016-12-24,57.79,141.76,79.24,0.62,7.79,11.26,112.0,Moderate
Bengaluru,2016-12-25,39.11,145.35,46.39,0.71,4.93,52.62,114.0,Moderate
Bengaluru,2016-12-26,34.02,121.66,49.47,0.84,5.17,34.44,104.0,Moderate
Bengaluru,2016-12-27,53.5,111.09,41.33,0.7,7.04,23.74,90.0,Satisfactory
Bengaluru,2016-12-28,38.53,80.87,20.7,0.2,4.32,17.27,84.0,Satisfactory
Bengaluru,2016-12-31,40.96,128.38,47.25,0.74,4.92,41.16,106.0,Moderate
Bengaluru,2017-01-01,20.13,105.61,42.34,0.77,4.8,25.9,88.0,Satisfactory
Bengaluru,2017-01-02,19.61,105.34,40.94,0.68,4.93,29.95,83.0,Satisfactory
Bengaluru,2017-01-03,26.66,106.4,49.02,0.74,4.95,31.55,87.0,Satisfactory
Bengaluru,2017-01-04,36.93,118.86,38.48,0.76,4.58,39.09,91.0,Satisfactory
Bengaluru,2017-01-05,36.09,114.62,36.01,0.63,4.57,35.78,85.0,Satisfactory
Bengaluru,2017-01-06,41.53,131.53,39.13,0.59,4.32,39.95,88.0,Satisfactory
Bengaluru,2017-01-07,47.48,140.54,40.87,0.79,5.57,43.82,106.0,Moderate
Bengaluru,2017-01-08,37.61,124.94,33.21,0.67,4.83,39.25,95.0,Satisfactory
Bengaluru,2017-01-09,43.11,136.23,44.61,0.86,8.12,38.14,87.0,Satisfactory
Bengaluru,2017-01-10,74.1,125.23,37.38,0.61,5.51,59.48,130.0,Moderate
Bengaluru,2017-01-11,42.42,142.13,47.35,1.02,5.96,56.92,132.0,Moderate
Bengaluru,2017-01-12,24.26,140.88,44.12,0.68,3.72,52.42,110.0,Moderate
Bengaluru,2017-01-13,31.22,108.09,26.86,0.55,3.67,50.8,91.0,Satisfactory
Bengaluru,2017-01-16,31.65,128.58,34.1,0.53,5.25,53.3,66.0,Satisfactory
Bengaluru,2017-01-24,41.55,121.2,45.39,5.28,6.23,51.39,100.0,Satisfactory
Bengaluru,2017-01-25,34.96,114.94,41.5,6.42,4.81,49.67,168.0,Moderate
Bengaluru,2017-01-26,27.04,109.75,28.01,7.32,3.67,47.81,182.0,Moderate
Bengaluru,2017-01-27,23.36,87.39,46.38,8.19,5.81,19.01,174.0,Moderate
Bengaluru,2017-01-28,10.26,65.08,63.82,7.67,5.34,20.22,210.0,Poor
Bengaluru,2017-01-29,6.8,59.96,39.99,6.65,4.24,17.63,214.0,Poor
Bengaluru,2017-01-30,31.79,83.98,40.89,7.54,4.51,34.35,230.0,Poor
Bengaluru,2017-01-31,37.81,81.51,40.55,1.55,7.85,47.14,97.0,Satisfactory
Bengaluru,2017-02-01,27.42,81.76,43.93,1.87,8.57,39.53,101.0,Moderate
Bengaluru,2017-02-02,49.35,82.75,58.2,6.34,5.18,72.53,94.0,Satisfactory
Bengaluru,2017-02-03,32.16,93.4,43.39,15.93,3.37,50.44,207.0,Poor
Bengaluru,2017-02-06,32.73,117.9,45.2,15.22,4.71,60.34,273.0,Poor
Bengaluru,2017-02-07,43.1,102.65,64.19,12.47,6.59,65.58,238.0,Poor
Bengaluru,2017-02-08,41.94,91.18,45.34,9.04,7.24,64.64,200.0,Moderate
Bengaluru,2017-02-09,38.04,103.85,45.51,0.58,6.22,12.28,69.0,Satisfactory
Bengaluru,2017-02-10,36.09,102.51,41.63,0.66,7.38,13.96,77.0,Satisfactory
Bengaluru,2017-02-11,29.54,93.69,51.47,1.01,5.61,41.88,109.0,Moderate
Bengaluru,2017-02-12,27.65,81.87,57.48,0.68,5.79,43.53,80.0,Satisfactory
Bengaluru,2017-02-22,42.13,116.85,51.89,1.11,17.04,66.01,106.0,Moderate
Bengaluru,2017-02-23,44.09,107.48,49.76,0.38,9.22,45.32,99.0,Satisfactory
Bengaluru,2017-02-24,42.73,92.91,47.21,0.4,9.04,21.94,83.0,Satisfactory
Bengaluru,2017-02-25,40.96,86.08,35.46,0.34,7.42,19.64,75.0,Satisfactory
Bengaluru,2017-02-26,35.66,90.69,32.39,0.39,7.69,34.75,73.0,Satisfactory
Bengaluru,2017-02-27,37.55,85.57,38.99,0.46,7.0,25.64,70.0,Satisfactory
Bengaluru,2017-02-28,31.19,87.32,43.09,0.46,6.84,27.08,71.0,Satisfactory
Bengaluru,2017-03-01,39.98,98.33,72.79,0.36,6.83,32.88,71.0,Satisfactory
Bengaluru,2017-03-02,36.36,85.55,51.16,0.38,6.54,22.95,75.0,Satisfactory
Bengaluru,2017-03-03,29.87,89.98,40.71,1.01,6.43,22.65,104.0,Moderate
Bengaluru,2017-03-04,28.41,75.22,41.35,0.53,8.16,13.85,57.0,Satisfactory
Bengaluru,2017-03-05,23.15,78.15,25.6,0.39,7.12,20.8,59.0,Satisfactory
Bengaluru,2017-03-06,26.67,74.17,29.12,0.35,6.61,19.79,54.0,Satisfactory
Bengaluru,2017-03-07,27.87,81.97,38.6,0.35,5.4,25.64,59.0,Satisfactory
Bengaluru,2017-03-08,31.78,84.76,41.89,0.79,8.94,29.59,102.0,Moderate
Bengaluru,2017-03-09,32.53,98.45,38.79,0.35,6.8,16.07,72.0,Satisfactory
Bengaluru,2017-03-10,29.4,71.8,22.5,0.21,5.47,29.37,66.0,Satisfactory
Bengaluru,2017-03-11,28.94,76.71,25.81,0.22,5.57,26.56,56.0,Satisfactory
Bengaluru,2017-03-12,27.07,65.19,28.21,0.13,5.54,30.11,66.0,Satisfactory
Bengaluru,2017-03-13,42.64,98.52,26.88,0.26,6.36,19.9,55.0,Satisfactory
Bengaluru,2017-03-14,21.93,70.51,25.17,0.46,3.91,11.13,69.0,Satisfactory
Bengaluru,2017-03-15,17.99,66.24,23.84,0.28,4.61,8.93,44.0,Good
Bengaluru,2017-03-16,27.59,63.81,23.73,0.21,4.77,28.92,54.0,Satisfactory
Bengaluru,2017-03-17,39.28,107.17,30.51,0.16,4.14,47.72,98.0,Satisfactory
Bengaluru,2017-03-18,32.33,87.57,30.75,0.78,7.59,66.57,99.0,Satisfactory
Bengaluru,2017-03-19,32.31,81.68,21.08,0.2,5.33,57.26,95.0,Satisfactory
Bengaluru,2017-03-20,38.73,105.25,29.11,0.3,4.51,60.19,87.0,Satisfactory
Bengaluru,2017-03-21,36.42,95.55,30.76,0.48,5.53,42.51,83.0,Satisfactory
Bengaluru,2017-03-22,43.96,105.81,32.28,0.55,6.87,36.22,74.0,Satisfactory
Bengaluru,2017-03-23,44.26,102.04,41.3,0.68,8.28,42.18,89.0,Satisfactory
Bengaluru,2017-03-24,67.75,107.42,39.52,0.48,7.14,43.89,140.0,Moderate
Bengaluru,2017-03-25,47.51,114.14,40.07,0.56,9.41,52.37,104.0,Moderate
Bengaluru,2017-03-26,53.63,116.45,35.29,0.3,12.82,68.34,99.0,Satisfactory
Bengaluru,2017-03-27,40.42,114.11,27.16,0.13,3.65,45.77,90.0,Satisfactory
Bengaluru,2017-03-28,55.94,105.81,30.4,0.25,4.77,40.7,82.0,Satisfactory
Bengaluru,2017-03-29,41.83,89.06,23.82,0.32,3.28,52.94,112.0,Moderate
Bengaluru,2017-03-30,46.83,69.68,27.69,0.14,2.48,47.33,90.0,Satisfactory
Bengaluru,2017-03-31,55.9,94.22,37.77,0.26,2.53,53.42,112.0,Moderate
Bengaluru,2017-04-01,51.65,108.37,37.78,0.51,2.79,61.72,124.0,Moderate
Bengaluru,2017-04-02,32.61,104.58,30.53,0.48,2.59,66.27,113.0,Moderate
Bengaluru,2017-04-03,39.37,106.07,41.21,0.68,2.79,68.42,117.0,Moderate
Bengaluru,2017-04-04,36.85,99.33,25.76,0.54,2.3,72.54,120.0,Moderate
Bengaluru,2017-04-05,29.5,78.34,20.83,0.44,2.0,69.06,94.0,Satisfactory
Bengaluru,2017-04-06,29.52,92.48,19.83,0.33,2.28,66.84,110.0,Moderate
Bengaluru,2017-04-07,31.08,79.87,24.61,0.46,2.65,68.4,94.0,Satisfactory
Bengaluru,2017-04-08,36.66,103.5,34.42,0.68,2.8,45.04,82.0,Satisfactory
Bengaluru,2017-04-09,29.29,89.11,28.32,0.48,2.54,37.96,75.0,Satisfactory
Bengaluru,2017-04-10,43.0,90.64,34.64,0.74,3.03,60.0,99.0,Satisfactory
Bengaluru,2017-04-11,31.18,92.2,34.13,0.44,2.39,60.0,99.0,Satisfactory
Bengaluru,2017-04-12,50.84,84.95,27.24,0.61,9.91,17.79,78.0,Satisfactory
Bengaluru,2017-04-13,50.54,105.34,37.62,0.56,4.26,75.93,108.0,Moderate
Bengaluru,2017-04-14,51.33,104.38,39.64,0.55,5.03,63.27,107.0,Moderate
Bengaluru,2017-04-15,35.01,101.83,45.01,0.69,6.77,60.39,106.0,Moderate
Bengaluru,2017-04-16,29.02,102.67,32.75,0.44,8.21,66.23,105.0,Moderate
Bengaluru,2017-04-17,34.86,79.44,27.93,0.44,5.81,83.69,86.0,Satisfactory
Bengaluru,2017-04-18,38.46,66.4,24.41,0.44,5.07,91.3,77.0,Satisfactory
Bengaluru,2017-04-19,38.13,84.63,25.49,0.52,4.74,81.46,92.0,Satisfactory
Bengaluru,2017-04-20,29.75,56.29,24.78,0.43,4.71,47.22,81.0,Satisfactory
Bengaluru,2017-04-21,21.53,80.41,24.41,0.47,4.71,54.16,75.0,Satisfactory
Bengaluru,2017-04-22,25.46,62.1,22.79,0.45,4.83,24.41,64.0,Satisfactory
Bengaluru,2017-04-23,28.49,74.8,23.6,0.08,3.68,7.03,50.0,Good
Bengaluru,2017-04-25,29.88,108.62,31.4,0.19,3.52,27.0,66.0,Satisfactory
Bengaluru,2017-04-26,33.95,110.88,42.65,0.7,3.86,48.16,92.0,Satisfactory
Bengaluru,2017-04-27,40.01,100.72,38.94,0.67,5.61,27.84,87.0,Satisfactory
Bengaluru,2017-04-28,62.07,84.02,32.77,0.49,4.4,61.69,96.0,Satisfactory
Bengaluru,2017-04-29,38.44,76.53,39.84,0.44,5.15,43.66,139.0,Moderate
Bengaluru,2017-04-30,13.3,111.3,45.34,0.46,5.04,22.75,65.0,Satisfactory
Bengaluru,2017-05-01,20.32,80.58,31.84,0.39,4.82,39.36,77.0,Satisfactory
Bengaluru,2017-05-02,24.2,78.44,41.08,0.35,4.88,24.89,60.0,Satisfactory
Bengaluru,2017-05-04,42.2,90.14,43.35,0.47,5.54,17.45,94.0,Satisfactory
Bengaluru,2017-05-05,28.27,85.96,42.47,0.62,5.76,6.19,80.0,Satisfactory
Bengaluru,2017-05-07,30.26,76.29,29.37,0.4,5.31,29.52,98.0,Satisfactory
Bengaluru,2017-05-08,27.66,57.56,31.17,0.43,4.16,52.55,82.0,Satisfactory
Bengaluru,2017-05-09,32.01,57.82,31.86,0.23,3.67,33.71,69.0,Satisfactory
Bengaluru,2017-05-10,23.19,74.07,32.79,0.18,2.54,25.26,41.0,Good
Bengaluru,2017-05-11,28.52,35.51,39.12,0.42,8.55,36.74,53.0,Satisfactory
Bengaluru,2017-05-12,50.58,62.09,23.23,0.52,15.38,10.9,68.0,Satisfactory
Bengaluru,2017-05-13,120.56,73.92,26.63,0.49,8.45,18.96,156.0,Moderate
Bengaluru,2017-05-14,25.22,73.47,30.63,0.54,3.65,16.82,101.0,Moderate
Bengaluru,2017-05-15,14.94,50.05,26.57,0.52,3.52,38.46,52.0,Satisfactory
Bengaluru,2017-05-16,19.1,65.84,29.5,0.36,3.83,34.53,56.0,Satisfactory
Bengaluru,2017-05-17,22.93,65.3,26.74,0.38,3.73,45.09,67.0,Satisfactory
Bengaluru,2017-05-18,36.58,59.73,27.92,0.66,3.32,13.13,70.0,Satisfactory
Bengaluru,2017-05-19,20.87,45.38,32.01,0.56,3.49,21.6,64.0,Satisfactory
Bengaluru,2017-05-20,17.43,68.76,37.75,0.37,3.49,21.87,50.0,Good
Bengaluru,2017-05-21,12.53,50.36,34.15,0.37,3.51,23.31,59.0,Satisfactory
Bengaluru,2017-05-22,16.58,69.24,33.06,0.33,2.99,13.76,44.0,Good
Bengaluru,2017-05-23,25.83,63.33,37.11,0.41,3.57,20.05,58.0,Satisfactory
Bengaluru,2017-05-24,19.58,58.26,30.27,0.33,3.77,26.67,62.0,Satisfactory
Bengaluru,2017-05-25,21.39,59.53,29.53,0.38,3.75,16.72,57.0,Satisfactory
Bengaluru,2017-05-26,24.85,69.0,26.78,0.41,3.65,11.46,66.0,Satisfactory
Bengaluru,2017-05-27,18.21,44.46,29.32,0.42,3.6,18.34,47.0,Good
Bengaluru,2017-05-28,19.75,52.33,25.4,0.28,3.66,12.12,41.0,Good
Bengaluru,2017-05-29,21.08,60.65,26.89,0.34,3.32,9.02,43.0,Good
Bengaluru,2017-05-30,23.2,56.28,25.22,0.26,3.33,9.85,46.0,Good
Bengaluru,2017-05-31,22.87,77.5,27.67,0.17,3.09,9.92,42.0,Good
Bengaluru,2017-06-01,22.79,59.56,31.62,0.68,4.57,10.13,54.0,Satisfactory
Bengaluru,2017-06-02,20.19,60.05,32.25,0.35,3.89,8.69,52.0,Satisfactory
Bengaluru,2017-06-03,20.98,56.9,33.91,0.3,3.08,8.19,42.0,Good
Bengaluru,2017-06-05,21.81,82.88,31.17,0.98,4.21,8.38,29.0,Good
Bengaluru,2017-06-06,22.93,49.92,30.17,0.85,3.86,7.92,54.0,Satisfactory
Bengaluru,2017-06-07,22.94,32.85,27.88,0.53,4.37,10.29,47.0,Good
Bengaluru,2017-06-08,20.75,75.64,25.47,0.59,4.56,14.64,51.0,Satisfactory
Bengaluru,2017-06-09,23.65,82.24,27.84,0.65,4.59,19.12,55.0,Satisfactory
Bengaluru,2017-06-10,19.78,91.96,31.35,0.61,4.87,19.88,54.0,Satisfactory
Bengaluru,2017-06-11,16.51,77.75,30.97,0.54,4.72,19.08,51.0,Satisfactory
Bengaluru,2017-06-12,19.12,65.59,28.24,0.58,4.79,19.47,45.0,Good
Bengaluru,2017-06-13,21.6,100.65,28.56,0.8,4.33,19.68,44.0,Good
Bengaluru,2017-06-14,19.77,95.84,29.47,0.63,4.24,21.06,59.0,Satisfactory
Bengaluru,2017-06-15,24.56,112.8,31.52,0.87,4.74,20.85,76.0,Satisfactory
Bengaluru,2017-06-16,24.66,89.59,31.25,0.62,5.71,18.43,65.0,Satisfactory
Bengaluru,2017-06-17,24.18,87.23,30.54,0.56,4.36,20.06,60.0,Satisfactory
Bengaluru,2017-06-18,17.82,92.85,26.38,0.63,5.21,9.1,57.0,Satisfactory
Bengaluru,2017-06-19,16.61,85.76,25.73,0.58,4.74,10.17,50.0,Good
Bengaluru,2017-06-20,24.03,90.54,25.75,0.61,6.85,7.75,53.0,Satisfactory
Bengaluru,2017-06-21,19.58,110.37,30.5,0.6,7.44,13.04,70.0,Satisfactory
Bengaluru,2017-06-22,21.05,71.41,26.66,0.62,5.8,8.43,60.0,Satisfactory
Bengaluru,2017-06-23,24.53,38.64,30.26,0.58,7.02,13.82,54.0,Satisfactory
Bengaluru,2017-06-24,25.35,123.16,45.04,0.55,6.42,10.04,60.0,Satisfactory
Bengaluru,2017-06-25,25.16,89.68,39.31,0.56,5.68,7.84,71.0,Satisfactory
Bengaluru,2017-06-26,31.13,96.37,37.52,1.16,7.96,8.44,138.0,Moderate
Bengaluru,2017-06-27,37.61,111.77,38.89,0.83,6.63,8.39,78.0,Satisfactory
Bengaluru,2017-06-28,37.34,97.49,34.73,0.6,6.63,8.99,82.0,Satisfactory
Bengaluru,2017-06-29,36.44,78.38,31.89,0.42,6.62,9.92,76.0,Satisfactory
Bengaluru,2017-06-30,35.4,107.39,33.89,0.69,6.63,10.32,76.0,Satisfactory
Bengaluru,2017-07-01,25.33,129.55,39.99,0.67,7.11,11.34,92.0,Satisfactory
Bengaluru,2017-07-02,30.07,110.45,68.84,1.64,6.55,10.47,160.0,Moderate
Bengaluru,2017-07-03,25.82,93.48,68.34,0.69,6.23,10.21,92.0,Satisfactory
Bengaluru,2017-07-08,313.59,120.31,32.94,0.69,4.97,9.39,108.0,Moderate
Bengaluru,2017-07-09,35.29,109.11,31.08,0.6,5.16,9.34,112.0,Moderate
Bengaluru,2017-07-10,33.44,102.45,29.55,0.63,5.33,10.61,102.0,Moderate
Bengaluru,2017-07-11,29.38,88.16,29.5,0.64,4.09,12.44,78.0,Satisfactory
Bengaluru,2017-07-12,27.64,76.48,26.82,0.68,5.16,18.42,67.0,Satisfactory
Bengaluru,2017-07-13,28.97,95.74,30.58,1.53,4.45,24.82,74.0,Satisfactory
Bengaluru,2017-07-14,22.68,96.47,30.3,0.67,5.41,47.62,72.0,Satisfactory
Bengaluru,2017-07-15,22.43,112.32,32.43,0.6,7.9,47.14,82.0,Satisfactory
Bengaluru,2017-07-16,17.2,98.67,31.1,0.52,6.3,23.82,61.0,Satisfactory
Bengaluru,2017-07-17,21.05,110.36,30.06,0.58,4.72,44.94,68.0,Satisfactory
Bengaluru,2017-07-18,18.45,82.75,29.79,0.62,4.58,27.09,68.0,Satisfactory
Bengaluru,2017-07-19,16.44,66.58,31.75,0.68,4.71,30.16,60.0,Satisfactory
Bengaluru,2017-07-20,31.68,87.62,31.34,0.65,5.1,54.5,61.0,Satisfactory
Bengaluru,2017-07-21,21.53,104.24,31.7,1.12,5.3,41.97,111.0,Moderate
Bengaluru,2017-07-22,20.15,120.48,33.19,1.35,4.29,53.85,132.0,Moderate
Bengaluru,2017-07-23,17.34,117.82,32.36,1.08,5.61,24.37,107.0,Moderate
Bengaluru,2017-07-24,24.23,111.03,31.45,1.08,5.68,42.69,109.0,Moderate
Bengaluru,2017-07-25,28.54,99.2,30.72,1.4,5.2,50.04,164.0,Moderate
Bengaluru,2017-07-26,23.68,105.63,30.53,0.59,4.73,51.12,85.0,Satisfactory
Bengaluru,2017-07-27,24.49,95.5,31.02,0.59,5.17,55.9,83.0,Satisfactory
Bengaluru,2017-07-28,21.77,77.97,28.74,1.17,4.57,51.05,122.0,Moderate
Bengaluru,2017-07-29,27.91,88.52,29.8,1.07,4.72,56.82,119.0,Moderate
Bengaluru,2017-07-30,22.36,91.72,29.57,1.07,4.67,23.6,94.0,Satisfactory
Bengaluru,2017-07-31,27.27,90.24,28.65,0.48,5.23,45.36,89.0,Satisfactory
Bengaluru,2017-08-01,26.57,91.01,26.22,1.5,5.34,54.93,136.0,Moderate
Bengaluru,2017-08-02,20.74,91.07,26.36,1.77,5.6,41.25,130.0,Moderate
Bengaluru,2017-08-03,17.67,74.63,25.46,2.95,5.31,39.16,160.0,Moderate
Bengaluru,2017-08-04,13.74,62.14,25.64,0.63,5.89,25.85,55.0,Satisfactory
Bengaluru,2017-08-05,17.69,78.23,27.5,1.27,5.13,30.04,106.0,Moderate
Bengaluru,2017-08-06,15.21,81.72,27.33,2.44,5.32,6.06,127.0,Moderate
Bengaluru,2017-08-07,22.82,88.33,27.76,2.91,5.27,54.59,176.0,Moderate
Bengaluru,2017-08-08,21.07,99.54,27.75,2.01,5.79,48.17,143.0,Moderate
Bengaluru,2017-08-09,22.31,92.2,29.38,0.95,5.12,33.6,74.0,Satisfactory
Bengaluru,2017-08-10,14.14,77.12,27.85,0.61,4.46,9.71,50.0,Good
Bengaluru,2017-08-11,10.11,71.85,32.5,0.68,4.06,16.65,56.0,Satisfactory
Bengaluru,2017-08-12,3.91,61.7,32.46,0.86,5.24,18.87,50.0,Good
Bengaluru,2017-08-13,4.69,116.59,32.78,1.14,4.6,23.74,67.0,Satisfactory
Bengaluru,2017-08-14,19.41,115.3,32.52,0.96,4.92,26.54,82.0,Satisfactory
Bengaluru,2017-08-15,20.88,68.12,29.7,0.64,5.4,7.35,70.0,Satisfactory
Bengaluru,2017-08-16,17.91,60.6,24.95,1.01,5.43,20.51,65.0,Satisfactory
Bengaluru,2017-08-17,18.42,78.23,29.56,1.25,4.51,21.86,70.0,Satisfactory
Bengaluru,2017-08-18,14.92,57.1,30.9,0.61,4.3,21.39,64.0,Satisfactory
Bengaluru,2017-08-19,18.66,53.12,27.62,0.68,4.7,20.13,57.0,Satisfactory
Bengaluru,2017-08-20,10.89,61.8,29.64,1.02,4.93,11.17,63.0,Satisfactory
Bengaluru,2017-08-21,14.53,88.86,28.09,0.95,4.92,16.04,48.0,Good
Bengaluru,2017-08-22,18.87,89.66,26.93,0.89,5.08,20.89,63.0,Satisfactory
Bengaluru,2017-08-23,18.18,75.76,26.59,0.85,4.21,27.15,62.0,Satisfactory
Bengaluru,2017-08-24,59.05,66.25,27.01,0.71,4.66,21.84,68.0,Satisfactory
Bengaluru,2017-08-25,97.97,49.59,25.15,0.57,4.71,19.86,172.0,Moderate
Bengaluru,2017-08-26,14.19,72.62,26.25,0.97,4.61,19.83,91.0,Satisfactory
Bengaluru,2017-08-27,11.71,48.41,26.08,0.67,4.85,7.65,39.0,Good
Bengaluru,2017-08-28,17.58,89.92,28.01,0.86,5.52,13.12,47.0,Good
Bengaluru,2017-08-29,16.33,100.74,28.51,1.01,4.79,14.98,57.0,Satisfactory
Bengaluru,2017-08-30,20.42,90.87,26.31,0.85,4.85,16.33,56.0,Satisfactory
Bengaluru,2017-08-31,24.96,111.68,26.74,0.77,5.48,24.66,69.0,Satisfactory
Bengaluru,2017-09-01,158.67,86.06,26.66,1.25,4.92,13.48,200.0,Moderate
Bengaluru,2017-09-02,114.92,87.12,31.99,0.82,4.8,15.86,135.0,Moderate
Bengaluru,2017-09-03,14.2,59.94,30.59,0.68,4.77,29.74,107.0,Moderate
Bengaluru,2017-09-04,39.74,85.24,30.16,0.77,4.65,23.83,74.0,Satisfactory
Bengaluru,2017-09-05,14.2,98.1,28.6,1.34,5.28,23.99,79.0,Satisfactory
Bengaluru,2017-09-06,21.2,49.13,28.55,0.63,5.28,27.63,101.0,Moderate
Bengaluru,2017-09-07,9.57,100.44,30.93,0.7,5.62,12.5,60.0,Satisfactory
Bengaluru,2017-09-08,32.86,72.73,30.75,0.91,4.7,34.54,75.0,Satisfactory
Bengaluru,2017-09-09,22.63,83.19,36.31,0.69,4.83,15.06,114.0,Moderate
Bengaluru,2017-09-10,14.52,93.49,39.24,0.68,5.96,9.66,57.0,Satisfactory
Bengaluru,2017-09-11,15.27,115.56,42.37,0.73,6.18,9.5,68.0,Satisfactory
Bengaluru,2017-09-12,17.48,104.51,39.09,0.73,5.45,11.3,68.0,Satisfactory
Bengaluru,2017-09-13,16.5,108.42,34.8,0.67,4.68,12.87,59.0,Satisfactory
Bengaluru,2017-09-14,14.05,90.68,29.42,0.94,4.4,28.38,63.0,Satisfactory
Bengaluru,2017-09-15,8.58,71.81,31.38,0.58,4.68,18.53,52.0,Satisfactory
Bengaluru,2017-09-16,8.49,92.8,31.42,0.37,5.42,14.39,49.0,Good
Bengaluru,2017-09-17,7.02,52.78,31.84,0.42,5.52,5.9,40.0,Good
Bengaluru,2017-09-18,8.57,66.31,28.46,0.42,5.12,6.18,43.0,Good
Bengaluru,2017-09-19,7.68,87.05,29.35,0.42,5.56,19.64,44.0,Good
Bengaluru,2017-09-20,10.21,81.53,28.47,0.47,5.14,25.61,52.0,Satisfactory
Bengaluru,2017-09-21,12.64,80.51,28.19,0.38,5.16,24.16,51.0,Satisfactory
Bengaluru,2017-09-22,17.93,80.49,27.46,0.35,4.89,28.96,51.0,Satisfactory
Bengaluru,2017-09-23,21.62,91.14,30.95,0.4,5.3,41.31,76.0,Satisfactory
Bengaluru,2017-09-24,23.7,112.5,35.09,0.49,6.04,29.38,76.0,Satisfactory
Bengaluru,2017-09-25,19.26,53.18,29.23,0.4,5.49,24.14,57.0,Satisfactory
Bengaluru,2017-09-26,22.47,76.88,29.13,0.48,4.76,27.37,65.0,Satisfactory
Bengaluru,2017-09-27,28.3,50.86,38.34,0.57,6.16,7.85,83.0,Satisfactory
Bengaluru,2017-09-28,21.59,90.26,24.81,0.32,4.63,21.6,56.0,Satisfactory
Bengaluru,2017-09-29,22.36,71.25,29.64,0.5,5.13,8.95,58.0,Satisfactory
Bengaluru,2017-09-30,30.65,68.52,26.24,0.45,5.74,29.89,61.0,Satisfactory
Bengaluru,2017-10-01,20.01,57.46,27.01,0.38,4.53,21.92,66.0,Satisfactory
Bengaluru,2017-10-02,20.5,46.54,25.68,0.52,5.64,34.02,69.0,Satisfactory
Bengaluru,2017-10-03,22.85,63.75,25.43,0.49,4.49,29.93,62.0,Satisfactory
Bengaluru,2017-10-04,121.63,67.04,24.72,0.57,5.36,30.31,125.0,Moderate
Bengaluru,2017-10-05,21.36,42.33,32.24,0.66,5.07,10.53,126.0,Moderate
Bengaluru,2017-10-06,24.73,55.39,28.49,0.6,5.66,28.31,80.0,Satisfactory
Bengaluru,2017-10-07,29.16,70.61,26.77,0.58,4.55,21.99,70.0,Satisfactory
Bengaluru,2017-10-08,78.14,65.04,22.5,0.58,4.22,35.86,104.0,Moderate
Bengaluru,2017-10-09,26.08,71.87,25.0,1.35,5.2,20.43,83.0,Satisfactory
Bengaluru,2017-10-10,32.21,73.85,29.03,2.02,3.93,45.08,130.0,Moderate
Bengaluru,2017-10-11,22.5,62.71,31.64,0.64,4.38,34.99,79.0,Satisfactory
Bengaluru,2017-10-12,27.29,54.56,30.86,0.57,4.2,22.7,71.0,Satisfactory
Bengaluru,2017-10-13,24.83,52.24,30.63,0.5,4.49,14.59,61.0,Satisfactory
Bengaluru,2017-10-14,32.61,44.65,28.07,0.48,4.64,9.9,67.0,Satisfactory
Bengaluru,2017-10-15,40.34,50.86,34.04,0.46,4.22,13.39,73.0,Satisfactory
Bengaluru,2017-10-16,21.63,76.61,29.07,0.43,4.05,15.03,58.0,Satisfactory
Bengaluru,2017-10-17,27.86,118.88,35.25,0.55,4.37,17.23,64.0,Satisfactory
Bengaluru,2017-10-18,39.39,188.67,41.73,0.62,4.81,27.54,98.0,Satisfactory
Bengaluru,2017-10-19,44.66,147.94,32.42,0.57,4.39,34.64,98.0,Satisfactory
Bengaluru,2017-10-20,79.76,264.9,40.38,0.58,5.88,38.72,177.0,Moderate
Bengaluru,2017-10-21,39.67,157.62,32.18,0.87,5.69,34.89,129.0,Moderate
Bengaluru,2017-10-22,22.44,118.74,31.05,0.79,5.32,28.1,79.0,Satisfactory
Bengaluru,2017-10-23,26.85,123.41,33.32,1.08,5.39,33.95,80.0,Satisfactory
Bengaluru,2017-10-24,42.56,176.27,44.63,1.26,5.62,27.3,94.0,Satisfactory
Bengaluru,2017-10-25,35.29,134.15,43.04,1.59,4.42,20.57,96.0,Satisfactory
Bengaluru,2017-10-26,25.49,88.04,39.14,1.22,4.26,12.69,75.0,Satisfactory
Bengaluru,2017-10-27,26.03,87.11,36.53,1.03,4.26,19.69,66.0,Satisfactory
Bengaluru,2017-10-28,37.38,91.81,39.18,1.55,4.97,32.07,80.0,Satisfactory
Bengaluru,2017-10-29,47.47,100.35,39.01,1.08,4.3,36.67,98.0,Satisfactory
Bengaluru,2017-10-30,45.49,82.59,32.5,0.77,3.71,32.74,102.0,Moderate
Bengaluru,2017-10-31,122.41,68.08,33.67,0.84,3.6,47.84,120.0,Moderate
Bengaluru,2017-11-01,39.88,56.91,24.85,0.48,2.66,43.92,141.0,Moderate
Bengaluru,2017-11-02,66.54,57.13,26.81,0.44,4.15,44.38,120.0,Moderate
Bengaluru,2017-11-03,58.73,73.54,29.41,0.56,5.08,52.18,159.0,Moderate
Bengaluru,2017-11-04,41.02,64.65,34.07,0.76,3.3,43.23,125.0,Moderate
Bengaluru,2017-11-05,26.7,29.28,29.05,0.69,3.33,17.19,59.0,Satisfactory
Bengaluru,2017-11-06,22.05,27.3,29.82,0.75,3.15,6.75,49.0,Good
Bengaluru,2017-11-07,27.98,42.42,33.64,0.82,3.51,7.02,68.0,Satisfactory
Bengaluru,2017-11-08,26.89,40.08,33.43,0.86,2.98,13.74,54.0,Satisfactory
Bengaluru,2017-11-09,25.94,66.25,37.65,0.97,3.26,30.46,70.0,Satisfactory
Bengaluru,2017-11-10,31.21,51.65,30.19,0.9,2.76,24.08,75.0,Satisfactory
Bengaluru,2017-11-11,32.87,77.14,36.09,0.99,3.99,30.86,77.0,Satisfactory
Bengaluru,2017-11-12,26.99,72.0,36.27,0.86,3.85,14.76,69.0,Satisfactory
Bengaluru,2017-11-13,30.4,57.77,32.51,0.74,3.68,43.16,65.0,Satisfactory
Bengaluru,2017-11-14,26.94,65.86,30.57,0.91,4.15,37.68,68.0,Satisfactory
Bengaluru,2017-11-15,30.7,66.28,27.55,0.93,3.88,39.31,66.0,Satisfactory
Bengaluru,2017-11-16,37.93,78.07,34.47,0.95,4.34,34.31,76.0,Satisfactory
Bengaluru,2017-11-17,35.72,71.36,30.34,0.89,3.97,37.48,81.0,Satisfactory
Bengaluru,2017-11-18,34.96,63.17,36.57,0.71,3.59,19.28,64.0,Satisfactory
Bengaluru,2017-11-19,30.66,59.05,39.44,0.92,3.76,15.11,68.0,Satisfactory
Bengaluru,2017-11-20,32.21,58.7,36.61,0.91,3.59,17.27,62.0,Satisfactory
Bengaluru,2017-11-21,25.79,41.37,34.1,0.89,3.83,3.14,60.0,Satisfactory
Bengaluru,2017-11-22,44.84,46.73,37.02,0.85,3.36,15.6,65.0,Satisfactory
Bengaluru,2017-11-23,38.07,63.39,42.75,0.98,4.05,28.57,87.0,Satisfactory
Bengaluru,2017-11-24,17.64,80.23,46.1,0.95,3.89,29.13,82.0,Satisfactory
Bengaluru,2017-11-25,17.81,81.86,50.65,0.94,3.81,38.5,72.0,Satisfactory
Bengaluru,2017-11-26,15.67,69.67,48.12,0.9,3.75,35.73,69.0,Satisfactory
Bengaluru,2017-11-27,10.7,57.05,47.51,0.92,3.82,24.36,58.0,Satisfactory
Bengaluru,2017-11-28,11.46,65.13,50.06,0.93,3.95,22.54,58.0,Satisfactory
Bengaluru,2017-11-29,197.41,64.65,39.39,0.77,3.99,23.71,82.0,Satisfactory
Bengaluru,2017-11-30,74.5,36.84,32.3,0.97,4.12,19.73,68.0,Satisfactory
Bengaluru,2017-12-01,1.76,19.23,31.43,0.65,3.23,4.11,53.0,Satisfactory
Bengaluru,2017-12-02,1.72,53.35,35.74,0.62,2.98,4.61,26.0,Good
Bengaluru,2017-12-03,32.42,69.73,42.05,0.86,2.16,8.9,54.0,Satisfactory
Bengaluru,2017-12-04,18.72,71.86,42.47,0.86,2.58,24.47,68.0,Satisfactory
Bengaluru,2017-12-05,11.27,63.98,40.08,0.7,3.02,12.45,63.0,Satisfactory
Bengaluru,2017-12-28,62.76,83.3,44.56,0.96,3.38,52.72,109.0,Moderate
Bengaluru,2017-12-29,32.57,74.48,48.73,1.13,3.6,17.18,85.0,Satisfactory
Bengaluru,2017-12-30,26.74,70.68,42.6,1.06,3.26,33.48,77.0,Satisfactory
Bengaluru,2017-12-31,18.29,59.11,41.94,1.02,2.95,32.36,72.0,Satisfactory
Bengaluru,2018-01-01,38.06,74.54,42.23,1.04,3.2,25.89,73.0,Satisfactory
Bengaluru,2018-01-02,35.12,78.63,41.7,1.0,3.37,24.78,86.0,Satisfactory
Bengaluru,2018-01-03,28.84,69.71,50.19,1.09,2.8,35.27,84.0,Satisfactory
Bengaluru,2018-01-04,24.57,80.05,46.14,0.96,3.32,46.62,86.0,Satisfactory
Bengaluru,2018-01-05,24.31,93.29,52.5,1.04,5.34,51.89,95.0,Satisfactory
Bengaluru,2018-01-06,30.02,94.22,51.77,0.98,4.28,59.57,102.0,Moderate
Bengaluru,2018-01-07,40.05,94.39,49.36,0.99,3.37,62.13,104.0,Moderate
Bengaluru,2018-01-08,34.88,77.23,46.38,0.93,4.26,76.84,93.0,Satisfactory
Bengaluru,2018-01-09,28.74,76.89,43.41,0.96,16.6,70.18,84.0,Satisfactory
Bengaluru,2018-01-10,31.37,71.0,29.81,0.89,3.16,54.29,75.0,Satisfactory
Bengaluru,2018-01-11,54.32,63.45,45.27,0.96,4.91,37.03,76.0,Satisfactory
Bengaluru,2018-01-12,37.55,76.54,36.51,1.35,5.74,48.6,115.0,Moderate
Bengaluru,2018-01-13,36.12,98.69,43.3,0.93,3.51,47.39,101.0,Moderate
Bengaluru,2018-01-14,34.43,110.99,44.87,1.29,3.2,53.1,118.0,Moderate
Bengaluru,2018-01-15,38.84,100.57,33.96,0.89,3.35,66.4,98.0,Satisfactory
Bengaluru,2018-01-16,41.35,99.23,41.68,0.92,3.47,59.88,92.0,Satisfactory
Bengaluru,2018-01-17,46.76,101.11,37.47,0.92,3.58,64.8,98.0,Satisfactory
Bengaluru,2018-01-18,37.73,103.52,39.62,1.01,3.66,65.34,100.0,Satisfactory
Bengaluru,2018-01-19,55.0,92.99,38.68,1.21,4.22,71.99,104.0,Moderate
Bengaluru,2018-01-20,33.34,114.17,38.67,1.16,4.32,80.04,122.0,Moderate
Bengaluru,2018-01-21,33.55,104.31,33.77,1.14,3.97,81.55,103.0,Moderate
Bengaluru,2018-01-22,39.03,119.95,34.14,1.14,4.24,77.88,96.0,Satisfactory
Bengaluru,2018-01-23,48.08,132.27,35.2,1.24,4.59,60.85,102.0,Moderate
Bengaluru,2018-01-24,45.88,125.43,44.92,1.19,4.59,43.36,104.0,Moderate
Bengaluru,2018-01-25,39.93,129.02,33.76,1.06,4.19,56.22,101.0,Moderate
Bengaluru,2018-01-26,39.28,117.17,32.42,0.94,4.24,63.78,98.0,Satisfactory
Bengaluru,2018-01-27,47.03,143.26,36.38,1.04,4.21,61.21,104.0,Moderate
Bengaluru,2018-01-28,39.38,124.79,30.66,0.89,4.28,62.46,109.0,Moderate
Bengaluru,2018-01-29,33.47,114.19,36.21,1.05,4.17,55.34,94.0,Satisfactory
Bengaluru,2018-01-30,53.56,115.21,32.79,0.99,3.89,56.31,99.0,Satisfactory
Bengaluru,2018-01-31,37.93,112.97,36.09,1.06,4.07,52.6,109.0,Moderate
Bengaluru,2018-02-01,33.99,106.5,49.14,1.08,5.01,41.2,94.0,Satisfactory
Bengaluru,2018-02-02,29.63,103.77,42.78,1.44,4.38,49.36,118.0,Moderate
Bengaluru,2018-02-03,28.81,104.97,33.25,1.04,6.48,46.48,88.0,Satisfactory
Bengaluru,2018-02-04,23.31,99.74,32.25,0.93,12.74,42.53,87.0,Satisfactory
Bengaluru,2018-02-05,29.23,94.58,32.53,0.95,3.37,40.8,81.0,Satisfactory
Bengaluru,2018-02-06,32.55,98.75,29.05,0.89,3.52,40.51,85.0,Satisfactory
Bengaluru,2018-02-07,30.93,95.75,30.04,0.94,3.22,25.11,79.0,Satisfactory
Bengaluru,2018-02-08,35.48,87.19,45.34,1.1,4.2,27.4,80.0,Satisfactory
Bengaluru,2018-02-09,37.87,96.52,43.01,1.01,4.36,30.91,95.0,Satisfactory
Bengaluru,2018-02-10,30.34,84.89,39.51,0.99,6.63,25.27,83.0,Satisfactory
Bengaluru,2018-02-11,28.29,96.63,23.84,0.88,3.42,38.11,76.0,Satisfactory
Bengaluru,2018-02-12,27.9,88.93,24.85,0.98,2.99,32.61,74.0,Satisfactory
Bengaluru,2018-02-13,30.53,55.15,17.2,1.01,1.84,44.28,78.0,Satisfactory
Bengaluru,2018-02-14,32.43,68.55,17.59,0.96,1.61,38.23,71.0,Satisfactory
Bengaluru,2018-02-15,30.19,59.31,18.7,0.96,1.47,35.76,71.0,Satisfactory
Bengaluru,2018-02-16,29.62,53.91,30.03,0.98,2.79,36.38,70.0,Satisfactory
Bengaluru,2018-02-17,32.11,70.68,37.85,1.03,8.54,43.4,77.0,Satisfactory
Bengaluru,2018-02-18,27.53,64.77,22.89,0.95,5.69,49.17,83.0,Satisfactory
Bengaluru,2018-02-19,28.6,62.32,26.23,1.05,4.22,51.46,82.0,Satisfactory
Bengaluru,2018-02-20,28.89,66.18,22.48,1.09,3.15,55.88,81.0,Satisfactory
Bengaluru,2018-02-21,34.62,79.69,32.97,0.98,3.36,52.95,80.0,Satisfactory
Bengaluru,2018-02-22,37.13,64.91,39.61,0.95,3.19,52.15,82.0,Satisfactory
Bengaluru,2018-02-23,34.6,71.15,31.9,0.94,2.94,52.09,83.0,Satisfactory
Bengaluru,2018-02-24,26.41,56.42,19.98,0.96,2.35,35.76,81.0,Satisfactory
Bengaluru,2018-02-25,21.87,33.81,14.46,0.92,2.34,37.55,69.0,Satisfactory
Bengaluru,2018-02-26,21.31,25.9,27.46,1.01,2.61,30.2,68.0,Satisfactory
Bengaluru,2018-02-27,23.35,30.13,26.31,0.94,3.87,32.51,71.0,Satisfactory
Bengaluru,2018-02-28,29.3,56.03,32.9,1.04,3.4,31.63,81.0,Satisfactory
Bengaluru,2018-03-01,29.48,99.47,27.41,0.95,3.09,36.47,83.0,Satisfactory
Bengaluru,2018-03-02,30.38,116.47,38.24,0.98,3.53,45.24,87.0,Satisfactory
Bengaluru,2018-03-03,38.39,121.49,36.26,1.0,3.14,43.82,92.0,Satisfactory
Bengaluru,2018-03-04,36.56,128.58,24.85,1.02,4.2,44.8,84.0,Satisfactory
Bengaluru,2018-03-05,30.79,94.71,34.44,1.02,3.71,36.83,86.0,Satisfactory
Bengaluru,2018-03-06,32.09,109.19,32.76,0.96,3.85,33.61,87.0,Satisfactory
Bengaluru,2018-03-07,33.88,114.17,25.14,0.98,3.83,46.63,90.0,Satisfactory
Bengaluru,2018-03-08,41.37,125.36,27.15,1.08,3.66,40.31,99.0,Satisfactory
Bengaluru,2018-03-09,59.48,133.95,47.26,1.09,4.07,40.87,104.0,Moderate
Bengaluru,2018-03-10,59.82,143.26,37.1,1.05,4.18,33.03,109.0,Moderate
Bengaluru,2018-03-11,45.19,123.62,22.32,1.03,3.7,45.61,106.0,Moderate
Bengaluru,2018-03-12,35.82,105.52,17.43,1.05,4.01,38.92,92.0,Satisfactory
Bengaluru,2018-03-13,20.49,63.71,14.01,1.14,4.08,20.48,76.0,Satisfactory
Bengaluru,2018-03-14,29.23,85.74,16.94,1.15,4.17,38.25,75.0,Satisfactory
Bengaluru,2018-03-15,26.46,54.8,22.08,1.15,3.95,26.5,77.0,Satisfactory
Bengaluru,2018-03-16,19.13,33.54,28.79,1.03,3.88,23.65,71.0,Satisfactory
Bengaluru,2018-03-17,23.01,33.85,27.98,1.02,4.27,26.48,74.0,Satisfactory
Bengaluru,2018-03-18,20.75,33.52,16.69,1.09,3.39,20.61,53.0,Satisfactory
Bengaluru,2018-03-19,31.94,57.31,24.94,0.97,3.33,50.57,61.0,Satisfactory
Bengaluru,2018-03-20,43.91,70.07,35.38,1.49,3.26,46.5,97.0,Satisfactory
Bengaluru,2018-03-21,42.72,98.38,31.97,1.55,3.02,53.46,124.0,Moderate
Bengaluru,2018-03-22,31.78,176.51,50.97,1.83,3.78,34.26,135.0,Moderate
Bengaluru,2018-03-23,40.18,136.77,62.66,1.23,3.89,32.05,127.0,Moderate
Bengaluru,2018-03-24,37.72,141.77,27.94,0.82,3.61,58.64,100.0,Satisfactory
Bengaluru,2018-03-25,38.84,113.42,27.43,1.05,3.59,54.78,98.0,Satisfactory
Bengaluru,2018-03-27,19.85,72.36,34.2,0.78,6.99,73.5,87.0,Satisfactory
Bengaluru,2018-04-20,36.52,60.94,32.2,0.85,2.28,66.22,85.0,Satisfactory
Bengaluru,2018-04-23,41.19,60.47,19.98,0.8,3.94,90.99,66.0,Satisfactory
Bengaluru,2018-04-24,42.62,77.31,29.87,0.82,4.05,55.89,82.0,Satisfactory
Bengaluru,2018-04-25,42.99,58.32,53.65,0.98,4.06,49.01,74.0,Satisfactory
Bengaluru,2018-05-18,43.05,124.39,33.14,1.1,4.09,35.22,92.0,Satisfactory
Bengaluru,2018-05-19,45.09,94.78,42.69,0.98,4.82,42.52,98.0,Satisfactory
Bengaluru,2018-05-20,47.83,66.81,18.67,0.79,4.3,47.98,80.0,Satisfactory
Bengaluru,2018-05-21,52.64,58.23,33.17,0.8,4.51,36.12,71.0,Satisfactory
Bengaluru,2018-05-22,59.24,71.88,35.39,1.06,3.12,41.2,90.0,Satisfactory
Bengaluru,2018-05-23,62.6,84.46,35.36,0.93,4.33,30.74,117.0,Moderate
Bengaluru,2018-05-24,35.4,65.64,32.53,0.92,4.77,34.78,70.0,Satisfactory
Bengaluru,2018-05-25,46.14,64.28,30.05,0.95,4.87,27.78,73.0,Satisfactory
Bengaluru,2018-05-26,33.64,43.62,30.58,1.12,3.78,22.59,76.0,Satisfactory
Bengaluru,2018-05-27,41.73,52.37,29.69,1.02,3.86,19.04,89.0,Satisfactory
Bengaluru,2018-05-28,29.29,48.38,18.87,1.19,4.26,30.76,80.0,Satisfactory
Bengaluru,2018-05-29,16.92,27.94,15.29,1.18,3.57,27.82,67.0,Satisfactory
Bengaluru,2018-05-30,35.67,38.75,21.27,1.01,3.68,23.37,60.0,Satisfactory
Bengaluru,2018-05-31,33.16,41.38,22.99,1.03,3.55,21.01,73.0,Satisfactory
Bengaluru,2018-06-01,42.07,60.8,25.48,0.99,3.69,24.28,68.0,Satisfactory
Bengaluru,2018-06-02,44.47,54.34,35.43,1.06,6.55,23.96,86.0,Satisfactory
Bengaluru,2018-06-03,38.79,29.26,22.36,1.01,4.18,16.46,88.0,Satisfactory
Bengaluru,2018-06-04,23.35,28.86,20.58,0.96,4.39,15.51,60.0,Satisfactory
Bengaluru,2018-06-05,25.5,22.18,16.5,0.94,6.31,16.54,61.0,Satisfactory
Bengaluru,2018-06-06,22.77,27.69,17.25,1.04,7.21,12.58,63.0,Satisfactory
Bengaluru,2018-06-07,25.27,31.71,16.84,1.0,5.85,13.22,70.0,Satisfactory
Bengaluru,2018-06-08,19.28,21.36,15.8,0.91,6.23,11.05,50.0,Good
Bengaluru,2018-06-09,19.32,26.98,16.01,0.96,5.35,15.82,52.0,Satisfactory
Bengaluru,2018-06-10,18.93,28.7,20.85,0.92,5.19,12.71,51.0,Satisfactory
Bengaluru,2018-06-11,23.76,34.25,15.51,0.99,4.66,10.74,65.0,Satisfactory
Bengaluru,2018-06-12,23.78,48.19,13.32,0.99,3.37,13.91,50.0,Good
Bengaluru,2018-06-13,27.34,48.59,15.9,0.95,4.0,12.97,49.0,Good
Bengaluru,2018-06-14,31.79,35.64,19.26,1.02,2.91,16.41,61.0,Satisfactory
Bengaluru,2018-06-15,61.43,33.51,23.54,1.01,3.21,18.53,83.0,Satisfactory
Bengaluru,2018-06-16,22.24,43.59,18.63,1.09,3.24,13.77,106.0,Moderate
Bengaluru,2018-06-17,17.38,42.66,15.39,1.06,3.83,8.71,55.0,Satisfactory
Bengaluru,2018-06-18,13.38,100.6,14.75,1.15,4.93,11.02,69.0,Satisfactory
Bengaluru,2018-06-19,32.62,100.12,12.51,1.06,4.53,14.71,81.0,Satisfactory
Bengaluru,2018-06-20,13.64,73.69,14.01,1.06,4.83,21.95,69.0,Satisfactory
Bengaluru,2018-06-21,16.71,76.66,20.26,1.02,5.1,25.83,64.0,Satisfactory
Bengaluru,2018-06-22,18.94,79.08,31.69,1.02,4.68,26.92,64.0,Satisfactory
Bengaluru,2018-06-23,23.76,55.83,23.67,1.03,4.7,17.71,66.0,Satisfactory
Bengaluru,2018-06-24,21.84,73.73,15.51,0.98,4.64,15.09,64.0,Satisfactory
Bengaluru,2018-06-25,51.82,70.62,14.77,1.01,4.79,14.73,87.0,Satisfactory
Bengaluru,2018-06-26,32.62,56.97,13.9,0.93,4.78,18.29,92.0,Satisfactory
Bengaluru,2018-06-27,11.68,42.25,15.17,1.02,4.87,16.43,60.0,Satisfactory
Bengaluru,2018-06-28,9.23,34.44,17.93,0.99,5.5,15.6,57.0,Satisfactory
Bengaluru,2018-06-29,11.93,44.86,17.94,0.99,5.95,17.84,51.0,Satisfactory
Bengaluru,2018-06-30,18.23,65.8,33.04,1.0,6.63,10.67,66.0,Satisfactory
Bengaluru,2018-07-01,19.15,64.03,22.68,0.89,6.11,11.29,72.0,Satisfactory
Bengaluru,2018-07-02,16.29,55.13,27.31,0.88,6.9,16.14,63.0,Satisfactory
Bengaluru,2018-07-03,21.63,62.68,20.07,0.87,7.51,16.04,63.0,Satisfactory
Bengaluru,2018-07-04,18.55,71.37,15.35,0.79,6.49,14.42,60.0,Satisfactory
Bengaluru,2018-07-05,20.36,74.52,17.48,0.82,6.47,15.83,61.0,Satisfactory
Bengaluru,2018-07-06,21.44,58.91,16.86,0.86,6.63,15.59,65.0,Satisfactory
Bengaluru,2018-07-07,15.56,38.84,17.49,0.76,7.2,18.73,56.0,Satisfactory
Bengaluru,2018-07-08,22.83,42.49,14.5,0.89,7.09,16.35,62.0,Satisfactory
Bengaluru,2018-07-09,21.11,56.44,18.16,0.88,7.5,13.71,66.0,Satisfactory
Bengaluru,2018-07-10,36.65,52.63,20.32,0.87,7.49,14.05,63.0,Satisfactory
Bengaluru,2018-07-11,20.8,53.13,16.23,0.9,8.27,14.5,78.0,Satisfactory
Bengaluru,2018-07-12,17.82,51.19,14.74,0.75,8.6,15.79,56.0,Satisfactory
Bengaluru,2018-07-13,16.63,47.82,15.78,0.78,7.14,18.07,53.0,Satisfactory
Bengaluru,2018-07-14,18.87,60.54,15.81,0.75,7.47,16.19,57.0,Satisfactory
Bengaluru,2018-07-15,17.08,63.33,12.25,0.71,6.66,17.01,62.0,Satisfactory
Bengaluru,2018-07-16,19.93,47.19,16.2,0.8,7.32,13.25,59.0,Satisfactory
Bengaluru,2018-07-17,16.98,53.45,15.05,0.82,7.56,18.52,60.0,Satisfactory
Bengaluru,2018-07-18,18.83,56.14,13.81,0.8,7.75,17.83,57.0,Satisfactory
Bengaluru,2018-07-19,16.82,43.02,16.04,0.86,7.58,18.19,59.0,Satisfactory
Bengaluru,2018-07-20,15.52,41.94,16.03,0.83,7.49,22.36,52.0,Satisfactory
Bengaluru,2018-07-21,17.44,52.67,17.69,0.83,7.68,21.97,59.0,Satisfactory
Bengaluru,2018-07-22,18.63,67.89,14.94,0.85,8.01,21.53,60.0,Satisfactory
Bengaluru,2018-07-23,19.86,51.56,18.69,0.87,7.9,15.16,65.0,Satisfactory
Bengaluru,2018-07-24,17.85,50.14,16.37,0.92,7.08,13.77,64.0,Satisfactory
Bengaluru,2018-07-25,17.62,44.75,18.57,0.94,7.68,12.29,59.0,Satisfactory
Bengaluru,2018-07-26,20.0,55.87,28.4,0.83,7.55,13.43,65.0,Satisfactory
Bengaluru,2018-07-27,22.28,64.9,21.86,0.76,7.46,15.22,68.0,Satisfactory
Bengaluru,2018-07-28,21.05,64.54,17.94,0.77,6.84,16.19,59.0,Satisfactory
Bengaluru,2018-07-29,20.1,57.53,15.62,0.79,6.51,15.94,66.0,Satisfactory
Bengaluru,2018-07-30,22.92,65.5,18.15,0.97,7.18,14.61,64.0,Satisfactory
Bengaluru,2018-07-31,20.96,67.39,19.01,0.75,6.44,15.43,62.0,Satisfactory
Bengaluru,2018-08-01,20.59,68.6,22.78,0.83,6.0,14.61,66.0,Satisfactory
Bengaluru,2018-08-02,20.73,68.41,19.33,0.83,6.28,15.23,68.0,Satisfactory
Bengaluru,2018-08-03,23.34,71.35,18.78,0.9,6.5,12.05,72.0,Satisfactory
Bengaluru,2018-08-04,27.61,94.02,18.82,0.9,6.8,12.14,77.0,Satisfactory
Bengaluru,2018-08-05,20.75,81.19,15.27,0.83,7.15,13.44,77.0,Satisfactory
Bengaluru,2018-08-06,23.63,66.31,18.0,0.78,5.94,14.22,67.0,Satisfactory
Bengaluru,2018-08-07,18.24,59.59,18.39,0.81,6.18,13.14,67.0,Satisfactory
Bengaluru,2018-08-08,18.35,43.88,20.05,0.87,6.68,11.18,60.0,Satisfactory
Bengaluru,2018-08-09,17.33,55.07,17.68,0.83,6.27,13.65,58.0,Satisfactory
Bengaluru,2018-08-10,18.24,59.31,16.8,0.79,7.52,11.75,60.0,Satisfactory
Bengaluru,2018-08-11,18.6,46.24,17.12,0.78,6.44,11.75,56.0,Satisfactory
Bengaluru,2018-08-12,10.61,35.22,13.53,0.77,6.96,12.48,57.0,Satisfactory
Bengaluru,2018-08-13,11.4,39.72,15.3,0.8,5.96,11.69,53.0,Satisfactory
Bengaluru,2018-08-14,13.1,31.87,17.12,0.89,6.34,11.02,60.0,Satisfactory
Bengaluru,2018-08-15,15.35,36.24,15.93,0.85,6.35,11.1,59.0,Satisfactory
Bengaluru,2018-08-16,12.86,38.58,16.13,0.68,5.58,15.54,52.0,Satisfactory
Bengaluru,2018-08-17,16.77,52.28,15.35,0.67,5.76,14.21,48.0,Good
Bengaluru,2018-08-18,20.09,65.73,15.9,0.73,6.76,14.37,57.0,Satisfactory
Bengaluru,2018-08-19,16.78,52.97,16.35,0.69,6.44,15.56,59.0,Satisfactory
Bengaluru,2018-08-20,24.78,67.41,18.52,0.74,6.65,14.54,53.0,Satisfactory
Bengaluru,2018-08-21,20.61,77.55,17.55,0.77,5.95,16.38,69.0,Satisfactory
Bengaluru,2018-08-22,20.75,74.0,17.29,0.78,6.92,16.23,65.0,Satisfactory
Bengaluru,2018-08-23,17.29,52.66,17.95,0.9,7.32,13.6,63.0,Satisfactory
Bengaluru,2018-08-24,18.74,60.28,18.94,0.82,7.81,12.61,62.0,Satisfactory
Bengaluru,2018-08-25,22.36,75.89,19.62,0.92,7.61,12.01,67.0,Satisfactory
Bengaluru,2018-08-26,18.42,60.03,18.03,0.93,7.07,13.19,70.0,Satisfactory
Bengaluru,2018-08-27,19.86,64.68,19.41,0.86,7.09,10.61,62.0,Satisfactory
Bengaluru,2018-08-28,21.93,63.28,18.83,0.81,6.5,12.42,64.0,Satisfactory
Bengaluru,2018-08-29,20.52,49.08,18.42,0.87,6.94,10.52,68.0,Satisfactory
Bengaluru,2018-08-30,23.33,66.23,17.92,0.79,7.56,11.59,68.0,Satisfactory
Bengaluru,2018-08-31,19.74,57.18,23.85,0.83,7.34,12.01,64.0,Satisfactory
Bengaluru,2018-09-01,23.62,78.59,18.76,0.8,7.25,15.32,68.0,Satisfactory
Bengaluru,2018-09-02,21.84,69.2,17.44,0.76,8.3,17.84,66.0,Satisfactory
Bengaluru,2018-09-03,25.06,73.19,20.87,0.87,8.66,16.89,63.0,Satisfactory
Bengaluru,2018-09-04,32.78,81.02,26.03,0.91,8.63,18.24,76.0,Satisfactory
Bengaluru,2018-09-05,25.32,77.04,21.06,0.85,7.69,18.23,78.0,Satisfactory
Bengaluru,2018-09-06,25.21,71.56,21.41,0.8,8.53,17.79,66.0,Satisfactory
Bengaluru,2018-09-07,27.2,66.34,20.41,0.79,8.27,16.77,70.0,Satisfactory
Bengaluru,2018-09-08,18.32,47.45,19.4,0.75,7.58,17.16,63.0,Satisfactory
Bengaluru,2018-09-09,19.07,56.66,23.74,0.82,7.65,23.36,64.0,Satisfactory
Bengaluru,2018-09-10,28.1,72.52,29.62,0.96,7.71,21.64,73.0,Satisfactory
Bengaluru,2018-09-11,30.34,79.46,34.78,0.95,6.95,32.98,90.0,Satisfactory
Bengaluru,2018-09-12,24.47,73.31,38.97,0.96,7.44,33.73,91.0,Satisfactory
Bengaluru,2018-09-13,29.84,76.26,38.83,0.99,8.27,21.83,88.0,Satisfactory
Bengaluru,2018-09-14,27.72,76.6,42.11,0.98,7.55,32.17,94.0,Satisfactory
Bengaluru,2018-09-15,24.1,56.2,40.13,0.95,7.46,25.3,77.0,Satisfactory
Bengaluru,2018-09-16,24.43,55.34,35.93,0.96,8.26,19.68,73.0,Satisfactory
Bengaluru,2018-09-17,19.03,49.62,30.55,0.83,7.87,11.82,74.0,Satisfactory
Bengaluru,2018-09-18,19.86,64.1,24.34,0.76,7.24,13.4,65.0,Satisfactory
Bengaluru,2018-09-19,20.21,69.15,23.2,0.76,7.82,16.89,65.0,Satisfactory
Bengaluru,2018-09-20,25.55,74.65,41.9,0.89,7.22,18.67,79.0,Satisfactory
Bengaluru,2018-09-21,26.75,81.33,33.38,0.8,6.83,19.11,87.0,Satisfactory
Bengaluru,2018-09-22,24.45,80.93,30.37,0.83,7.24,21.83,77.0,Satisfactory
Bengaluru,2018-09-23,30.84,75.04,38.12,0.85,7.1,26.8,87.0,Satisfactory
Bengaluru,2018-09-24,22.6,56.12,35.0,0.93,6.7,29.89,85.0,Satisfactory
Bengaluru,2018-09-25,26.76,63.24,40.97,0.99,6.79,22.54,78.0,Satisfactory
Bengaluru,2018-09-26,31.25,76.66,28.45,0.87,6.76,23.35,85.0,Satisfactory
Bengaluru,2018-09-27,29.24,72.24,30.94,0.94,6.59,20.67,80.0,Satisfactory
Bengaluru,2018-09-28,26.36,77.69,27.64,0.8,6.14,14.86,78.0,Satisfactory
Bengaluru,2018-09-29,17.35,64.18,25.67,0.79,6.06,12.5,75.0,Satisfactory
Bengaluru,2018-09-30,25.28,62.82,23.56,0.81,5.67,16.11,70.0,Satisfactory
Bengaluru,2018-10-01,21.61,66.61,25.53,0.87,6.59,18.94,82.0,Satisfactory
Bengaluru,2018-10-02,14.51,51.79,19.67,0.74,6.36,15.9,67.0,Satisfactory
Bengaluru,2018-10-03,15.17,52.6,20.76,0.76,6.27,16.22,65.0,Satisfactory
Bengaluru,2018-10-04,21.47,46.9,21.67,0.8,6.52,8.9,65.0,Satisfactory
Bengaluru,2018-10-05,13.99,40.41,19.47,0.78,6.96,11.69,62.0,Satisfactory
Bengaluru,2018-10-06,14.0,42.0,19.84,0.78,6.52,10.5,56.0,Satisfactory
Bengaluru,2018-10-07,20.86,69.05,23.91,0.74,6.73,16.31,62.0,Satisfactory
Bengaluru,2018-10-08,32.94,96.04,26.49,0.79,6.84,18.26,73.0,Satisfactory
Bengaluru,2018-10-09,31.82,91.63,32.27,0.85,6.89,22.25,80.0,Satisfactory
Bengaluru,2018-10-10,40.93,109.21,34.32,0.81,6.48,23.46,93.0,Satisfactory
Bengaluru,2018-10-11,55.08,147.26,43.63,0.99,6.55,21.65,110.0,Moderate
Bengaluru,2018-10-12,56.31,151.57,44.04,0.93,6.53,22.96,115.0,Moderate
Bengaluru,2018-10-13,72.74,158.69,41.95,0.9,6.35,28.02,167.0,Moderate
Bengaluru,2018-10-14,48.48,100.3,26.49,0.8,6.28,34.33,116.0,Moderate
Bengaluru,2018-10-15,41.44,88.52,28.25,0.88,6.36,23.25,88.0,Satisfactory
Bengaluru,2018-10-16,35.37,94.07,26.88,0.74,6.52,19.06,90.0,Satisfactory
Bengaluru,2018-10-17,19.99,51.83,22.81,0.75,6.56,18.23,75.0,Satisfactory
Bengaluru,2018-10-18,62.95,55.23,28.34,0.82,6.45,21.13,116.0,Moderate
Bengaluru,2018-10-19,20.75,61.94,21.84,0.74,6.31,19.64,81.0,Satisfactory
Bengaluru,2018-10-20,25.61,86.65,25.93,0.75,6.74,27.25,71.0,Satisfactory
Bengaluru,2018-10-21,36.42,122.86,30.1,0.74,7.29,29.37,88.0,Satisfactory
Bengaluru,2018-10-22,37.81,132.8,41.15,1.04,7.54,29.12,102.0,Moderate
Bengaluru,2018-10-23,49.17,123.18,43.25,1.16,8.02,24.69,119.0,Moderate
Bengaluru,2018-10-24,62.67,111.41,40.4,1.01,8.31,24.3,132.0,Moderate
Bengaluru,2018-10-25,46.34,121.55,36.95,1.02,6.52,25.3,110.0,Moderate
Bengaluru,2018-10-26,50.19,123.42,40.42,1.01,7.67,30.95,101.0,Moderate
Bengaluru,2018-10-27,39.65,112.7,45.83,1.03,6.75,37.95,107.0,Moderate
Bengaluru,2018-10-28,37.32,96.1,45.79,0.97,6.29,38.38,108.0,Moderate
Bengaluru,2018-10-29,36.11,101.84,56.14,1.12,7.03,35.49,103.0,Moderate
Bengaluru,2018-10-30,40.12,109.55,58.13,1.19,6.8,28.94,125.0,Moderate
Bengaluru,2018-10-31,40.02,106.07,42.16,1.06,5.81,26.11,107.0,Moderate
Bengaluru,2018-11-01,20.96,66.49,31.6,0.95,7.01,23.72,92.0,Satisfactory
Bengaluru,2018-11-02,17.57,56.53,24.14,0.96,6.14,16.57,84.0,Satisfactory
Bengaluru,2018-11-03,21.42,63.23,24.36,1.1,6.46,20.21,82.0,Satisfactory
Bengaluru,2018-11-04,21.84,77.72,22.91,0.82,6.17,27.03,74.0,Satisfactory
Bengaluru,2018-11-05,23.98,90.86,28.89,1.03,6.14,21.7,81.0,Satisfactory
Bengaluru,2018-11-06,41.38,116.55,30.42,1.12,7.11,20.31,110.0,Moderate
Bengaluru,2018-11-07,57.03,107.56,31.2,1.04,7.8,27.35,97.0,Satisfactory
Bengaluru,2018-11-08,61.98,108.02,32.99,0.99,7.7,23.63,144.0,Moderate
Bengaluru,2018-11-09,33.68,98.45,29.99,0.99,5.77,25.02,94.0,Satisfactory
Bengaluru,2018-11-10,50.36,88.44,35.38,1.05,4.97,29.27,96.0,Satisfactory
Bengaluru,2018-11-11,55.48,101.12,37.67,1.11,5.67,34.04,105.0,Moderate
Bengaluru,2018-11-12,63.66,120.24,47.6,1.38,6.65,25.83,113.0,Moderate
Bengaluru,2018-11-13,71.05,130.84,50.42,1.46,7.96,28.07,143.0,Moderate
Bengaluru,2018-11-14,77.53,143.53,56.64,1.57,7.78,25.98,143.0,Moderate
Bengaluru,2018-11-15,58.35,105.52,43.91,1.43,6.5,17.61,141.0,Moderate
Bengaluru,2018-11-16,25.1,59.99,28.79,1.05,5.06,19.48,88.0,Satisfactory
Bengaluru,2018-11-17,49.2,96.6,28.7,1.02,5.2,35.62,84.0,Satisfactory
Bengaluru,2018-11-18,41.2,83.45,20.87,1.01,5.38,26.38,91.0,Satisfactory
Bengaluru,2018-11-19,19.95,61.66,22.54,1.1,5.57,13.5,77.0,Satisfactory
Bengaluru,2018-11-20,25.85,67.23,28.52,1.09,5.21,16.08,77.0,Satisfactory
Bengaluru,2018-11-21,33.31,71.11,28.34,1.02,5.74,21.91,81.0,Satisfactory
Bengaluru,2018-11-22,17.95,39.52,24.12,1.03,5.89,11.65,73.0,Satisfactory
Bengaluru,2018-11-23,25.58,50.78,27.32,1.11,5.57,11.55,79.0,Satisfactory
Bengaluru,2018-11-24,108.3,93.05,29.96,1.04,5.34,25.36,144.0,Moderate
Bengaluru,2018-11-25,61.34,106.53,27.32,0.85,5.25,41.24,142.0,Moderate
Bengaluru,2018-11-26,71.66,119.7,30.65,0.83,5.65,58.03,124.0,Moderate
Bengaluru,2018-11-27,54.73,137.9,36.44,0.84,5.5,62.99,127.0,Moderate
Bengaluru,2018-11-28,59.58,112.2,29.98,0.89,5.6,52.81,127.0,Moderate
Bengaluru,2018-11-29,42.06,86.54,25.48,0.93,5.48,42.35,119.0,Moderate
Bengaluru,2018-11-30,43.16,79.92,28.44,0.89,5.46,47.85,94.0,Satisfactory
Bengaluru,2018-12-01,40.67,83.54,31.03,0.97,5.49,50.45,86.0,Satisfactory
Bengaluru,2018-12-02,28.25,68.25,24.59,0.79,6.21,59.89,92.0,Satisfactory
Bengaluru,2018-12-03,33.56,69.43,25.62,0.8,6.78,43.92,73.0,Satisfactory
Bengaluru,2018-12-04,25.83,74.27,26.42,0.89,5.86,24.11,75.0,Satisfactory
Bengaluru,2018-12-05,51.43,64.2,23.94,0.87,5.69,26.63,106.0,Moderate
Bengaluru,2018-12-06,29.32,81.35,29.76,0.9,6.47,35.15,87.0,Satisfactory
Bengaluru,2018-12-07,37.49,150.02,31.25,0.93,5.9,33.42,90.0,Satisfactory
Bengaluru,2018-12-08,61.0,98.66,33.48,0.78,5.86,52.77,119.0,Moderate
Bengaluru,2018-12-09,63.28,110.14,23.23,0.75,7.38,80.57,128.0,Moderate
Bengaluru,2018-12-10,75.78,137.41,30.66,1.04,5.77,76.51,157.0,Moderate
Bengaluru,2018-12-11,88.98,177.97,38.55,1.08,5.94,69.85,180.0,Moderate
Bengaluru,2018-12-12,78.59,142.62,40.02,1.05,6.32,66.64,179.0,Moderate
Bengaluru,2018-12-13,67.36,103.83,36.8,1.03,6.32,59.79,148.0,Moderate
Bengaluru,2018-12-14,48.45,84.47,36.41,0.97,6.57,50.06,103.0,Moderate
Bengaluru,2018-12-15,47.62,81.06,35.48,0.96,6.24,48.1,85.0,Satisfactory
Bengaluru,2018-12-16,64.42,109.67,40.02,0.98,6.45,73.64,112.0,Moderate
Bengaluru,2018-12-17,86.94,140.52,54.92,1.29,7.69,51.64,146.0,Moderate
Bengaluru,2018-12-18,98.84,181.41,63.57,1.72,5.98,38.34,225.0,Poor
Bengaluru,2018-12-19,61.84,132.37,47.79,1.11,6.12,57.86,142.0,Moderate
Bengaluru,2018-12-20,45.7,105.66,35.34,0.83,6.04,64.96,130.0,Moderate
Bengaluru,2018-12-21,51.63,106.8,38.9,0.99,5.88,56.78,116.0,Moderate
Bengaluru,2018-12-22,42.57,93.24,35.19,0.91,6.01,41.65,109.0,Moderate
Bengaluru,2018-12-23,37.34,86.46,23.96,0.82,4.98,46.25,87.0,Satisfactory
Bengaluru,2018-12-24,43.13,85.68,27.87,0.85,5.33,41.44,79.0,Satisfactory
Bengaluru,2018-12-25,57.89,102.48,33.44,0.93,5.24,54.0,103.0,Moderate
Bengaluru,2018-12-26,59.38,100.47,33.7,1.01,5.27,55.22,118.0,Moderate
Bengaluru,2018-12-27,57.28,107.8,31.17,0.9,5.67,55.3,117.0,Moderate
Bengaluru,2018-12-28,68.37,111.01,31.77,0.91,6.12,57.62,123.0,Moderate
Bengaluru,2018-12-29,65.81,106.31,31.32,0.89,6.07,47.62,124.0,Moderate
Bengaluru,2018-12-30,64.29,100.07,28.97,0.85,5.34,64.73,127.0,Moderate
Bengaluru,2018-12-31,63.77,107.44,37.46,1.02,7.25,55.18,123.0,Moderate
Bengaluru,2019-01-01,61.55,107.76,38.19,0.98,8.29,56.91,128.0,Moderate
Bengaluru,2019-01-02,47.27,92.47,39.73,1.06,10.22,51.25,103.0,Moderate
Bengaluru,2019-01-03,48.86,96.42,46.55,1.01,8.15,46.4,101.0,Moderate
Bengaluru,2019-01-04,51.35,105.52,45.87,1.09,5.76,41.42,106.0,Moderate
Bengaluru,2019-01-05,46.57,99.1,41.74,1.03,6.13,50.61,104.0,Moderate
Bengaluru,2019-01-06,56.8,105.51,35.73,0.89,6.36,64.29,115.0,Moderate
Bengaluru,2019-01-07,58.29,116.5,44.9,1.05,7.13,55.51,120.0,Moderate
Bengaluru,2019-01-08,60.04,106.76,49.33,1.06,7.64,47.42,120.0,Moderate
Bengaluru,2019-01-09,62.6,113.27,52.68,1.05,7.01,54.54,122.0,Moderate
Bengaluru,2019-01-10,63.63,108.49,53.48,0.94,5.88,56.23,120.0,Moderate
Bengaluru,2019-01-11,59.52,111.13,49.16,1.01,5.79,57.02,126.0,Moderate
Bengaluru,2019-01-12,70.5,121.91,49.28,1.04,5.73,61.7,132.0,Moderate
Bengaluru,2019-01-13,54.44,99.59,42.99,0.93,5.47,65.16,125.0,Moderate
Bengaluru,2019-01-14,58.36,110.39,47.07,1.02,4.93,50.93,111.0,Moderate
Bengaluru,2019-01-15,47.13,86.88,46.93,0.85,5.28,55.78,109.0,Moderate
Bengaluru,2019-01-16,62.4,99.49,48.15,0.98,5.05,69.72,113.0,Moderate
Bengaluru,2019-01-17,67.83,120.55,42.88,1.09,5.74,53.81,121.0,Moderate
Bengaluru,2019-01-18,75.06,118.41,34.15,1.02,5.35,54.41,152.0,Moderate
Bengaluru,2019-01-19,59.01,102.34,36.98,0.94,5.07,46.91,122.0,Moderate
Bengaluru,2019-01-20,42.33,82.67,32.59,0.79,5.2,63.97,106.0,Moderate
Bengaluru,2019-01-21,52.05,99.24,37.39,0.92,5.32,67.06,101.0,Moderate
Bengaluru,2019-01-22,72.45,136.15,42.87,1.06,5.06,72.89,145.0,Moderate
Bengaluru,2019-01-23,60.91,121.85,42.79,1.04,5.42,67.41,156.0,Moderate
Bengaluru,2019-01-24,50.66,109.76,33.87,0.87,4.97,61.46,130.0,Moderate
Bengaluru,2019-01-25,35.76,87.96,31.94,0.84,4.79,56.81,109.0,Moderate
Bengaluru,2019-01-26,51.09,101.59,30.06,0.87,5.27,52.2,102.0,Moderate
Bengaluru,2019-01-27,40.56,87.62,26.0,0.8,5.16,55.36,101.0,Moderate
Bengaluru,2019-01-28,38.48,73.19,26.16,0.73,4.12,53.78,99.0,Satisfactory
Bengaluru,2019-01-29,29.81,62.01,29.22,0.88,4.91,47.64,83.0,Satisfactory
Bengaluru,2019-01-30,62.71,92.31,35.51,1.01,4.8,59.22,107.0,Moderate
Bengaluru,2019-01-31,48.44,94.63,33.94,0.88,5.45,67.58,132.0,Moderate
Bengaluru,2019-02-01,49.67,99.62,37.21,0.87,5.35,63.66,109.0,Moderate
Bengaluru,2019-02-02,45.32,96.87,34.78,0.82,5.01,61.35,104.0,Moderate
Bengaluru,2019-02-03,39.5,87.56,28.58,0.8,4.58,64.91,101.0,Moderate
Bengaluru,2019-02-04,32.91,70.95,27.77,0.82,4.6,49.04,81.0,Satisfactory
Bengaluru,2019-02-05,37.93,82.59,29.41,0.86,4.54,65.7,92.0,Satisfactory
Bengaluru,2019-02-06,60.08,115.27,38.44,0.88,5.81,78.02,120.0,Moderate
Bengaluru,2019-02-07,51.88,117.29,36.87,0.94,5.3,73.99,146.0,Moderate
Bengaluru,2019-02-08,54.76,108.3,30.73,0.85,5.21,65.0,113.0,Moderate
Bengaluru,2019-02-09,68.68,123.42,40.49,1.25,6.19,55.17,134.0,Moderate
Bengaluru,2019-02-10,50.31,93.13,32.83,0.96,4.52,41.91,112.0,Moderate
Bengaluru,2019-02-11,41.65,78.53,28.6,0.81,4.04,37.69,80.0,Satisfactory
Bengaluru,2019-02-12,49.32,88.06,32.05,0.82,3.99,49.43,84.0,Satisfactory
Bengaluru,2019-02-13,47.31,92.86,34.53,0.9,4.75,52.51,96.0,Satisfactory
Bengaluru,2019-02-14,37.94,84.87,31.95,0.71,4.88,57.75,89.0,Satisfactory
Bengaluru,2019-02-15,35.35,92.27,32.12,0.87,4.08,59.52,103.0,Moderate
Bengaluru,2019-02-16,45.37,98.49,35.5,1.05,4.69,56.07,107.0,Moderate
Bengaluru,2019-02-17,47.43,108.7,33.19,0.99,4.15,62.98,123.0,Moderate
Bengaluru,2019-02-18,42.92,104.51,39.84,1.23,4.52,48.6,116.0,Moderate
Bengaluru,2019-02-19,44.28,98.5,33.16,0.95,4.52,50.9,116.0,Moderate
Bengaluru,2019-02-20,31.49,79.97,28.91,0.85,4.39,40.97,87.0,Satisfactory
Bengaluru,2019-02-21,36.4,92.9,35.7,0.96,5.06,41.82,85.0,Satisfactory
Bengaluru,2019-02-22,38.35,101.4,40.77,0.96,5.45,42.98,99.0,Satisfactory
Bengaluru,2019-02-23,51.36,113.03,50.05,1.03,5.53,43.98,105.0,Moderate
Bengaluru,2019-02-24,47.59,97.06,47.01,0.94,5.19,53.2,110.0,Moderate
Bengaluru,2019-02-25,39.23,96.15,46.39,1.0,6.12,55.66,103.0,Moderate
Bengaluru,2019-02-26,51.92,101.91,42.06,0.99,6.29,64.35,120.0,Moderate
Bengaluru,2019-02-27,45.49,94.03,33.49,0.93,4.45,58.28,115.0,Moderate
Bengaluru,2019-02-28,50.8,111.32,38.76,0.94,4.87,56.36,125.0,Moderate
Bengaluru,2019-03-01,58.18,125.3,44.64,1.05,4.93,53.3,143.0,Moderate
Bengaluru,2019-03-02,40.93,95.38,26.91,0.83,4.57,49.67,107.0,Moderate
Bengaluru,2019-03-03,36.98,92.75,30.74,0.86,4.87,55.58,114.0,Moderate
Bengaluru,2019-03-04,43.15,100.96,29.23,0.8,5.09,63.42,123.0,Moderate
Bengaluru,2019-03-05,49.8,112.83,31.26,1.11,4.2,56.77,118.0,Moderate
Bengaluru,2019-03-06,53.53,116.45,35.74,1.13,4.12,48.36,128.0,Moderate
Bengaluru,2019-03-07,65.98,158.87,47.25,1.44,6.25,39.54,152.0,Moderate
Bengaluru,2019-03-08,69.62,141.49,46.88,1.32,7.02,49.42,167.0,Moderate
Bengaluru,2019-03-09,51.08,114.17,27.19,1.01,5.51,56.41,151.0,Moderate
Bengaluru,2019-03-10,39.45,85.59,19.09,0.81,5.12,47.45,100.0,Satisfactory
Bengaluru,2019-03-11,34.4,79.55,21.93,0.75,6.11,55.52,91.0,Satisfactory
Bengaluru,2019-03-12,46.15,108.89,27.97,0.8,8.64,67.73,105.0,Moderate
Bengaluru,2019-03-13,50.05,120.17,34.27,0.89,9.55,59.27,113.0,Moderate
Bengaluru,2019-03-14,43.73,116.74,29.7,0.73,6.55,65.46,118.0,Moderate
Bengaluru,2019-03-15,41.75,110.46,35.68,0.89,6.12,54.19,106.0,Moderate
Bengaluru,2019-03-16,44.32,118.8,38.3,0.94,5.15,47.32,108.0,Moderate
Bengaluru,2019-03-17,45.56,104.35,34.1,0.87,5.01,66.57,115.0,Moderate
Bengaluru,2019-03-18,43.24,99.47,31.64,0.8,5.61,67.48,123.0,Moderate
Bengaluru,2019-03-19,39.71,94.23,30.9,0.82,5.13,59.72,113.0,Moderate
Bengaluru,2019-03-20,39.8,91.98,27.36,0.73,5.7,57.62,102.0,Moderate
Bengaluru,2019-03-21,49.74,94.78,27.84,0.87,5.44,61.82,120.0,Moderate
Bengaluru,2019-03-22,44.52,96.39,30.85,0.94,6.86,59.05,122.0,Moderate
Bengaluru,2019-03-23,51.6,102.51,34.12,0.97,5.8,58.37,119.0,Moderate
Bengaluru,2019-03-24,47.42,93.06,28.12,0.84,6.92,64.14,120.0,Moderate
Bengaluru,2019-03-25,46.52,105.51,34.13,0.84,7.66,49.93,97.0,Satisfactory
Bengaluru,2019-03-26,48.85,112.26,39.23,0.93,7.29,57.9,113.0,Moderate
Bengaluru,2019-03-27,56.52,121.14,40.26,1.08,6.91,55.64,129.0,Moderate
Bengaluru,2019-03-28,61.59,129.96,47.4,1.17,6.72,51.02,148.0,Moderate
Bengaluru,2019-03-29,58.92,129.31,40.64,1.14,5.4,62.38,149.0,Moderate
Bengaluru,2019-03-30,57.09,123.2,38.21,1.15,4.89,54.03,137.0,Moderate
Bengaluru,2019-03-31,55.88,107.85,32.37,0.9,4.68,52.26,135.0,Moderate
Bengaluru,2019-04-01,53.46,110.5,35.35,1.01,4.73,49.03,126.0,Moderate
Bengaluru,2019-04-02,55.62,123.38,40.91,1.03,5.37,46.15,136.0,Moderate
Bengaluru,2019-04-03,53.61,120.13,40.06,0.94,4.96,54.26,135.0,Moderate
Bengaluru,2019-04-04,58.15,108.63,32.87,0.94,6.16,50.92,127.0,Moderate
Bengaluru,2019-04-05,46.54,108.25,37.85,1.07,5.22,53.59,130.0,Moderate
Bengaluru,2019-04-06,46.55,112.08,32.46,0.95,4.83,64.46,130.0,Moderate
Bengaluru,2019-04-07,51.73,103.64,32.1,0.98,4.86,68.41,127.0,Moderate
Bengaluru,2019-04-08,52.79,94.86,34.46,0.95,5.66,59.17,125.0,Moderate
Bengaluru,2019-04-09,43.88,90.8,33.09,1.09,5.07,66.47,149.0,Moderate
Bengaluru,2019-04-10,52.18,107.04,36.58,1.13,4.99,45.42,123.0,Moderate
Bengaluru,2019-04-11,49.25,113.7,34.41,0.89,5.76,40.76,112.0,Moderate
Bengaluru,2019-04-12,49.46,109.0,36.1,0.95,5.41,51.55,130.0,Moderate
Bengaluru,2019-04-13,47.24,98.37,30.69,0.92,7.4,52.04,109.0,Moderate
Bengaluru,2019-04-14,41.74,89.76,27.4,0.78,8.4,56.7,106.0,Moderate
Bengaluru,2019-04-15,52.38,92.14,33.83,1.04,7.56,54.29,111.0,Moderate
Bengaluru,2019-04-16,40.54,94.39,33.94,0.99,5.95,51.67,115.0,Moderate
Bengaluru,2019-04-17,52.84,97.64,31.76,1.16,5.09,38.4,124.0,Moderate
Bengaluru,2019-04-18,46.1,72.34,32.17,1.09,4.1,47.27,127.0,Moderate
Bengaluru,2019-04-19,42.33,63.83,29.02,0.9,4.55,47.03,107.0,Moderate
Bengaluru,2019-04-20,29.75,73.46,31.84,1.02,5.28,55.89,122.0,Moderate
Bengaluru,2019-04-21,25.18,69.39,32.67,1.04,4.9,56.53,106.0,Moderate
Bengaluru,2019-04-22,40.9,92.48,31.25,1.1,4.83,45.27,107.0,Moderate
Bengaluru,2019-04-23,37.08,77.31,32.12,1.31,4.42,57.49,112.0,Moderate
Bengaluru,2019-04-24,42.76,85.7,33.95,1.22,4.37,53.21,108.0,Moderate
Bengaluru,2019-04-25,57.96,109.49,36.31,1.19,5.35,54.27,126.0,Moderate
Bengaluru,2019-04-26,63.83,109.42,33.66,1.08,4.45,57.17,144.0,Moderate
Bengaluru,2019-04-27,66.34,123.11,29.77,0.84,4.97,61.68,150.0,Moderate
Bengaluru,2019-04-28,61.63,117.36,30.6,1.0,5.76,53.79,141.0,Moderate
Bengaluru,2019-04-29,62.42,108.27,30.05,0.95,4.5,50.57,140.0,Moderate
Bengaluru,2019-04-30,53.78,94.01,23.6,0.92,3.88,60.14,124.0,Moderate
Bengaluru,2019-05-01,42.75,74.84,21.81,0.99,4.72,55.94,111.0,Moderate
Bengaluru,2019-05-02,46.45,102.47,21.41,0.86,4.34,46.73,103.0,Moderate
Bengaluru,2019-05-03,47.56,95.06,22.23,0.74,4.43,48.84,112.0,Moderate
Bengaluru,2019-05-04,56.62,116.59,25.08,0.85,3.67,51.98,120.0,Moderate
Bengaluru,2019-05-05,54.62,110.84,26.36,0.8,4.21,61.04,132.0,Moderate
Bengaluru,2019-05-06,52.76,106.65,27.54,0.8,4.03,66.44,131.0,Moderate
Bengaluru,2019-05-07,42.61,87.52,23.95,0.86,4.63,47.19,113.0,Moderate
Bengaluru,2019-05-08,33.28,81.91,25.0,0.88,4.16,34.37,87.0,Satisfactory
Bengaluru,2019-05-09,51.42,94.86,30.32,1.36,4.4,37.92,106.0,Moderate
Bengaluru,2019-05-10,39.33,93.68,29.13,0.94,4.23,49.37,120.0,Moderate
Bengaluru,2019-05-11,40.38,93.84,27.17,0.97,3.64,48.35,105.0,Moderate
Bengaluru,2019-05-12,34.41,93.08,26.85,1.06,4.01,41.87,101.0,Moderate
Bengaluru,2019-05-13,32.08,86.2,25.1,0.91,4.11,50.16,106.0,Moderate
Bengaluru,2019-05-14,31.91,88.8,24.31,0.92,5.41,50.77,88.0,Satisfactory
Bengaluru,2019-05-15,33.89,81.23,24.45,1.01,4.29,38.96,96.0,Satisfactory
Bengaluru,2019-05-16,38.93,93.74,34.47,1.23,3.69,44.94,102.0,Moderate
Bengaluru,2019-05-17,40.64,91.59,32.51,1.19,4.17,36.64,110.0,Moderate
Bengaluru,2019-05-18,55.14,118.1,35.15,1.19,4.54,43.17,121.0,Moderate
Bengaluru,2019-05-19,51.35,101.63,27.75,0.97,3.86,45.7,116.0,Moderate
Bengaluru,2019-05-20,46.82,105.55,29.22,1.06,4.83,40.95,109.0,Moderate
Bengaluru,2019-05-21,45.3,93.68,26.31,0.88,4.25,51.87,109.0,Moderate
Bengaluru,2019-05-22,40.4,84.74,28.98,1.11,5.69,62.73,107.0,Moderate
Bengaluru,2019-05-23,43.26,97.98,34.61,1.04,3.95,34.01,102.0,Moderate
Bengaluru,2019-05-24,35.93,75.5,27.67,0.89,5.29,51.84,92.0,Satisfactory
Bengaluru,2019-05-25,26.07,71.31,25.34,0.79,5.0,54.83,82.0,Satisfactory
Bengaluru,2019-05-26,22.5,49.25,26.04,0.69,3.85,65.11,91.0,Satisfactory
Bengaluru,2019-05-27,25.77,59.78,32.49,0.94,4.44,60.35,92.0,Satisfactory
Bengaluru,2019-05-28,38.91,84.93,25.31,0.92,4.07,51.83,92.0,Satisfactory
Bengaluru,2019-05-29,28.66,62.28,24.99,0.75,4.82,82.31,112.0,Moderate
Bengaluru,2019-05-30,35.18,77.36,22.93,0.79,3.96,64.17,98.0,Satisfactory
Bengaluru,2019-05-31,30.29,60.85,24.81,0.82,4.09,69.14,101.0,Moderate
Bengaluru,2019-06-01,28.95,64.19,27.09,1.04,4.4,52.56,89.0,Satisfactory
Bengaluru,2019-06-02,44.24,64.72,18.31,0.85,4.39,45.14,100.0,Satisfactory
Bengaluru,2019-06-03,20.3,42.09,23.54,0.9,4.71,51.34,98.0,Satisfactory
Bengaluru,2019-06-04,27.33,61.65,24.48,0.79,4.54,40.04,69.0,Satisfactory
Bengaluru,2019-06-05,28.4,56.09,23.56,0.75,4.73,45.01,78.0,Satisfactory
Bengaluru,2019-06-06,25.72,51.53,27.41,1.02,4.17,46.31,78.0,Satisfactory
Bengaluru,2019-06-07,25.02,56.96,31.44,0.92,5.38,50.51,102.0,Moderate
Bengaluru,2019-06-08,23.54,53.47,23.49,0.81,5.1,54.31,76.0,Satisfactory
Bengaluru,2019-06-09,16.31,39.84,17.7,0.66,4.02,50.05,66.0,Satisfactory
Bengaluru,2019-06-10,7.85,25.87,16.77,0.62,4.44,45.0,54.0,Satisfactory
Bengaluru,2019-06-11,11.32,30.88,16.85,0.72,4.58,36.82,50.0,Good
Bengaluru,2019-06-12,12.8,35.87,17.93,0.61,6.09,30.56,51.0,Satisfactory
Bengaluru,2019-06-13,16.38,38.15,17.76,0.66,7.48,25.3,50.0,Good
Bengaluru,2019-06-14,22.11,47.2,18.09,0.64,8.44,24.42,59.0,Satisfactory
Bengaluru,2019-06-15,23.64,54.09,20.9,0.68,8.45,24.61,69.0,Satisfactory
Bengaluru,2019-06-16,22.01,56.08,18.54,0.62,8.99,25.18,63.0,Satisfactory
Bengaluru,2019-06-17,25.77,64.03,21.68,0.7,8.36,30.6,61.0,Satisfactory
Bengaluru,2019-06-18,28.82,64.96,20.1,0.7,6.23,30.67,70.0,Satisfactory
Bengaluru,2019-06-19,25.41,60.88,20.9,0.78,4.91,29.26,74.0,Satisfactory
Bengaluru,2019-06-20,24.36,53.32,18.74,0.65,4.96,32.97,67.0,Satisfactory
Bengaluru,2019-06-21,25.35,56.61,20.66,0.74,5.48,38.03,64.0,Satisfactory
Bengaluru,2019-06-22,16.58,45.48,20.04,0.69,5.06,38.81,67.0,Satisfactory
Bengaluru,2019-06-23,14.8,36.43,20.19,0.67,4.46,37.89,66.0,Satisfactory
Bengaluru,2019-06-24,18.54,44.9,21.39,0.71,4.33,32.56,65.0,Satisfactory
Bengaluru,2019-06-25,30.39,76.25,23.04,0.76,4.77,30.97,65.0,Satisfactory
Bengaluru,2019-06-26,34.69,61.12,21.39,0.76,4.15,25.3,74.0,Satisfactory
Bengaluru,2019-06-27,26.44,65.51,21.17,0.72,4.27,28.6,72.0,Satisfactory
Bengaluru,2019-06-28,26.98,85.13,21.09,0.68,4.78,33.5,72.0,Satisfactory
Bengaluru,2019-06-29,25.37,81.98,24.27,0.72,4.7,37.55,79.0,Satisfactory
Bengaluru,2019-06-30,20.16,63.53,17.51,0.63,3.91,33.55,68.0,Satisfactory
Bengaluru,2019-07-01,26.89,70.15,18.8,0.71,4.63,35.0,65.0,Satisfactory
Bengaluru,2019-07-02,20.79,62.01,19.94,0.73,5.37,39.44,70.0,Satisfactory
Bengaluru,2019-07-03,18.25,60.9,18.61,0.7,4.98,33.59,64.0,Satisfactory
Bengaluru,2019-07-04,18.92,60.19,21.98,0.79,5.09,27.13,65.0,Satisfactory
Bengaluru,2019-07-05,20.9,57.46,19.92,0.7,5.03,25.86,63.0,Satisfactory
Bengaluru,2019-07-06,16.65,51.06,21.47,0.76,5.32,29.0,62.0,Satisfactory
Bengaluru,2019-07-07,19.38,68.71,18.38,0.75,5.3,32.8,69.0,Satisfactory
Bengaluru,2019-07-08,17.24,55.7,16.23,0.76,5.8,29.35,58.0,Satisfactory
Bengaluru,2019-07-09,19.53,46.87,16.78,0.86,5.41,25.43,64.0,Satisfactory
Bengaluru,2019-07-10,31.67,50.35,19.9,0.78,5.79,30.18,68.0,Satisfactory
Bengaluru,2019-07-11,23.49,61.32,24.25,0.84,7.22,31.66,86.0,Satisfactory
Bengaluru,2019-07-12,20.95,62.33,22.71,0.79,7.87,32.12,71.0,Satisfactory
Bengaluru,2019-07-13,20.39,57.91,21.27,0.75,6.01,32.55,62.0,Satisfactory
Bengaluru,2019-07-14,19.18,51.48,20.0,0.74,6.77,31.64,63.0,Satisfactory
Bengaluru,2019-07-15,17.84,47.39,21.24,0.8,5.93,32.19,65.0,Satisfactory
Bengaluru,2019-07-16,24.91,46.99,21.88,0.8,4.12,25.04,65.0,Satisfactory
Bengaluru,2019-07-17,26.83,55.0,24.84,0.82,3.9,25.39,69.0,Satisfactory
Bengaluru,2019-07-18,30.97,62.36,27.45,0.85,4.16,23.45,73.0,Satisfactory
Bengaluru,2019-07-19,18.98,37.85,22.61,0.67,4.42,22.89,66.0,Satisfactory
Bengaluru,2019-07-20,15.96,42.66,21.56,0.63,7.4,25.53,48.0,Good
Bengaluru,2019-07-21,19.24,41.46,23.64,0.67,7.96,25.98,64.0,Satisfactory
Bengaluru,2019-07-22,15.91,41.71,24.64,0.69,6.1,27.44,57.0,Satisfactory
Bengaluru,2019-07-23,19.14,41.62,23.99,0.75,3.98,24.3,56.0,Satisfactory
Bengaluru,2019-07-24,20.89,63.75,23.42,0.67,3.69,25.88,60.0,Satisfactory
Bengaluru,2019-07-25,20.67,53.24,23.58,0.77,3.63,23.94,64.0,Satisfactory
Bengaluru,2019-07-26,20.33,53.25,23.49,0.73,4.09,21.84,62.0,Satisfactory
Bengaluru,2019-07-27,23.21,50.99,20.93,0.64,3.87,24.81,55.0,Satisfactory
Bengaluru,2019-07-28,23.3,49.13,21.15,0.71,5.9,25.68,62.0,Satisfactory
Bengaluru,2019-07-29,18.61,56.25,19.89,0.68,3.82,25.3,64.0,Satisfactory
Bengaluru,2019-07-30,23.14,56.4,21.54,0.72,3.95,23.02,58.0,Satisfactory
Bengaluru,2019-07-31,26.99,47.37,21.64,0.66,3.58,23.67,58.0,Satisfactory
Bengaluru,2019-08-01,19.87,51.46,19.76,0.69,3.68,23.76,61.0,Satisfactory
Bengaluru,2019-08-02,18.45,52.16,22.04,0.75,4.34,21.7,59.0,Satisfactory
Bengaluru,2019-08-03,18.13,46.6,19.08,0.65,4.05,25.31,56.0,Satisfactory
Bengaluru,2019-08-04,16.26,41.66,17.21,0.69,4.08,23.02,60.0,Satisfactory
Bengaluru,2019-08-05,15.08,29.63,18.83,0.65,4.26,17.14,53.0,Satisfactory
Bengaluru,2019-08-06,14.76,30.58,20.9,0.71,4.38,18.42,48.0,Good
Bengaluru,2019-08-07,14.94,32.65,20.29,0.78,4.52,14.32,57.0,Satisfactory
Bengaluru,2019-08-08,14.31,27.28,19.56,0.67,4.1,14.25,53.0,Satisfactory
Bengaluru,2019-08-09,15.53,30.16,21.17,0.71,3.44,17.32,55.0,Satisfactory
Bengaluru,2019-08-10,13.63,38.48,22.07,0.72,3.53,18.47,49.0,Good
Bengaluru,2019-08-11,12.95,38.27,19.08,0.61,3.57,17.76,50.0,Good
Bengaluru,2019-08-12,18.62,46.51,21.34,0.78,4.06,17.11,52.0,Satisfactory
Bengaluru,2019-08-13,22.1,46.9,24.49,0.93,4.13,18.88,68.0,Satisfactory
Bengaluru,2019-08-14,26.64,46.08,22.95,0.81,3.5,22.74,70.0,Satisfactory
Bengaluru,2019-08-15,15.63,38.14,20.93,0.69,2.97,22.46,59.0,Satisfactory
Bengaluru,2019-08-16,18.63,34.85,20.7,0.76,3.49,16.92,51.0,Satisfactory
Bengaluru,2019-08-17,20.79,52.0,24.71,0.9,3.7,16.32,61.0,Satisfactory
Bengaluru,2019-08-18,23.25,47.66,26.34,0.85,3.66,14.77,67.0,Satisfactory
Bengaluru,2019-08-19,20.73,49.59,27.88,0.88,3.85,17.67,65.0,Satisfactory
Bengaluru,2019-08-20,18.28,48.73,24.0,0.98,3.8,15.63,74.0,Satisfactory
Bengaluru,2019-08-21,17.04,45.86,20.38,1.06,4.86,17.45,73.0,Satisfactory
Bengaluru,2019-08-22,17.3,57.03,18.74,0.83,4.84,16.68,68.0,Satisfactory
Bengaluru,2019-08-23,15.08,44.78,18.23,0.85,4.64,18.5,65.0,Satisfactory
Bengaluru,2019-08-24,15.29,63.42,19.16,0.77,4.8,18.52,57.0,Satisfactory
Bengaluru,2019-08-25,14.98,55.99,15.48,0.58,5.48,20.37,68.0,Satisfactory
Bengaluru,2019-08-26,14.14,49.29,17.29,0.72,5.42,22.91,63.0,Satisfactory
Bengaluru,2019-08-27,11.42,47.0,19.78,0.71,7.1,23.6,61.0,Satisfactory
Bengaluru,2019-08-28,15.3,42.17,21.27,0.63,5.11,22.94,52.0,Satisfactory
Bengaluru,2019-08-29,17.22,44.99,18.4,0.64,5.43,22.19,49.0,Good
Bengaluru,2019-08-30,15.01,50.6,17.69,0.71,5.01,22.84,53.0,Satisfactory
Bengaluru,2019-08-31,20.82,65.26,19.48,0.79,4.89,21.78,63.0,Satisfactory
Bengaluru,2019-09-01,17.64,47.85,15.11,0.67,5.24,21.03,61.0,Satisfactory
Bengaluru,2019-09-02,10.98,27.78,12.39,0.64,5.3,21.01,48.0,Good
Bengaluru,2019-09-03,11.18,32.65,15.56,0.73,5.21,20.36,51.0,Satisfactory
Bengaluru,2019-09-04,13.01,40.46,16.9,0.72,5.33,19.94,51.0,Satisfactory
Bengaluru,2019-09-05,13.84,42.24,16.5,0.79,5.18,18.43,56.0,Satisfactory
Bengaluru,2019-09-06,15.34,44.08,16.14,0.88,5.36,17.88,64.0,Satisfactory
Bengaluru,2019-09-07,20.16,45.38,15.83,0.79,6.09,16.27,63.0,Satisfactory
Bengaluru,2019-09-08,12.63,45.47,12.36,0.79,6.15,17.38,62.0,Satisfactory
Bengaluru,2019-09-09,15.92,49.54,13.9,0.78,5.78,18.74,63.0,Satisfactory
Bengaluru,2019-09-10,20.67,58.85,12.3,0.73,5.49,22.64,67.0,Satisfactory
Bengaluru,2019-09-11,19.51,60.37,14.46,0.72,5.11,23.25,62.0,Satisfactory
Bengaluru,2019-09-12,20.53,57.11,24.3,0.8,5.18,24.32,68.0,Satisfactory
Bengaluru,2019-09-13,21.84,60.43,23.38,0.86,4.94,25.03,67.0,Satisfactory
Bengaluru,2019-09-14,22.29,56.94,21.87,0.76,5.58,27.33,70.0,Satisfactory
Bengaluru,2019-09-15,21.74,50.11,19.46,0.78,5.31,27.56,69.0,Satisfactory
Bengaluru,2019-09-16,48.41,40.74,19.11,0.82,5.11,25.41,67.0,Satisfactory
Bengaluru,2019-09-17,68.71,43.3,22.09,1.0,4.84,23.88,120.0,Moderate
Bengaluru,2019-09-18,22.83,63.17,22.04,0.95,4.32,26.44,92.0,Satisfactory
Bengaluru,2019-09-19,23.96,59.79,20.04,0.85,4.64,31.73,82.0,Satisfactory
Bengaluru,2019-09-20,19.12,56.78,23.82,0.82,4.81,30.27,67.0,Satisfactory
Bengaluru,2019-09-21,22.92,68.81,24.96,0.92,5.07,31.65,74.0,Satisfactory
Bengaluru,2019-09-22,19.15,53.11,27.97,1.01,4.92,31.13,81.0,Satisfactory
Bengaluru,2019-09-23,24.78,50.88,38.91,1.2,5.99,34.28,91.0,Satisfactory
Bengaluru,2019-09-24,17.68,36.94,33.19,1.15,5.91,43.22,100.0,Satisfactory
Bengaluru,2019-09-25,13.45,32.33,24.87,0.85,4.98,34.55,81.0,Satisfactory
Bengaluru,2019-09-26,16.59,41.07,20.76,0.83,4.63,30.31,64.0,Satisfactory
Bengaluru,2019-09-27,32.55,75.73,28.02,1.04,4.97,33.78,83.0,Satisfactory
Bengaluru,2019-09-28,26.32,78.07,26.64,0.98,4.69,42.02,99.0,Satisfactory
Bengaluru,2019-09-29,38.4,87.7,22.87,0.79,5.51,41.53,93.0,Satisfactory
Bengaluru,2019-09-30,23.22,53.78,19.29,0.81,5.24,34.56,73.0,Satisfactory
Bengaluru,2019-10-01,34.28,68.99,25.88,1.01,4.56,38.57,88.0,Satisfactory
Bengaluru,2019-10-02,17.34,36.79,32.46,0.94,6.01,40.57,92.0,Satisfactory
Bengaluru,2019-10-03,26.79,52.83,35.24,1.01,5.33,50.22,95.0,Satisfactory
Bengaluru,2019-10-04,41.28,58.29,41.03,1.1,4.35,49.07,104.0,Moderate
Bengaluru,2019-10-05,32.73,70.53,46.1,1.13,4.22,31.39,107.0,Moderate
Bengaluru,2019-10-06,27.15,55.82,33.96,0.92,3.39,37.5,85.0,Satisfactory
Bengaluru,2019-10-07,35.57,60.1,37.6,1.14,4.19,34.78,88.0,Satisfactory
Bengaluru,2019-10-08,24.46,39.4,28.28,0.71,3.39,46.65,92.0,Satisfactory
Bengaluru,2019-10-09,31.67,46.37,39.99,0.95,4.97,40.67,89.0,Satisfactory
Bengaluru,2019-10-10,73.77,70.64,36.15,0.87,4.81,34.15,146.0,Moderate
Bengaluru,2019-10-11,45.16,79.81,37.89,0.83,3.94,34.94,95.0,Satisfactory
Bengaluru,2019-10-12,38.44,75.75,30.58,0.83,4.47,29.02,90.0,Satisfactory
Bengaluru,2019-10-13,20.84,46.8,23.0,0.79,4.48,22.31,72.0,Satisfactory
Bengaluru,2019-10-14,22.61,52.98,26.95,0.85,4.18,20.5,73.0,Satisfactory
Bengaluru,2019-10-15,24.94,57.89,28.5,0.83,4.42,23.94,79.0,Satisfactory
Bengaluru,2019-10-16,21.73,57.38,28.28,0.72,3.85,25.81,71.0,Satisfactory
Bengaluru,2019-10-17,19.3,48.38,27.52,0.85,3.74,20.66,75.0,Satisfactory
Bengaluru,2019-10-18,25.83,52.13,24.42,0.71,4.83,24.17,69.0,Satisfactory
Bengaluru,2019-10-19,19.25,37.64,23.99,0.72,4.63,20.61,71.0,Satisfactory
Bengaluru,2019-10-20,17.2,39.02,23.31,0.52,5.72,26.13,56.0,Satisfactory
Bengaluru,2019-10-21,20.71,41.14,30.13,0.85,5.78,22.97,69.0,Satisfactory
Bengaluru,2019-10-22,16.46,35.11,24.22,0.83,5.59,22.81,69.0,Satisfactory
Bengaluru,2019-10-23,11.71,35.91,16.97,0.83,6.07,17.5,66.0,Satisfactory
Bengaluru,2019-10-24,12.57,46.46,15.8,0.76,6.39,21.49,62.0,Satisfactory
Bengaluru,2019-10-25,13.43,42.75,18.11,0.83,6.37,19.33,65.0,Satisfactory
Bengaluru,2019-10-26,18.21,47.6,18.89,0.74,5.76,19.0,59.0,Satisfactory
Bengaluru,2019-10-27,42.44,74.17,21.32,1.01,5.26,20.17,74.0,Satisfactory
Bengaluru,2019-10-28,42.44,78.91,24.6,1.04,5.38,18.21,88.0,Satisfactory
Bengaluru,2019-10-29,34.24,78.0,22.99,0.97,6.61,20.89,80.0,Satisfactory
Bengaluru,2019-10-30,18.77,42.23,26.91,0.98,6.42,27.66,78.0,Satisfactory
Bengaluru,2019-10-31,18.62,49.95,24.47,0.87,5.73,35.18,68.0,Satisfactory
Bengaluru,2019-11-01,27.42,77.15,25.98,0.9,6.0,41.88,84.0,Satisfactory
Bengaluru,2019-11-02,27.1,72.41,25.19,1.08,6.16,30.92,77.0,Satisfactory
Bengaluru,2019-11-03,40.0,71.78,26.32,0.99,5.46,34.6,89.0,Satisfactory
Bengaluru,2019-11-04,54.83,112.73,36.74,1.26,5.53,38.89,95.0,Satisfactory
Bengaluru,2019-11-05,73.88,144.98,41.5,1.48,6.15,34.78,139.0,Moderate
Bengaluru,2019-11-06,94.17,142.05,38.83,1.36,5.74,55.74,169.0,Moderate
Bengaluru,2019-11-07,92.21,136.66,44.07,1.38,5.9,54.15,174.0,Moderate
Bengaluru,2019-11-08,69.3,110.88,38.45,1.29,6.55,42.01,159.0,Moderate
Bengaluru,2019-11-09,47.14,102.59,35.19,1.07,5.61,41.92,116.0,Moderate
Bengaluru,2019-11-10,52.86,102.92,30.63,1.0,5.26,41.1,96.0,Satisfactory
Bengaluru,2019-11-11,61.83,117.91,33.11,0.96,5.67,57.13,124.0,Moderate
Bengaluru,2019-11-12,27.77,68.96,26.07,1.0,6.13,46.59,96.0,Satisfactory
Bengaluru,2019-11-13,30.39,81.26,28.6,0.93,6.37,43.84,83.0,Satisfactory
Bengaluru,2019-11-14,23.32,61.17,26.92,0.92,6.12,38.82,80.0,Satisfactory
Bengaluru,2019-11-15,26.33,65.78,28.61,1.1,6.02,18.93,77.0,Satisfactory
Bengaluru,2019-11-16,20.62,57.92,26.87,1.01,6.16,21.06,82.0,Satisfactory
Bengaluru,2019-11-17,30.7,64.16,28.0,0.84,6.37,36.16,76.0,Satisfactory
Bengaluru,2019-11-18,27.07,61.85,29.65,1.01,6.8,30.81,72.0,Satisfactory
Bengaluru,2019-11-19,20.23,51.01,26.77,0.96,6.55,25.97,74.0,Satisfactory
Bengaluru,2019-11-20,21.12,48.76,27.06,1.05,6.93,23.22,77.0,Satisfactory
Bengaluru,2019-11-21,42.28,78.55,34.02,1.19,6.68,29.31,86.0,Satisfactory
Bengaluru,2019-11-22,44.17,78.49,32.14,1.06,6.26,32.59,96.0,Satisfactory
Bengaluru,2019-11-23,36.68,68.13,32.05,1.01,6.44,36.87,90.0,Satisfactory
Bengaluru,2019-11-24,41.18,71.69,21.45,0.9,6.17,47.58,79.0,Satisfactory
Bengaluru,2019-11-25,37.44,69.94,27.71,1.17,6.81,37.89,83.0,Satisfactory
Bengaluru,2019-11-26,35.44,72.66,30.62,1.0,5.87,43.3,88.0,Satisfactory
Bengaluru,2019-11-27,33.02,65.25,35.64,1.22,6.34,34.88,89.0,Satisfactory
Bengaluru,2019-11-28,23.08,53.29,29.76,1.04,6.31,30.99,86.0,Satisfactory
Bengaluru,2019-11-29,22.97,61.34,25.68,1.0,5.38,24.82,75.0,Satisfactory
Bengaluru,2019-11-30,23.25,50.92,22.84,1.03,5.46,19.8,75.0,Satisfactory
Bengaluru,2019-12-01,13.46,42.5,20.19,0.93,6.35,18.54,65.0,Satisfactory
Bengaluru,2019-12-02,13.96,34.67,21.53,0.94,5.99,22.64,70.0,Satisfactory
Bengaluru,2019-12-03,27.28,55.3,27.81,1.11,6.03,28.88,76.0,Satisfactory
Bengaluru,2019-12-04,38.2,69.48,26.87,0.96,5.33,44.53,86.0,Satisfactory
Bengaluru,2019-12-05,55.45,91.85,32.39,0.94,6.48,42.62,87.0,Satisfactory
Bengaluru,2019-12-06,57.3,96.47,32.59,0.94,6.69,40.61,103.0,Moderate
Bengaluru,2019-12-07,39.42,71.64,32.74,1.05,7.05,30.49,89.0,Satisfactory
Bengaluru,2019-12-08,23.79,52.13,26.15,0.95,8.15,28.46,68.0,Satisfactory
Bengaluru,2019-12-09,21.29,56.84,29.26,1.03,6.57,29.65,70.0,Satisfactory
Bengaluru,2019-12-10,20.31,55.42,27.3,1.02,6.59,33.44,74.0,Satisfactory
Bengaluru,2019-12-11,28.62,63.74,29.94,0.84,5.96,31.81,73.0,Satisfactory
Bengaluru,2019-12-12,28.93,67.98,28.49,0.91,5.81,37.02,77.0,Satisfactory
Bengaluru,2019-12-13,30.65,71.83,26.71,0.94,6.69,35.09,74.0,Satisfactory
Bengaluru,2019-12-14,23.6,60.07,25.5,0.97,6.56,28.77,74.0,Satisfactory
Bengaluru,2019-12-15,25.33,66.09,23.85,0.78,6.28,34.2,68.0,Satisfactory
Bengaluru,2019-12-16,24.25,59.81,25.62,0.91,7.0,30.69,69.0,Satisfactory
Bengaluru,2019-12-17,27.65,61.09,28.51,1.05,6.73,30.3,69.0,Satisfactory
Bengaluru,2019-12-18,42.91,84.86,31.51,1.13,6.79,32.35,82.0,Satisfactory
Bengaluru,2019-12-19,38.66,77.48,30.63,1.16,7.36,26.97,85.0,Satisfactory
Bengaluru,2019-12-20,44.46,91.61,32.5,1.19,5.91,28.4,91.0,Satisfactory
Bengaluru,2019-12-21,48.62,89.87,29.51,0.98,6.45,37.53,95.0,Satisfactory
Bengaluru,2019-12-22,46.52,84.08,25.65,0.91,6.09,45.17,88.0,Satisfactory
Bengaluru,2019-12-23,49.33,89.98,31.35,1.0,6.11,43.35,92.0,Satisfactory
Bengaluru,2019-12-24,35.84,77.13,29.34,1.13,7.13,37.89,89.0,Satisfactory
Bengaluru,2019-12-25,35.48,71.87,26.59,1.03,5.95,32.38,76.0,Satisfactory
Bengaluru,2019-12-26,44.27,87.08,29.46,1.03,6.25,43.66,95.0,Satisfactory
Bengaluru,2019-12-27,43.32,87.09,31.24,1.09,6.6,39.42,98.0,Satisfactory
Bengaluru,2019-12-28,35.24,70.75,26.94,0.97,7.38,37.81,82.0,Satisfactory
Bengaluru,2019-12-29,38.53,73.77,26.2,0.92,7.39,43.5,80.0,Satisfactory
Bengaluru,2019-12-30,47.81,77.49,28.46,1.03,8.04,44.92,93.0,Satisfactory
Bengaluru,2019-12-31,42.54,84.76,29.1,1.06,7.58,45.78,97.0,Satisfactory
Bengaluru,2020-01-01,30.71,70.8,27.31,1.07,8.56,37.39,82.0,Satisfactory
Bengaluru,2020-01-02,25.78,62.73,28.05,1.16,7.52,33.11,81.0,Satisfactory
Bengaluru,2020-01-03,29.66,69.62,26.26,0.99,6.4,32.98,85.0,Satisfactory
Bengaluru,2020-01-04,52.62,106.81,31.56,1.39,6.94,37.35,95.0,Satisfactory
Bengaluru,2020-01-05,52.64,97.94,29.1,1.01,7.01,45.1,118.0,Moderate
Bengaluru,2020-01-06,24.74,62.08,27.57,1.09,6.97,25.22,81.0,Satisfactory
Bengaluru,2020-01-07,22.52,62.95,29.93,1.06,7.35,28.66,75.0,Satisfactory
Bengaluru,2020-01-08,30.92,74.18,30.86,1.03,6.61,47.48,93.0,Satisfactory
Bengaluru,2020-01-09,40.57,85.93,33.79,1.09,6.01,45.49,101.0,Moderate
Bengaluru,2020-01-10,39.29,83.02,36.97,1.05,7.71,39.61,94.0,Satisfactory
Bengaluru,2020-01-11,31.1,66.98,29.13,0.89,6.72,40.4,78.0,Satisfactory
Bengaluru,2020-01-12,39.5,75.34,30.57,0.97,7.38,37.47,79.0,Satisfactory
Bengaluru,2020-01-13,53.93,97.81,38.77,1.11,6.51,46.68,106.0,Moderate
Bengaluru,2020-01-14,64.35,108.24,43.03,1.08,7.03,47.83,121.0,Moderate
Bengaluru,2020-01-15,45.19,79.82,35.06,0.93,7.78,55.92,111.0,Moderate
Bengaluru,2020-01-16,39.36,84.68,38.18,1.2,7.7,59.83,114.0,Moderate
Bengaluru,2020-01-17,34.68,85.16,39.38,1.27,7.3,43.88,106.0,Moderate
Bengaluru,2020-01-18,26.9,65.04,26.29,0.95,5.81,24.91,86.0,Satisfactory
Bengaluru,2020-01-19,26.66,59.29,23.43,0.96,5.8,29.97,66.0,Satisfactory
Bengaluru,2020-01-20,34.51,82.12,33.42,1.07,5.74,35.59,81.0,Satisfactory
Bengaluru,2020-01-21,37.86,84.98,33.67,1.1,6.86,36.29,90.0,Satisfactory
Bengaluru,2020-01-22,28.25,71.37,30.62,1.23,6.35,32.1,87.0,Satisfactory
Bengaluru,2020-01-23,41.13,76.02,30.76,1.1,7.64,31.17,82.0,Satisfactory
Bengaluru,2020-01-24,42.19,84.68,39.01,1.22,7.44,29.94,108.0,Moderate
Bengaluru,2020-01-25,44.82,95.52,46.43,1.23,6.85,30.14,100.0,Satisfactory
Bengaluru,2020-01-26,44.48,93.93,45.71,1.1,8.32,36.55,97.0,Satisfactory
Bengaluru,2020-01-27,45.49,92.25,41.23,1.24,9.36,42.71,98.0,Satisfactory
Bengaluru,2020-01-28,52.63,98.54,33.37,1.17,13.04,47.28,102.0,Moderate
Bengaluru,2020-01-29,46.45,100.44,38.65,0.99,11.45,50.62,115.0,Moderate
Bengaluru,2020-01-30,43.42,107.2,47.61,1.19,9.86,37.97,112.0,Moderate
Bengaluru,2020-01-31,46.36,102.88,37.62,1.05,8.97,47.97,111.0,Moderate
Bengaluru,2020-02-01,52.07,105.15,31.67,1.03,10.3,43.71,102.0,Moderate
Bengaluru,2020-02-02,35.27,84.84,24.1,0.81,6.12,39.98,94.0,Satisfactory
Bengaluru,2020-02-03,33.79,80.75,34.38,0.96,7.34,32.47,79.0,Satisfactory
Bengaluru,2020-02-04,29.27,75.0,32.2,1.0,6.81,32.0,82.0,Satisfactory
Bengaluru,2020-02-05,30.66,74.45,30.15,1.16,7.47,34.73,86.0,Satisfactory
Bengaluru,2020-02-06,43.83,92.77,35.14,1.11,6.93,41.55,96.0,Satisfactory
Bengaluru,2020-02-07,49.51,103.19,31.27,1.06,8.53,41.16,96.0,Satisfactory
Bengaluru,2020-02-08,45.3,106.63,30.49,0.95,7.2,38.36,105.0,Moderate
Bengaluru,2020-02-09,52.39,111.14,25.96,1.06,10.99,34.35,101.0,Moderate
Bengaluru,2020-02-10,35.53,82.96,26.2,1.09,8.07,32.75,103.0,Moderate
Bengaluru,2020-02-11,33.94,77.23,28.99,1.07,7.08,34.75,87.0,Satisfactory
Bengaluru,2020-02-12,32.82,72.71,28.34,0.93,7.06,34.6,80.0,Satisfactory
Bengaluru,2020-02-13,37.67,86.81,37.32,1.06,7.06,34.92,84.0,Satisfactory
Bengaluru,2020-02-14,50.47,120.55,46.46,1.29,6.98,45.01,111.0,Moderate
Bengaluru,2020-02-15,54.91,129.65,54.43,1.24,7.48,46.99,128.0,Moderate
Bengaluru,2020-02-16,45.02,89.03,36.76,0.99,8.14,49.12,120.0,Moderate
Bengaluru,2020-02-17,41.66,94.89,43.77,1.15,9.48,42.21,99.0,Satisfactory
Bengaluru,2020-02-18,43.29,105.87,42.79,1.07,7.44,47.44,103.0,Moderate
Bengaluru,2020-02-19,55.31,97.46,36.85,1.28,7.62,49.57,101.0,Moderate
Bengaluru,2020-02-20,47.86,95.51,33.04,1.06,5.97,38.42,94.0,Satisfactory
Bengaluru,2020-02-21,30.24,72.85,24.85,1.0,6.25,40.89,90.0,Satisfactory
Bengaluru,2020-02-22,33.96,82.03,23.75,0.98,6.62,37.76,78.0,Satisfactory
Bengaluru,2020-02-23,36.3,85.26,21.8,1.09,5.92,49.19,81.0,Satisfactory
Bengaluru,2020-02-24,35.6,82.42,25.61,1.01,5.93,43.59,82.0,Satisfactory
Bengaluru,2020-02-25,41.83,97.01,31.08,1.28,6.01,50.22,107.0,Moderate
Bengaluru,2020-02-26,47.39,88.67,27.21,0.97,5.38,36.49,104.0,Moderate
Bengaluru,2020-02-27,39.39,92.84,31.61,1.16,6.72,41.29,112.0,Moderate
Bengaluru,2020-02-28,42.58,95.58,26.77,1.06,6.75,46.4,98.0,Satisfactory
Bengaluru,2020-02-29,48.75,95.45,27.79,1.01,6.22,47.04,95.0,Satisfactory
Bengaluru,2020-03-01,56.2,89.66,21.91,0.98,7.09,49.93,101.0,Moderate
Bengaluru,2020-03-02,53.75,115.89,29.55,1.18,6.36,48.39,103.0,Moderate
Bengaluru,2020-03-03,70.78,154.34,32.33,1.27,6.96,61.01,137.0,Moderate
Bengaluru,2020-03-04,55.66,118.07,33.05,1.22,6.6,52.01,131.0,Moderate
Bengaluru,2020-03-05,57.89,111.38,28.68,1.04,7.21,53.06,117.0,Moderate
Bengaluru,2020-03-06,41.84,83.19,23.14,0.94,8.07,50.82,100.0,Satisfactory
Bengaluru,2020-03-07,44.33,89.88,26.8,0.98,7.12,37.49,93.0,Satisfactory
Bengaluru,2020-03-08,38.66,84.01,21.71,0.88,6.71,40.31,91.0,Satisfactory
Bengaluru,2020-03-09,38.88,84.66,23.26,0.99,7.41,45.57,99.0,Satisfactory
Bengaluru,2020-03-10,41.48,89.64,22.84,0.94,7.08,50.57,93.0,Satisfactory
Bengaluru,2020-03-11,39.57,80.31,25.62,0.96,8.25,50.73,95.0,Satisfactory
Bengaluru,2020-03-12,34.62,78.55,28.58,1.05,6.36,49.83,97.0,Satisfactory
Bengaluru,2020-03-13,34.77,76.68,27.42,0.93,7.36,42.26,90.0,Satisfactory
Bengaluru,2020-03-14,29.97,72.04,27.04,0.91,6.65,38.8,86.0,Satisfactory
Bengaluru,2020-03-15,33.96,72.17,22.19,0.92,6.97,49.32,88.0,Satisfactory
Bengaluru,2020-03-16,26.15,71.05,21.45,0.84,6.75,36.51,79.0,Satisfactory
Bengaluru,2020-03-17,24.15,77.96,19.78,0.86,7.01,31.85,77.0,Satisfactory
Bengaluru,2020-03-18,29.66,72.55,24.72,0.9,7.25,39.28,78.0,Satisfactory
Bengaluru,2020-03-19,38.15,87.04,26.49,0.93,7.97,55.4,91.0,Satisfactory
Bengaluru,2020-03-20,43.31,94.45,23.38,0.98,6.97,53.12,100.0,Satisfactory
Bengaluru,2020-03-21,40.62,95.67,31.05,1.06,6.75,59.91,103.0,Moderate
Bengaluru,2020-03-22,30.16,66.88,13.39,0.82,6.92,48.99,99.0,Satisfactory
Bengaluru,2020-03-23,40.28,82.77,20.12,1.05,6.03,42.02,85.0,Satisfactory
Bengaluru,2020-03-24,50.85,82.89,15.65,0.86,6.39,39.76,106.0,Moderate
Bengaluru,2020-03-25,25.25,48.81,9.73,0.76,7.92,38.24,70.0,Satisfactory
Bengaluru,2020-03-26,27.77,51.53,8.99,0.7,5.87,35.05,61.0,Satisfactory
Bengaluru,2020-03-27,27.47,51.79,9.44,0.85,6.49,35.6,67.0,Satisfactory
Bengaluru,2020-03-28,24.89,45.75,10.58,0.85,6.11,36.29,70.0,Satisfactory
Bengaluru,2020-03-29,28.45,47.23,12.22,0.85,6.37,37.19,66.0,Satisfactory
Bengaluru,2020-03-30,32.46,53.57,11.09,0.91,6.77,41.31,72.0,Satisfactory
Bengaluru,2020-03-31,22.01,48.55,10.09,0.83,5.11,42.69,68.0,Satisfactory
Bengaluru,2020-04-01,22.54,49.89,10.37,0.76,5.81,41.52,64.0,Satisfactory
Bengaluru,2020-04-02,27.12,58.49,9.58,0.86,5.56,46.12,70.0,Satisfactory
Bengaluru,2020-04-03,34.12,69.87,9.69,0.77,6.8,49.16,82.0,Satisfactory
Bengaluru,2020-04-04,31.93,63.83,9.23,0.72,6.51,43.88,74.0,Satisfactory
Bengaluru,2020-04-05,30.26,67.3,9.81,0.8,6.06,39.66,77.0,Satisfactory
Bengaluru,2020-04-06,22.68,50.53,11.52,0.71,4.44,42.79,65.0,Satisfactory
Bengaluru,2020-04-07,15.14,20.84,13.48,0.71,5.3,42.61,62.0,Satisfactory
Bengaluru,2020-04-08,18.39,28.13,13.73,0.72,5.55,52.65,67.0,Satisfactory
Bengaluru,2020-04-09,23.32,32.12,12.38,0.73,5.83,48.84,65.0,Satisfactory
Bengaluru,2020-04-10,30.06,22.69,11.5,0.67,6.1,47.67,76.0,Satisfactory
Bengaluru,2020-04-11,26.99,35.92,10.63,0.79,6.06,45.02,70.0,Satisfactory
Bengaluru,2020-04-12,22.38,35.49,11.74,0.72,4.78,47.0,64.0,Satisfactory
Bengaluru,2020-04-13,25.61,42.98,15.57,0.71,5.75,46.22,72.0,Satisfactory
Bengaluru,2020-04-14,30.24,52.51,15.73,0.69,6.34,46.63,72.0,Satisfactory
Bengaluru,2020-04-15,33.62,50.11,13.81,0.67,8.19,46.04,74.0,Satisfactory
Bengaluru,2020-04-16,25.27,42.7,12.73,0.73,6.55,43.3,66.0,Satisfactory
Bengaluru,2020-04-17,40.0,50.83,12.28,0.65,5.77,41.22,74.0,Satisfactory
Bengaluru,2020-04-18,34.03,46.7,11.74,0.72,5.59,39.05,94.0,Satisfactory
Bengaluru,2020-04-19,24.22,41.6,10.48,0.61,6.21,36.3,67.0,Satisfactory
Bengaluru,2020-04-20,19.42,31.92,10.76,0.55,6.75,32.7,53.0,Satisfactory
Bengaluru,2020-04-21,17.04,48.52,13.02,0.78,6.2,31.78,65.0,Satisfactory
Bengaluru,2020-04-22,19.95,50.26,10.17,0.68,6.79,34.71,71.0,Satisfactory
Bengaluru,2020-04-23,26.1,48.49,11.41,0.67,6.36,38.1,63.0,Satisfactory
Bengaluru,2020-04-24,26.25,65.58,13.05,0.75,6.54,34.36,69.0,Satisfactory
Bengaluru,2020-04-25,25.98,55.47,13.04,0.69,5.83,30.95,66.0,Satisfactory
Bengaluru,2020-04-26,21.32,43.11,11.76,0.82,5.47,37.25,61.0,Satisfactory
Bengaluru,2020-04-27,19.25,50.33,11.69,0.76,5.55,33.06,59.0,Satisfactory
Bengaluru,2020-04-28,20.74,55.81,11.24,0.79,5.86,33.9,71.0,Satisfactory
Bengaluru,2020-04-29,13.68,39.31,12.02,0.74,5.73,30.77,62.0,Satisfactory
Bengaluru,2020-04-30,20.3,54.56,15.27,0.75,5.45,32.26,61.0,Satisfactory
Bengaluru,2020-05-01,24.81,61.29,12.6,0.67,6.28,40.97,74.0,Satisfactory
Bengaluru,2020-05-02,18.36,50.84,14.26,0.8,6.19,38.88,72.0,Satisfactory
Bengaluru,2020-05-03,22.35,56.07,17.28,0.82,6.23,39.28,71.0,Satisfactory
Bengaluru,2020-05-04,26.1,71.6,18.88,0.86,7.16,42.46,79.0,Satisfactory
Bengaluru,2020-05-05,29.23,87.56,18.26,0.82,7.44,43.07,91.0,Satisfactory
Bengaluru,2020-05-06,23.02,64.54,17.4,0.93,6.85,38.88,85.0,Satisfactory
Bengaluru,2020-05-07,26.87,72.07,18.2,0.88,6.09,34.69,82.0,Satisfactory
Bengaluru,2020-05-08,17.61,52.32,16.86,0.77,7.14,31.87,73.0,Satisfactory
Bengaluru,2020-05-09,21.05,60.98,14.05,0.77,7.51,30.1,76.0,Satisfactory
Bengaluru,2020-05-10,24.29,59.49,13.18,0.77,6.93,34.13,78.0,Satisfactory
Bengaluru,2020-05-11,20.58,66.73,14.23,0.81,7.7,35.18,77.0,Satisfactory
Bengaluru,2020-05-12,15.43,70.53,14.13,0.73,6.05,26.07,82.0,Satisfactory
Bengaluru,2020-05-13,14.56,39.32,13.82,0.8,6.09,27.46,66.0,Satisfactory
Bengaluru,2020-05-14,24.81,58.72,15.82,0.74,6.12,33.15,66.0,Satisfactory
Bengaluru,2020-05-15,17.34,46.71,16.79,0.87,7.39,25.11,73.0,Satisfactory
Bengaluru,2020-05-16,23.44,56.99,18.22,0.96,7.06,32.49,74.0,Satisfactory
Bengaluru,2020-05-17,21.25,52.69,13.24,0.72,7.19,36.41,70.0,Satisfactory
Bengaluru,2020-05-18,16.82,47.84,12.91,0.85,6.14,35.55,68.0,Satisfactory
Bengaluru,2020-05-19,23.81,79.02,13.11,0.73,5.67,27.88,72.0,Satisfactory
Bengaluru,2020-05-20,17.9,64.0,13.77,0.72,6.05,26.03,79.0,Satisfactory
Bengaluru,2020-05-21,19.53,60.44,14.59,0.74,5.8,26.55,70.0,Satisfactory
Bengaluru,2020-05-22,18.13,56.21,15.13,0.79,5.59,34.42,68.0,Satisfactory
Bengaluru,2020-05-23,19.52,62.59,15.05,0.72,6.29,39.84,72.0,Satisfactory
Bengaluru,2020-05-24,18.62,66.58,13.03,0.59,5.64,27.7,66.0,Satisfactory
Bengaluru,2020-05-25,21.06,57.36,16.82,0.7,5.81,33.26,70.0,Satisfactory
Bengaluru,2020-05-26,22.25,71.59,16.47,0.76,6.38,34.72,66.0,Satisfactory
Bengaluru,2020-05-27,19.81,55.23,18.54,0.92,6.03,26.83,75.0,Satisfactory
Bengaluru,2020-05-28,28.46,55.7,14.85,0.66,6.24,27.7,74.0,Satisfactory
Bengaluru,2020-05-29,23.16,53.37,15.72,0.7,6.48,25.16,66.0,Satisfactory
Bengaluru,2020-05-30,15.87,42.52,18.27,0.74,6.27,24.01,72.0,Satisfactory
Bengaluru,2020-05-31,23.32,51.62,11.58,0.84,7.01,25.66,61.0,Satisfactory
Bengaluru,2020-06-01,9.16,22.16,9.72,0.6,6.78,20.96,49.0,Good
Bengaluru,2020-06-02,8.95,19.43,9.76,0.57,6.65,17.46,40.0,Good
Bengaluru,2020-06-03,9.69,19.34,9.78,0.6,6.85,19.62,42.0,Good
Bengaluru,2020-06-04,10.91,30.11,11.51,0.62,6.94,17.73,43.0,Good
Bengaluru,2020-06-05,22.88,48.48,19.65,0.66,7.12,18.92,55.0,Satisfactory
Bengaluru,2020-06-06,18.18,50.12,17.1,0.6,7.16,18.22,55.0,Satisfactory
Bengaluru,2020-06-07,17.6,45.11,13.32,0.57,7.11,14.91,55.0,Satisfactory
Bengaluru,2020-06-08,20.16,48.85,15.31,0.65,6.88,16.9,55.0,Satisfactory
Bengaluru,2020-06-09,21.7,52.5,15.48,0.62,6.99,16.73,58.0,Satisfactory
Bengaluru,2020-06-10,25.44,73.07,15.98,0.66,6.92,15.65,70.0,Satisfactory
Bengaluru,2020-06-11,16.53,39.75,14.7,0.67,6.99,12.9,59.0,Satisfactory
Bengaluru,2020-06-12,16.84,35.21,13.83,0.64,7.2,15.56,49.0,Good
Bengaluru,2020-06-13,16.79,42.32,14.67,0.72,7.33,15.52,50.0,Good
Bengaluru,2020-06-14,16.66,35.74,12.31,0.56,6.86,13.54,49.0,Good
Bengaluru,2020-06-15,19.57,36.58,13.01,0.62,7.68,16.22,47.0,Good
Bengaluru,2020-06-16,17.07,45.6,13.32,0.6,7.21,16.51,55.0,Satisfactory
Bengaluru,2020-06-17,18.29,56.47,14.1,0.65,7.74,13.01,57.0,Satisfactory
Bengaluru,2020-06-18,28.32,63.66,13.98,0.73,7.27,12.63,65.0,Satisfactory
Bengaluru,2020-06-19,21.55,57.17,13.87,0.66,7.22,12.34,65.0,Satisfactory
Bengaluru,2020-06-20,18.32,47.55,13.62,0.66,7.81,14.16,56.0,Satisfactory
Bengaluru,2020-06-21,18.18,42.05,12.45,0.54,7.47,13.37,52.0,Satisfactory
Bengaluru,2020-06-22,15.65,40.19,14.45,0.62,7.18,13.04,49.0,Good
Bengaluru,2020-06-23,20.38,49.93,14.6,0.62,6.98,17.72,56.0,Satisfactory
Bengaluru,2020-06-24,19.72,52.43,14.61,0.61,6.86,18.26,63.0,Satisfactory
Bengaluru,2020-06-25,16.93,40.06,17.67,0.74,7.73,19.58,63.0,Satisfactory
Bengaluru,2020-06-26,15.4,28.66,14.29,0.61,7.45,19.53,58.0,Satisfactory
Bengaluru,2020-06-27,16.6,29.48,13.68,0.67,7.29,15.69,51.0,Satisfactory
Bengaluru,2020-06-28,20.44,26.34,10.33,0.66,6.6,17.59,61.0,Satisfactory
Bengaluru,2020-06-29,28.68,29.27,12.12,0.56,6.33,16.99,65.0,Satisfactory
Bengaluru,2020-06-30,14.47,24.26,12.69,0.56,6.45,16.08,63.0,Satisfactory
Bengaluru,2020-07-01,17.5,30.48,13.25,0.54,6.66,15.4,43.0,Good
Chennai,2019-06-19,41.22,48.55,19.57,0.99,10.2,43.0,91.0,Satisfactory
Chennai,2019-06-20,36.82,55.76,21.33,1.04,10.03,35.7,88.0,Satisfactory
Chennai,2019-06-21,36.7,52.11,22.3,1.1,6.91,37.37,92.0,Satisfactory
Chennai,2019-06-22,39.32,38.33,17.93,0.93,5.9,31.92,96.0,Satisfactory
Chennai,2019-06-23,33.86,44.81,18.25,1.16,3.82,42.43,109.0,Moderate
Chennai,2019-06-24,29.8,24.1,19.87,1.08,4.42,47.02,101.0,Moderate
Chennai,2019-06-25,103.16,29.59,25.81,1.08,4.58,43.43,129.0,Moderate
Chennai,2019-07-19,30.57,33.87,18.13,0.74,6.77,26.57,74.0,Satisfactory
Chennai,2019-07-20,35.63,26.86,18.26,0.94,6.38,39.38,84.0,Satisfactory
Chennai,2019-07-21,28.74,31.54,16.17,0.84,4.55,32.68,87.0,Satisfactory
Chennai,2019-07-22,27.56,25.38,19.09,0.97,7.59,25.69,70.0,Satisfactory
Chennai,2019-07-23,31.04,29.47,18.11,0.85,9.25,25.26,73.0,Satisfactory
Chennai,2019-07-24,29.77,23.36,18.57,0.82,10.6,32.18,73.0,Satisfactory
Chennai,2019-07-25,45.13,40.85,17.75,0.88,8.65,28.09,94.0,Satisfactory
Chennai,2019-07-26,23.22,26.66,18.94,0.86,6.76,22.33,85.0,Satisfactory
Chennai,2019-07-27,25.94,36.78,20.83,0.84,6.32,29.16,66.0,Satisfactory
Chennai,2019-07-28,32.29,48.3,16.86,0.88,5.85,55.18,83.0,Satisfactory
Chennai,2019-07-29,28.07,28.12,15.56,0.8,6.45,44.99,77.0,Satisfactory
Chennai,2019-07-30,36.63,53.67,23.47,0.9,5.63,38.45,74.0,Satisfactory
Chennai,2019-07-31,33.19,33.25,20.61,0.83,5.57,66.13,114.0,Moderate
Chennai,2019-08-01,34.12,39.61,16.49,0.83,5.89,62.67,105.0,Moderate
Chennai,2019-08-02,51.08,32.87,22.26,0.91,5.95,58.91,129.0,Moderate
Chennai,2019-08-03,51.84,27.2,30.79,0.88,6.2,62.68,130.0,Moderate
Chennai,2019-08-04,42.23,33.32,33.02,0.78,6.2,67.28,126.0,Moderate
Chennai,2019-08-05,52.82,14.82,25.52,0.71,5.45,42.93,105.0,Moderate
Chennai,2019-08-06,26.19,24.39,23.39,0.7,6.21,52.98,110.0,Moderate
Chennai,2019-08-07,21.07,32.96,16.89,0.62,8.41,40.1,65.0,Satisfactory
Chennai,2019-08-08,24.99,25.65,17.69,1.05,6.47,44.3,84.0,Satisfactory
Chennai,2019-08-09,22.61,29.99,17.47,0.65,5.14,37.47,70.0,Satisfactory
Chennai,2019-08-10,22.66,42.4,16.78,0.64,8.7,48.65,74.0,Satisfactory
Chennai,2019-08-11,16.68,30.27,13.39,0.57,5.95,56.49,76.0,Satisfactory
Chennai,2019-08-12,18.65,42.25,13.7,0.61,6.14,56.7,112.0,Moderate
Chennai,2019-08-13,21.83,67.63,14.07,0.9,7.6,53.95,80.0,Satisfactory
Chennai,2019-08-14,25.51,47.55,14.06,0.88,8.55,60.52,106.0,Moderate
Chennai,2019-08-15,19.01,33.79,16.94,0.86,11.34,41.27,105.0,Moderate
Chennai,2019-08-16,26.43,49.99,17.24,0.89,10.24,37.5,110.0,Moderate
Chennai,2019-08-17,13.03,27.27,15.33,0.57,8.6,31.21,82.0,Satisfactory
Chennai,2019-08-18,13.2,25.96,12.65,0.55,5.96,37.43,69.0,Satisfactory
Chennai,2019-08-19,22.64,39.46,18.01,0.94,7.14,31.17,58.0,Satisfactory
Chennai,2019-08-21,29.21,38.5,18.82,1.0,14.46,24.79,77.0,Satisfactory
Chennai,2019-08-22,31.43,25.58,16.93,0.71,7.08,26.59,82.0,Satisfactory
Chennai,2019-08-23,25.89,80.57,14.8,0.64,4.37,18.42,52.0,Satisfactory
Chennai,2019-08-24,17.58,23.46,13.98,0.58,6.04,31.27,48.0,Good
Chennai,2019-08-25,22.35,39.35,13.79,0.61,5.02,21.93,47.0,Good
Chennai,2019-08-26,17.46,33.33,17.31,0.62,6.22,35.29,57.0,Satisfactory
Chennai,2019-08-27,18.64,25.63,19.81,0.59,5.48,38.69,48.0,Good
Chennai,2019-08-28,20.57,37.57,15.76,0.62,5.43,51.83,104.0,Moderate
Chennai,2019-08-29,25.15,29.91,15.8,0.67,5.5,34.57,51.0,Satisfactory
Chennai,2019-08-30,22.87,39.16,14.85,0.73,6.61,59.16,101.0,Moderate
Chennai,2019-08-31,27.11,55.11,14.73,0.75,6.39,39.33,121.0,Moderate
Chennai,2019-09-01,26.91,45.12,14.12,0.78,5.87,40.6,122.0,Moderate
Chennai,2019-09-02,30.64,46.36,15.41,1.05,5.99,55.87,108.0,Moderate
Chennai,2019-09-03,29.69,26.98,17.05,1.0,6.07,49.45,100.0,Satisfactory
Chennai,2019-09-04,35.06,35.58,18.79,0.93,6.84,50.73,146.0,Moderate
Chennai,2019-09-05,22.29,22.95,18.59,0.82,7.16,42.75,70.0,Satisfactory
Chennai,2019-09-06,25.84,39.75,22.76,0.81,6.69,41.25,75.0,Satisfactory
Chennai,2019-09-07,26.37,61.74,13.94,0.78,6.17,44.92,105.0,Moderate
Chennai,2019-09-09,37.51,72.52,13.31,0.85,6.02,36.98,76.0,Satisfactory
Chennai,2019-09-10,37.85,55.29,12.45,0.75,6.38,68.76,111.0,Moderate
Chennai,2019-09-11,39.26,51.62,12.23,0.86,6.34,61.37,150.0,Moderate
Chennai,2019-09-12,23.59,73.02,11.72,0.83,6.39,55.72,103.0,Moderate
Chennai,2019-09-13,27.36,46.3,11.32,0.71,6.64,59.95,78.0,Satisfactory
Chennai,2019-09-14,23.45,43.81,11.69,0.46,6.07,56.94,81.0,Satisfactory
Chennai,2019-09-15,20.82,38.66,10.29,0.64,6.12,58.37,89.0,Satisfactory
Chennai,2019-09-16,28.74,40.41,10.53,0.88,6.69,53.64,100.0,Satisfactory
Chennai,2019-09-17,22.59,32.44,11.14,0.92,6.3,54.32,96.0,Satisfactory
Chennai,2019-09-18,26.98,45.52,12.0,0.99,6.94,57.81,105.0,Moderate
Chennai,2019-09-19,23.18,26.53,12.44,1.15,7.09,49.51,95.0,Satisfactory
Chennai,2019-09-20,38.04,56.21,11.43,1.15,6.7,57.05,120.0,Moderate
Chennai,2019-09-21,33.44,71.07,13.74,0.83,5.97,53.35,106.0,Moderate
Chennai,2019-09-22,43.67,101.54,16.38,1.12,6.58,59.37,126.0,Moderate
Chennai,2019-09-23,61.94,86.53,12.87,0.76,6.28,58.54,135.0,Moderate
Chennai,2019-09-24,35.03,61.6,11.77,0.9,6.61,45.56,114.0,Moderate
Chennai,2019-09-25,16.9,37.12,10.73,0.86,6.19,28.38,93.0,Satisfactory
Chennai,2019-09-26,14.27,30.32,10.79,0.93,6.36,48.1,99.0,Satisfactory
Chennai,2019-09-27,17.76,45.69,10.05,0.89,7.13,44.14,103.0,Moderate
Chennai,2019-09-28,20.99,53.49,10.69,0.68,6.76,37.83,105.0,Moderate
Chennai,2019-09-29,25.87,39.41,9.1,0.88,6.47,39.05,116.0,Moderate
Chennai,2019-09-30,23.02,39.11,11.32,0.78,6.03,41.73,106.0,Moderate
Chennai,2019-10-01,41.82,87.5,13.2,0.84,5.99,64.23,109.0,Moderate
Chennai,2019-10-02,32.4,46.68,14.87,0.8,6.54,67.72,122.0,Moderate
Chennai,2019-10-03,31.1,25.97,13.87,0.83,6.78,57.6,110.0,Moderate
Chennai,2019-10-04,23.49,52.0,12.89,0.81,5.46,57.91,72.0,Satisfactory
Chennai,2019-10-05,47.4,40.58,15.4,0.63,5.71,58.15,78.0,Satisfactory
Chennai,2019-10-06,19.32,91.05,13.42,0.77,5.38,55.94,145.0,Moderate
Chennai,2019-10-07,58.64,66.67,24.13,0.75,5.58,63.42,108.0,Moderate
Chennai,2019-10-08,36.56,94.02,19.29,0.81,6.55,63.92,141.0,Moderate
Chennai,2019-10-09,24.5,79.42,21.5,0.87,5.6,52.84,114.0,Moderate
Chennai,2019-10-10,21.13,67.66,20.03,0.8,5.86,46.63,92.0,Satisfactory
Chennai,2019-10-11,21.2,55.08,12.98,0.76,5.86,47.37,87.0,Satisfactory
Chennai,2019-10-12,16.34,72.77,13.05,0.56,6.25,48.3,92.0,Satisfactory
Chennai,2019-10-13,14.93,34.46,12.82,0.67,6.08,52.17,89.0,Satisfactory
Chennai,2019-10-14,21.14,60.99,10.65,0.61,5.94,48.79,86.0,Satisfactory
Chennai,2019-10-15,20.33,42.85,14.28,0.68,5.98,42.02,75.0,Satisfactory
Chennai,2019-10-16,17.58,27.06,13.95,0.68,6.39,31.95,64.0,Satisfactory
Chennai,2019-10-17,30.95,31.76,14.72,0.81,6.92,29.34,61.0,Satisfactory
Chennai,2019-10-18,32.0,36.8,13.39,0.77,5.46,30.63,80.0,Satisfactory
Chennai,2019-10-19,31.76,36.51,16.52,0.6,5.72,29.19,75.0,Satisfactory
Chennai,2019-10-20,35.03,50.72,15.91,0.87,5.7,32.64,73.0,Satisfactory
Chennai,2019-10-21,26.55,26.19,14.07,0.85,6.7,27.49,71.0,Satisfactory
Chennai,2019-10-22,28.47,28.65,15.97,0.85,5.56,28.67,69.0,Satisfactory
Chennai,2019-10-23,40.0,47.83,13.91,0.9,5.86,36.29,81.0,Satisfactory
Chennai,2019-10-24,35.34,61.61,22.06,0.92,8.83,33.34,67.0,Satisfactory
Chennai,2019-10-25,46.48,75.12,29.32,0.95,8.14,32.03,86.0,Satisfactory
Chennai,2019-10-26,95.49,111.38,17.79,0.73,9.38,30.06,121.0,Moderate
Chennai,2019-10-27,153.73,196.29,18.36,1.34,13.94,32.75,306.0,Very Poor
Chennai,2019-10-28,54.13,72.84,26.17,1.42,12.81,27.69,208.0,Poor
Chennai,2019-10-29,31.22,46.07,33.68,0.8,8.58,33.76,83.0,Satisfactory
Chennai,2019-10-30,34.65,32.13,28.92,0.78,7.21,28.51,84.0,Satisfactory
Chennai,2019-10-31,87.99,56.38,27.43,0.99,6.61,30.92,141.0,Moderate
Chennai,2019-11-01,40.78,56.24,22.47,1.04,7.58,29.3,133.0,Moderate
Chennai,2019-11-02,34.45,70.97,15.48,0.71,6.82,30.83,76.0,Satisfactory
Chennai,2019-11-04,115.35,241.6,19.41,0.98,8.77,44.21,222.0,Poor
Chennai,2019-11-05,98.83,181.03,19.12,1.08,8.17,46.2,261.0,Poor
Chennai,2019-11-06,105.94,183.42,18.98,1.09,7.9,45.94,229.0,Poor
Chennai,2019-11-07,121.43,201.76,18.15,1.04,7.08,47.64,273.0,Poor
Chennai,2019-11-08,142.9,196.37,17.94,0.96,7.75,55.69,294.0,Poor
Chennai,2019-11-09,96.8,172.27,13.83,0.86,5.4,53.69,253.0,Poor
Chennai,2019-11-10,93.13,198.2,13.01,0.98,5.46,53.81,230.0,Poor
Chennai,2019-11-11,61.45,104.29,14.86,0.82,8.85,43.01,192.0,Moderate
Chennai,2019-11-12,31.32,71.74,15.61,0.54,8.42,31.9,77.0,Satisfactory
Chennai,2019-11-13,37.23,109.85,13.89,0.52,7.38,41.66,76.0,Satisfactory
Chennai,2019-11-14,19.18,66.95,11.17,0.47,6.06,43.38,92.0,Satisfactory
Chennai,2019-11-15,21.99,52.7,15.3,0.52,7.39,38.96,84.0,Satisfactory
Chennai,2019-11-16,44.91,80.85,14.58,0.54,5.87,38.12,57.0,Satisfactory
Chennai,2019-11-17,56.9,154.66,14.19,0.53,6.7,51.76,122.0,Moderate
Chennai,2019-11-18,26.91,125.72,11.86,0.46,4.97,29.15,90.0,Satisfactory
Chennai,2019-11-19,28.52,37.66,11.17,0.55,4.67,28.85,63.0,Satisfactory
Chennai,2019-11-20,20.95,34.1,10.0,0.46,5.58,22.78,47.0,Good
Chennai,2019-11-21,33.55,70.14,10.78,0.47,8.18,27.28,56.0,Satisfactory
Chennai,2019-11-22,31.16,50.45,10.19,0.46,7.89,27.26,60.0,Satisfactory
Chennai,2019-11-23,46.05,59.79,15.6,0.47,8.55,23.1,64.0,Satisfactory
Chennai,2019-11-24,59.64,65.54,12.43,0.49,7.4,33.32,110.0,Moderate
Chennai,2019-11-25,44.81,63.09,12.6,0.47,5.42,31.05,86.0,Satisfactory
Chennai,2019-11-26,53.33,84.65,21.97,0.52,8.19,33.72,77.0,Satisfactory
Chennai,2019-11-27,37.8,80.2,12.54,0.53,10.19,39.18,80.0,Satisfactory
Chennai,2019-11-28,30.56,62.56,20.28,0.52,7.09,32.91,63.0,Satisfactory
Chennai,2019-11-29,21.08,54.48,10.09,0.45,9.47,27.3,53.0,Satisfactory
Chennai,2019-11-30,18.45,62.97,12.09,0.38,6.84,31.58,48.0,Good
Chennai,2019-12-01,17.79,52.26,12.66,0.47,6.93,33.27,60.0,Satisfactory
Chennai,2019-12-02,21.17,41.24,11.51,0.44,8.1,23.57,49.0,Good
Chennai,2019-12-03,36.17,82.52,12.03,0.54,5.45,26.08,56.0,Satisfactory
Chennai,2019-12-04,37.56,87.09,11.2,0.52,7.67,34.43,71.0,Satisfactory
Chennai,2019-12-05,62.41,78.57,11.1,0.44,7.47,33.57,93.0,Satisfactory
Chennai,2019-12-06,53.68,89.09,13.29,0.55,7.21,33.97,107.0,Moderate
Chennai,2019-12-07,34.82,35.98,15.86,0.91,6.22,20.01,76.0,Satisfactory
Chennai,2019-12-08,35.41,44.05,21.19,0.93,5.71,20.11,69.0,Satisfactory
Chennai,2019-12-09,27.57,42.96,26.96,0.71,7.03,19.98,61.0,Satisfactory
Chennai,2019-12-11,36.55,27.38,23.21,0.73,6.47,24.04,72.0,Satisfactory
Chennai,2019-12-12,27.78,38.29,16.54,0.54,6.08,24.0,62.0,Satisfactory
Chennai,2019-12-13,34.16,42.32,18.49,0.56,10.79,22.78,52.0,Satisfactory
Chennai,2019-12-14,40.78,52.46,21.13,0.72,13.79,22.61,68.0,Satisfactory
Chennai,2019-12-15,35.6,44.1,19.49,0.64,7.5,26.83,70.0,Satisfactory
Chennai,2019-12-16,31.23,31.47,18.27,0.7,8.23,26.19,59.0,Satisfactory
Chennai,2019-12-17,44.04,56.34,17.87,0.53,6.74,35.26,62.0,Satisfactory
Chennai,2019-12-18,48.07,49.98,17.69,0.52,8.7,29.67,92.0,Satisfactory
Chennai,2019-12-19,52.28,67.54,16.88,0.53,8.95,33.87,83.0,Satisfactory
Chennai,2019-12-20,65.45,84.77,16.87,0.66,8.04,36.82,106.0,Moderate
Chennai,2019-12-21,72.57,79.66,18.47,0.69,13.49,33.86,126.0,Moderate
Chennai,2019-12-22,57.74,59.56,16.14,0.6,17.17,38.89,134.0,Moderate
Chennai,2019-12-23,52.75,60.37,19.05,0.69,7.07,32.21,92.0,Satisfactory
Chennai,2019-12-24,53.51,84.11,19.46,0.6,7.88,28.38,99.0,Satisfactory
Chennai,2019-12-25,54.37,73.9,19.74,0.75,9.79,33.18,99.0,Satisfactory
Chennai,2019-12-26,58.43,74.13,20.28,0.72,18.7,27.5,110.0,Moderate
Chennai,2019-12-27,31.88,59.15,17.66,0.54,13.18,24.11,77.0,Satisfactory
Chennai,2019-12-28,36.94,63.7,20.27,0.65,11.45,28.28,65.0,Satisfactory
Chennai,2019-12-29,52.48,69.8,14.61,0.62,8.48,33.22,92.0,Satisfactory
Chennai,2019-12-30,38.74,46.37,14.2,0.57,10.6,35.08,83.0,Satisfactory
Chennai,2019-12-31,45.49,66.8,15.44,0.61,13.03,36.95,84.0,Satisfactory
Chennai,2020-01-01,28.25,40.44,12.66,0.65,12.44,24.79,70.0,Satisfactory
Chennai,2020-01-02,27.59,23.01,11.47,0.76,7.0,21.31,57.0,Satisfactory
Chennai,2020-01-03,32.16,36.63,10.95,0.97,10.2,25.52,74.0,Satisfactory
Chennai,2020-01-04,30.49,44.9,11.49,0.87,8.4,28.4,64.0,Satisfactory
Chennai,2020-01-05,23.37,30.76,8.69,0.77,7.45,30.88,62.0,Satisfactory
Chennai,2020-01-06,19.45,25.87,10.41,0.83,8.12,25.0,61.0,Satisfactory
Chennai,2020-01-07,33.54,40.38,12.16,0.55,19.3,28.97,55.0,Satisfactory
Chennai,2020-01-08,42.22,61.8,17.3,0.55,21.18,29.73,73.0,Satisfactory
Chennai,2020-01-09,42.16,75.24,17.47,0.78,17.91,27.67,79.0,Satisfactory
Chennai,2020-01-10,40.76,69.94,17.3,0.77,9.65,28.3,74.0,Satisfactory
Chennai,2020-01-11,39.81,71.75,18.69,0.79,10.03,27.22,72.0,Satisfactory
Chennai,2020-01-12,58.38,73.51,14.35,0.85,8.13,32.45,83.0,Satisfactory
Chennai,2020-01-13,74.12,122.43,16.68,0.88,17.51,33.52,140.0,Moderate
Chennai,2020-01-14,122.88,168.34,20.24,1.1,23.68,35.37,230.0,Poor
Chennai,2020-01-15,48.06,66.92,13.76,0.65,17.7,33.57,168.0,Moderate
Chennai,2020-01-16,34.09,44.39,12.32,0.65,19.88,33.34,74.0,Satisfactory
Chennai,2020-01-17,35.33,53.18,11.1,0.7,22.76,26.76,62.0,Satisfactory
Chennai,2020-01-18,28.67,28.47,10.68,0.84,27.29,29.02,65.0,Satisfactory
Chennai,2020-01-19,31.17,33.25,17.08,0.78,23.09,26.29,67.0,Satisfactory
Chennai,2020-01-20,37.66,53.48,23.7,0.88,17.54,26.38,69.0,Satisfactory
Chennai,2020-01-21,44.91,60.17,22.62,0.8,18.22,31.09,85.0,Satisfactory
Chennai,2020-01-22,47.95,64.49,20.03,0.89,12.25,34.26,93.0,Satisfactory
Chennai,2020-01-23,59.95,85.4,16.9,0.87,17.79,34.64,104.0,Moderate
Chennai,2020-01-24,62.34,112.61,24.68,0.97,19.6,32.88,123.0,Moderate
Chennai,2020-01-25,50.48,95.63,20.2,0.9,14.06,34.13,110.0,Moderate
Chennai,2020-01-26,41.74,86.84,16.43,0.9,10.3,33.78,87.0,Satisfactory
Chennai,2020-01-27,47.26,79.24,18.37,1.08,8.09,31.54,78.0,Satisfactory
Chennai,2020-01-28,53.66,69.03,17.4,1.11,8.18,33.41,85.0,Satisfactory
Chennai,2020-01-29,52.29,65.93,14.74,1.02,8.01,26.05,84.0,Satisfactory
Chennai,2020-01-30,43.82,59.48,14.87,0.94,7.71,21.78,87.0,Satisfactory
Chennai,2020-01-31,36.56,53.23,14.02,1.09,9.02,32.79,78.0,Satisfactory
Chennai,2020-02-01,32.4,50.04,13.12,0.86,9.86,28.75,63.0,Satisfactory
Chennai,2020-02-02,30.58,38.29,12.12,0.77,15.74,23.73,55.0,Satisfactory
Chennai,2020-02-03,37.52,57.78,13.74,0.88,16.44,20.76,63.0,Satisfactory
Chennai,2020-02-04,39.6,65.6,10.92,0.88,16.41,26.69,74.0,Satisfactory
Chennai,2020-02-05,39.93,59.04,13.26,0.84,12.91,30.7,94.0,Satisfactory
Chennai,2020-02-06,40.05,56.19,19.32,0.91,8.57,33.97,89.0,Satisfactory
Chennai,2020-02-07,36.32,55.83,14.12,0.78,8.19,27.6,75.0,Satisfactory
Chennai,2020-02-08,28.45,49.06,10.61,0.77,8.97,29.24,64.0,Satisfactory
Chennai,2020-02-09,28.1,43.78,8.77,0.8,13.16,31.94,61.0,Satisfactory
Chennai,2020-02-10,35.41,61.47,10.09,0.73,9.11,34.11,58.0,Satisfactory
Chennai,2020-02-11,29.12,67.85,19.96,0.84,10.31,28.62,69.0,Satisfactory
Chennai,2020-02-12,32.17,78.26,22.0,0.86,10.75,30.14,81.0,Satisfactory
Chennai,2020-02-13,49.48,98.17,18.01,0.93,17.74,23.31,93.0,Satisfactory
Chennai,2020-02-14,56.85,102.04,17.3,1.02,18.01,37.77,118.0,Moderate
Chennai,2020-02-15,54.82,84.0,17.74,0.9,13.03,31.92,121.0,Moderate
Chennai,2020-02-16,35.13,53.43,12.71,0.78,13.14,21.95,82.0,Satisfactory
Chennai,2020-02-17,34.25,64.36,13.64,0.77,13.37,18.31,72.0,Satisfactory
Chennai,2020-02-18,41.49,79.79,18.11,0.96,9.15,24.7,85.0,Satisfactory
Chennai,2020-02-19,42.95,94.21,14.71,0.77,15.05,24.71,84.0,Satisfactory
Chennai,2020-02-20,35.52,69.95,14.09,0.67,19.39,27.14,77.0,Satisfactory
Chennai,2020-02-21,38.88,125.87,19.91,0.83,8.47,16.21,75.0,Satisfactory
Chennai,2020-02-22,29.2,51.45,8.63,0.86,8.51,20.66,76.0,Satisfactory
Chennai,2020-02-23,28.75,53.6,8.88,0.72,18.19,26.85,65.0,Satisfactory
Chennai,2020-02-24,31.07,73.54,10.95,0.97,11.57,23.61,77.0,Satisfactory
Chennai,2020-02-25,33.9,56.99,12.69,0.9,11.02,28.52,81.0,Satisfactory
Chennai,2020-02-26,39.25,63.4,8.88,0.58,7.63,39.14,84.0,Satisfactory
Chennai,2020-02-27,42.97,72.05,8.7,0.67,8.79,31.47,83.0,Satisfactory
Chennai,2020-02-28,33.08,49.17,11.08,0.77,16.07,36.16,75.0,Satisfactory
Chennai,2020-02-29,36.15,84.54,14.62,0.69,19.12,38.15,72.0,Satisfactory
Chennai,2020-03-01,35.99,43.7,9.2,0.55,11.18,50.11,80.0,Satisfactory
Chennai,2020-03-02,43.6,64.94,13.01,0.66,18.07,26.4,76.0,Satisfactory
Chennai,2020-03-03,42.16,94.26,16.26,0.64,17.71,43.88,96.0,Satisfactory
Chennai,2020-03-04,33.29,66.83,15.71,0.7,6.97,34.39,84.0,Satisfactory
Chennai,2020-03-05,26.69,29.86,14.04,0.74,6.12,20.27,77.0,Satisfactory
Chennai,2020-03-06,24.95,25.63,9.72,0.75,6.52,21.65,61.0,Satisfactory
Chennai,2020-03-07,30.94,27.06,10.66,0.65,4.53,24.05,69.0,Satisfactory
Chennai,2020-03-08,21.85,25.97,6.21,0.62,6.52,21.36,57.0,Satisfactory
Chennai,2020-03-09,25.93,34.85,8.54,0.71,5.87,20.12,65.0,Satisfactory
Chennai,2020-03-10,27.37,41.72,10.56,0.55,5.51,27.37,61.0,Satisfactory
Chennai,2020-03-11,16.69,38.14,7.98,0.63,8.56,34.46,76.0,Satisfactory
Chennai,2020-03-12,24.94,41.38,8.75,0.74,5.64,29.98,65.0,Satisfactory
Chennai,2020-03-13,35.65,33.31,16.97,0.96,5.6,21.73,72.0,Satisfactory
Chennai,2020-03-14,39.29,46.44,15.67,0.7,13.21,21.6,74.0,Satisfactory
Chennai,2020-03-15,38.48,51.07,10.34,0.55,14.94,30.14,79.0,Satisfactory
Chennai,2020-03-16,33.26,5.29,10.44,0.86,19.01,21.02,66.0,Satisfactory
Chennai,2020-03-17,41.56,123.82,9.17,0.86,7.6,30.61,76.0,Satisfactory
Chennai,2020-03-18,39.41,4.94,8.1,0.87,5.75,49.4,92.0,Satisfactory
Chennai,2020-03-19,44.73,6.39,10.09,0.87,5.81,40.15,88.0,Satisfactory
Chennai,2020-03-20,32.68,4.82,8.56,0.91,5.55,31.17,95.0,Satisfactory
Chennai,2020-03-21,29.1,1.8,8.49,0.97,5.84,45.38,80.0,Satisfactory
Chennai,2020-03-23,31.91,0.21,7.85,0.94,5.93,31.28,73.0,Satisfactory
Chennai,2020-03-24,24.22,6.07,6.91,0.61,5.83,35.18,57.0,Satisfactory
Chennai,2020-03-25,22.43,1.63,4.38,0.65,5.04,37.16,58.0,Satisfactory
Chennai,2020-03-26,31.57,4.06,7.22,0.55,6.3,36.81,54.0,Satisfactory
Chennai,2020-03-27,27.6,0.62,4.85,0.51,5.09,33.97,59.0,Satisfactory
Chennai,2020-03-28,34.81,1.55,4.91,0.56,4.41,16.33,55.0,Satisfactory
Chennai,2020-03-29,26.79,111.83,7.21,0.52,6.88,34.65,53.0,Satisfactory
Chennai,2020-03-30,29.31,162.67,9.78,0.52,5.79,33.94,50.0,Good
Chennai,2020-03-31,31.56,185.25,8.57,0.51,6.26,35.24,60.0,Satisfactory
Chennai,2020-04-01,32.94,3.73,10.39,0.62,5.54,36.35,75.0,Satisfactory
Chennai,2020-04-02,31.17,170.09,8.54,0.61,4.94,37.84,74.0,Satisfactory
Chennai,2020-04-03,24.81,183.34,7.25,0.59,5.22,38.03,72.0,Satisfactory
Chennai,2020-04-04,20.77,291.75,7.11,0.58,4.61,38.31,67.0,Satisfactory
Chennai,2020-04-05,21.59,177.96,7.27,0.55,4.96,37.64,66.0,Satisfactory
Chennai,2020-04-06,14.27,119.96,9.43,0.61,4.12,32.83,57.0,Satisfactory
Chennai,2020-04-07,11.9,151.3,9.57,0.59,4.57,30.45,55.0,Satisfactory
Chennai,2020-04-08,14.77,288.68,7.9,0.57,4.13,34.11,55.0,Satisfactory
Chennai,2020-04-09,14.71,180.01,12.74,0.57,4.78,32.83,55.0,Satisfactory
Chennai,2020-05-25,25.2,33.86,9.59,1.01,6.77,49.76,79.0,Satisfactory
Chennai,2020-05-26,27.82,311.98,8.96,1.0,6.44,41.21,79.0,Satisfactory
Chennai,2020-05-27,20.0,234.46,9.65,1.07,7.23,39.81,77.0,Satisfactory
Chennai,2020-05-31,18.85,127.81,7.97,1.02,4.8,47.36,88.0,Satisfactory
Chennai,2020-06-01,36.15,346.73,10.07,1.16,7.27,49.45,101.0,Moderate
Chennai,2020-06-02,18.83,25.52,9.24,1.07,6.57,53.61,95.0,Satisfactory
Chennai,2020-06-03,20.61,13.84,9.41,1.01,4.04,59.22,76.0,Satisfactory
Chennai,2020-06-04,18.5,76.53,8.64,1.05,4.05,60.66,99.0,Satisfactory
Chennai,2020-06-05,18.53,27.33,9.51,1.09,5.31,55.1,81.0,Satisfactory
Chennai,2020-06-06,40.73,42.38,10.97,1.17,5.12,52.89,92.0,Satisfactory
Chennai,2020-06-07,20.52,142.52,12.19,1.17,5.35,56.57,128.0,Moderate
Chennai,2020-06-08,23.04,72.71,12.62,1.16,6.34,46.75,85.0,Satisfactory
Chennai,2020-06-09,22.43,32.25,16.08,0.96,5.45,55.54,87.0,Satisfactory
Chennai,2020-06-11,26.37,40.69,11.45,1.21,5.45,46.53,106.0,Moderate
Chennai,2020-06-12,104.45,25.05,13.24,1.2,6.83,52.79,169.0,Moderate
Chennai,2020-06-13,20.76,35.25,11.16,1.01,5.77,51.41,112.0,Moderate
Chennai,2020-06-14,20.17,56.04,14.53,1.03,4.18,52.51,80.0,Satisfactory
Chennai,2020-06-15,19.34,43.22,11.06,1.17,6.57,51.3,79.0,Satisfactory
Chennai,2020-06-16,24.1,42.54,12.26,1.18,4.44,56.23,86.0,Satisfactory
Chennai,2020-06-17,32.37,43.27,15.03,1.08,7.76,53.18,96.0,Satisfactory
Chennai,2020-06-18,23.89,41.27,17.22,1.21,9.99,73.43,112.0,Moderate
Chennai,2020-06-19,29.8,48.4,15.56,1.05,6.45,52.41,109.0,Moderate
Chennai,2020-06-20,89.92,50.56,14.48,1.12,5.5,61.97,152.0,Moderate
Chennai,2020-06-21,26.53,55.74,13.11,1.08,5.53,59.9,140.0,Moderate
Chennai,2020-06-22,23.55,35.3,8.94,1.12,6.66,71.42,106.0,Moderate
Chennai,2020-06-23,18.95,24.27,11.11,1.13,8.1,69.77,109.0,Moderate
Chennai,2020-06-24,28.83,31.28,9.57,1.07,6.32,70.18,102.0,Moderate
Chennai,2020-06-25,23.13,35.95,10.74,1.1,7.92,69.8,108.0,Moderate
Chennai,2020-06-26,23.75,38.41,7.94,1.14,5.55,66.85,95.0,Satisfactory
Chennai,2020-06-27,26.42,39.3,12.96,1.1,7.29,68.51,95.0,Satisfactory
Chennai,2020-06-28,25.93,45.54,10.0,0.76,6.48,77.45,98.0,Satisfactory
Chennai,2020-06-29,21.3,22.21,9.69,0.96,6.62,62.57,104.0,Moderate
Chennai,2020-06-30,24.14,30.66,12.38,1.05,7.5,68.75,110.0,Moderate
Chennai,2020-07-01,15.95,4.85,10.72,1.02,9.23,48.37,92.0,Satisfactory
Delhi,2015-01-01,313.22,607.98,36.39,15.2,9.25,41.68,472.0,Severe
Delhi,2015-01-02,186.18,269.55,32.87,9.54,6.65,29.97,454.0,Severe
Delhi,2015-01-03,87.18,131.9,30.31,10.61,2.65,19.71,143.0,Moderate
Delhi,2015-01-04,151.84,241.84,36.91,11.54,4.63,25.36,319.0,Very Poor
Delhi,2015-01-05,146.6,219.13,34.92,9.2,3.33,23.2,325.0,Very Poor
Delhi,2015-01-06,149.58,252.1,37.84,9.44,3.66,26.83,318.0,Very Poor
Delhi,2015-01-07,217.87,376.51,40.15,9.78,5.82,28.96,353.0,Very Poor
Delhi,2015-01-08,229.9,360.95,43.16,11.01,3.31,30.51,383.0,Very Poor
Delhi,2015-01-09,201.66,397.43,38.56,11.09,3.48,32.94,375.0,Very Poor
Delhi,2015-01-10,221.02,361.74,46.39,9.7,5.91,34.12,376.0,Very Poor
Delhi,2015-01-11,205.41,393.2,47.29,10.98,5.54,50.37,379.0,Very Poor
Delhi,2015-01-12,212.41,345.63,44.71,9.3,5.17,40.08,375.0,Very Poor
Delhi,2015-01-13,197.61,301.04,45.88,11.52,5.95,39.54,366.0,Very Poor
Delhi,2015-01-14,164.39,227.38,41.17,10.32,4.85,42.05,353.0,Very Poor
Delhi,2015-01-15,166.19,283.93,56.7,10.81,6.94,43.25,340.0,Very Poor
Delhi,2015-01-16,174.98,309.99,49.41,11.46,4.69,34.7,356.0,Very Poor
Delhi,2015-01-17,196.46,356.2,53.04,8.87,5.13,25.77,360.0,Very Poor
Delhi,2015-01-18,201.51,359.75,53.77,8.99,5.43,23.22,370.0,Very Poor
Delhi,2015-01-19,183.35,305.13,39.88,9.02,4.21,25.34,362.0,Very Poor
Delhi,2015-01-20,165.63,257.04,34.23,8.03,4.11,22.69,340.0,Very Poor
Delhi,2015-01-21,159.54,235.27,22.56,9.01,7.05,18.56,338.0,Very Poor
Delhi,2015-01-22,143.68,183.89,21.82,10.58,8.64,6.94,332.0,Very Poor
Delhi,2015-01-23,128.73,136.07,17.35,8.74,6.77,10.91,254.0,Poor
Delhi,2015-01-24,164.98,200.02,15.77,9.39,8.89,9.35,324.0,Very Poor
Delhi,2015-01-25,148.59,203.81,20.83,11.44,5.96,16.65,333.0,Very Poor
Delhi,2015-01-26,129.34,137.86,25.66,10.19,6.78,18.18,292.0,Poor
Delhi,2015-01-27,154.2,217.2,30.39,10.36,6.42,17.11,318.0,Very Poor
Delhi,2015-01-28,134.6,156.9,28.6,10.21,5.21,15.23,295.0,Poor
Delhi,2015-01-29,173.13,277.0,38.34,11.74,5.53,16.29,327.0,Very Poor
Delhi,2015-01-30,178.04,272.61,38.43,11.58,6.43,14.91,345.0,Very Poor
Delhi,2015-01-31,158.59,207.06,41.36,8.7,5.03,17.51,334.0,Very Poor
Delhi,2015-02-01,211.59,371.05,58.17,13.08,9.9,23.28,358.0,Very Poor
Delhi,2015-02-02,163.64,219.84,37.25,10.59,5.31,28.38,349.0,Very Poor
Delhi,2015-02-03,157.71,194.09,31.05,8.21,5.64,28.56,334.0,Very Poor
Delhi,2015-02-04,137.26,147.08,29.69,9.11,5.06,15.07,313.0,Very Poor
Delhi,2015-02-05,131.76,127.42,36.51,8.18,4.85,21.7,262.0,Poor
Delhi,2015-02-06,151.6,330.99,67.0,5.51,9.13,33.92,303.0,Very Poor
Delhi,2015-02-07,160.75,210.52,57.69,10.28,6.91,43.44,329.0,Very Poor
Delhi,2015-02-08,145.34,215.69,50.39,5.39,8.66,30.43,323.0,Very Poor
Delhi,2015-02-09,134.67,109.86,39.18,5.11,9.7,20.62,266.0,Poor
Delhi,2015-02-10,153.07,218.23,42.2,10.88,5.81,19.02,319.0,Very Poor
Delhi,2015-02-11,116.91,316.14,53.63,12.64,7.54,27.17,334.0,Very Poor
Delhi,2015-02-12,177.98,394.97,42.73,13.75,9.2,25.58,342.0,Very Poor
Delhi,2015-02-13,167.01,328.43,44.61,11.26,7.77,27.62,341.0,Very Poor
Delhi,2015-02-14,193.96,412.46,53.81,11.73,9.36,34.22,377.0,Very Poor
Delhi,2015-02-15,184.06,497.37,58.15,13.78,9.13,40.91,391.0,Very Poor
Delhi,2015-02-16,152.62,310.74,44.22,11.55,6.79,34.36,358.0,Very Poor
Delhi,2015-02-17,161.27,195.78,25.4,10.3,5.6,41.62,327.0,Very Poor
Delhi,2015-02-18,188.2,253.53,60.29,16.23,8.65,36.54,365.0,Very Poor
Delhi,2015-02-19,159.97,193.78,40.51,13.11,5.08,31.88,352.0,Very Poor
Delhi,2015-02-20,144.12,162.2,34.71,11.45,5.93,31.61,317.0,Very Poor
Delhi,2015-02-21,155.38,191.03,45.11,14.21,12.24,30.11,320.0,Very Poor
Delhi,2015-02-22,124.1,107.61,31.83,9.73,5.68,27.19,279.0,Poor
Delhi,2015-02-23,141.39,157.01,38.23,9.29,9.43,36.86,281.0,Poor
Delhi,2015-02-24,170.16,238.33,48.4,14.17,9.28,37.39,354.0,Very Poor
Delhi,2015-02-25,148.19,169.57,29.28,14.13,5.94,31.57,340.0,Very Poor
Delhi,2015-02-26,140.78,171.64,20.95,13.61,6.98,28.72,323.0,Very Poor
Delhi,2015-02-27,130.42,163.67,24.75,12.78,12.12,34.08,315.0,Very Poor
Delhi,2015-02-28,105.86,169.28,20.65,11.8,12.48,41.38,310.0,Very Poor
Delhi,2015-03-01,71.83,98.89,21.42,11.62,10.99,22.51,324.0,Very Poor
Delhi,2015-03-02,53.71,60.15,13.43,10.19,3.21,22.08,226.0,Poor
Delhi,2015-03-03,83.49,112.1,23.75,11.72,5.07,20.83,266.0,Poor
Delhi,2015-03-04,91.07,139.15,24.28,10.64,4.68,25.83,200.0,Moderate
Delhi,2015-03-05,106.57,196.19,31.12,9.36,5.97,32.88,275.0,Poor
Delhi,2015-03-06,101.75,163.14,26.59,10.55,5.96,33.67,322.0,Very Poor
Delhi,2015-03-07,77.57,90.54,19.15,9.48,5.18,23.09,216.0,Poor
Delhi,2015-03-08,63.24,80.2,20.35,8.19,3.98,20.71,108.0,Moderate
Delhi,2015-03-09,76.62,117.38,18.21,9.02,4.2,22.85,197.0,Moderate
Delhi,2015-03-10,86.7,150.92,18.82,7.98,3.84,25.87,238.0,Poor
Delhi,2015-03-11,104.29,176.2,25.63,10.76,6.3,29.62,274.0,Poor
Delhi,2015-03-12,115.93,203.75,32.29,11.3,7.03,35.05,315.0,Very Poor
Delhi,2015-03-13,108.66,173.89,30.75,10.23,10.65,34.05,307.0,Very Poor
Delhi,2015-03-14,67.94,105.29,29.78,9.18,10.14,23.39,208.0,Poor
Delhi,2015-03-15,38.89,46.68,17.76,8.23,4.25,22.0,165.0,Moderate
Delhi,2015-03-16,45.39,74.14,17.14,7.87,8.8,25.55,188.0,Moderate
Delhi,2015-03-17,55.55,104.33,20.96,10.45,7.19,23.11,217.0,Poor
Delhi,2015-03-18,50.59,95.56,16.6,7.83,3.6,27.5,191.0,Moderate
Delhi,2015-03-19,69.51,136.67,23.77,7.89,4.97,27.07,240.0,Poor
Delhi,2015-03-20,96.62,168.0,29.04,9.59,6.66,29.01,229.0,Poor
Delhi,2015-03-21,96.28,172.91,29.21,8.82,7.31,25.97,248.0,Poor
Delhi,2015-03-22,72.2,122.12,20.27,8.5,4.4,25.48,204.0,Poor
Delhi,2015-03-23,78.47,131.42,23.04,8.6,4.07,27.1,271.0,Poor
Delhi,2015-03-24,91.87,179.36,30.01,10.1,7.35,34.78,290.0,Poor
Delhi,2015-03-25,107.26,201.08,33.82,11.69,11.82,45.78,340.0,Very Poor
Delhi,2015-03-26,109.78,217.9,33.02,12.67,9.3,40.0,358.0,Very Poor
Delhi,2015-03-27,62.27,117.81,24.76,9.29,10.91,31.08,287.0,Poor
Delhi,2015-03-28,102.22,212.96,29.41,10.47,17.16,40.23,323.0,Very Poor
Delhi,2015-03-29,104.36,202.01,33.86,14.42,16.92,32.84,360.0,Very Poor
Delhi,2015-03-30,44.19,57.0,17.6,9.58,7.75,26.81,268.0,Poor
Delhi,2015-03-31,55.66,78.64,20.13,9.56,9.34,34.15,283.0,Poor
Delhi,2015-04-01,112.86,167.6,32.71,10.15,19.48,38.45,309.0,Very Poor
Delhi,2015-04-02,78.51,112.78,20.54,6.72,14.37,35.54,249.0,Poor
Delhi,2015-04-03,66.52,76.05,18.47,8.24,10.62,24.85,245.0,Poor
Delhi,2015-04-04,62.56,86.11,24.96,5.52,12.94,27.98,229.0,Poor
Delhi,2015-04-05,78.61,145.1,27.75,7.97,16.72,40.79,234.0,Poor
Delhi,2015-04-06,119.7,195.47,32.83,11.01,16.63,30.32,343.0,Very Poor
Delhi,2015-04-07,66.09,95.81,24.47,7.29,8.34,43.23,262.0,Poor
Delhi,2015-04-08,95.34,120.2,34.72,9.28,17.99,61.68,308.0,Very Poor
Delhi,2015-04-09,63.57,148.17,35.15,6.57,10.48,35.18,293.0,Poor
Delhi,2015-04-10,96.56,203.67,52.77,4.63,15.8,59.88,290.0,Poor
Delhi,2015-04-11,131.39,234.65,59.52,5.84,21.5,73.72,375.0,Very Poor
Delhi,2015-04-12,75.35,91.73,45.3,7.73,13.08,49.21,293.0,Poor
Delhi,2015-04-13,86.49,116.62,50.3,3.67,14.99,62.52,247.0,Poor
Delhi,2015-04-14,77.07,132.68,42.65,6.85,14.04,55.44,232.0,Poor
Delhi,2015-04-15,98.79,161.43,47.41,11.65,13.75,31.14,316.0,Very Poor
Delhi,2015-04-16,81.81,164.56,44.06,5.94,21.44,59.29,295.0,Poor
Delhi,2015-04-17,65.78,180.67,40.09,7.38,14.34,54.47,246.0,Poor
Delhi,2015-04-18,119.82,268.65,51.11,8.21,17.21,65.72,378.0,Very Poor
Delhi,2015-04-19,125.53,308.82,64.73,8.84,18.02,65.08,406.0,Severe
Delhi,2015-04-20,121.51,336.63,60.41,6.75,20.98,87.04,392.0,Very Poor
Delhi,2015-04-21,114.5,327.81,50.7,6.84,19.38,74.49,391.0,Very Poor
Delhi,2015-04-22,101.83,279.41,55.27,7.36,19.29,69.41,368.0,Very Poor
Delhi,2015-04-23,118.57,273.68,76.46,6.58,21.81,76.14,365.0,Very Poor
Delhi,2015-04-24,143.22,313.53,88.61,6.42,26.89,89.42,383.0,Very Poor
Delhi,2015-04-25,106.76,318.88,58.87,6.75,17.56,93.54,367.0,Very Poor
Delhi,2015-04-26,65.36,160.3,31.23,8.44,12.67,77.43,334.0,Very Poor
Delhi,2015-04-27,67.08,174.5,35.54,4.76,11.92,70.74,258.0,Poor
Delhi,2015-04-28,81.37,141.25,34.88,4.67,13.97,70.42,234.0,Poor
Delhi,2015-04-29,63.76,131.56,42.98,7.16,13.98,61.86,257.0,Poor
Delhi,2015-04-30,60.56,171.42,43.9,7.33,12.85,60.18,259.0,Poor
Delhi,2015-05-01,76.1,192.81,42.99,7.63,13.1,53.16,279.0,Poor
Delhi,2015-05-02,72.66,206.1,62.09,9.46,16.16,43.06,312.0,Very Poor
Delhi,2015-05-03,121.94,334.02,83.3,11.95,19.43,41.71,372.0,Very Poor
Delhi,2015-05-04,108.98,326.71,85.5,8.08,17.53,37.7,387.0,Very Poor
Delhi,2015-05-05,145.99,366.85,107.85,6.65,26.0,50.27,408.0,Severe
Delhi,2015-05-06,171.33,346.98,87.88,7.1,25.26,92.66,398.0,Very Poor
Delhi,2015-05-07,117.76,343.12,63.18,9.64,24.63,75.6,403.0,Severe
Delhi,2015-05-08,90.66,305.38,56.54,6.65,20.79,74.84,361.0,Very Poor
Delhi,2015-05-09,106.4,285.38,63.57,9.35,18.15,76.38,378.0,Very Poor
Delhi,2015-05-10,101.21,283.47,57.51,10.6,16.92,67.97,381.0,Very Poor
Delhi,2015-05-11,97.57,336.82,42.7,8.79,15.11,87.93,388.0,Very Poor
Delhi,2015-05-12,96.34,293.26,43.04,6.27,10.84,83.43,346.0,Very Poor
Delhi,2015-05-13,83.42,174.52,48.61,8.14,9.08,55.62,328.0,Very Poor
Delhi,2015-05-14,78.06,196.08,42.22,7.24,10.42,57.1,291.0,Poor
Delhi,2015-05-15,97.87,240.34,63.55,10.81,15.02,77.87,396.0,Very Poor
Delhi,2015-05-16,77.52,186.28,75.5,6.17,15.03,73.24,297.0,Poor
Delhi,2015-05-17,97.16,188.39,57.63,8.4,20.15,70.29,345.0,Very Poor
Delhi,2015-05-18,66.85,172.35,47.64,7.46,15.04,79.02,296.0,Poor
Delhi,2015-05-19,89.85,240.31,75.47,8.04,14.58,79.55,319.0,Very Poor
Delhi,2015-05-20,67.41,176.25,52.69,6.11,20.3,57.17,282.0,Poor
Delhi,2015-05-21,75.54,335.13,53.03,8.25,14.85,42.61,352.0,Very Poor
Delhi,2015-05-22,67.91,235.99,56.84,8.32,14.77,64.34,338.0,Very Poor
Delhi,2015-05-23,69.02,313.73,52.79,7.06,10.73,66.63,321.0,Very Poor
Delhi,2015-05-24,79.1,251.52,56.29,8.56,18.96,60.08,295.0,Poor
Delhi,2015-05-25,117.27,340.66,60.65,7.66,11.78,95.72,344.0,Very Poor
Delhi,2015-05-26,96.09,311.08,51.77,5.25,9.9,79.4,337.0,Very Poor
Delhi,2015-05-27,84.71,231.35,70.43,8.54,17.48,80.71,355.0,Very Poor
Delhi,2015-05-28,182.76,436.17,72.67,6.89,14.33,83.33,371.0,Very Poor
Delhi,2015-05-29,106.61,275.6,64.94,8.48,12.9,76.1,414.0,Severe
Delhi,2015-05-30,92.68,239.12,65.26,7.59,17.68,69.95,366.0,Very Poor
Delhi,2015-05-31,73.62,236.8,41.86,7.12,13.08,87.47,346.0,Very Poor
Delhi,2015-06-01,49.42,175.39,48.55,5.03,9.96,72.89,289.0,Poor
Delhi,2015-06-02,52.51,117.86,54.29,6.67,6.73,56.2,297.0,Poor
Delhi,2015-06-03,65.28,137.7,65.25,4.98,6.31,41.92,268.0,Poor
Delhi,2015-06-04,85.45,170.55,62.38,3.83,5.53,63.0,259.0,Poor
Delhi,2015-06-05,83.02,241.67,62.63,11.36,4.12,52.03,327.0,Very Poor
Delhi,2015-06-06,44.54,119.29,46.37,11.94,7.37,37.09,384.0,Very Poor
Delhi,2015-06-07,85.03,186.2,77.07,3.51,9.53,88.63,299.0,Poor
Delhi,2015-06-08,137.7,269.3,109.34,1.56,10.44,86.2,282.0,Poor
Delhi,2015-06-09,136.05,393.7,76.88,1.38,8.84,58.0,442.0,Severe
Delhi,2015-06-10,63.77,166.31,31.27,2.58,5.91,56.84,309.0,Very Poor
Delhi,2015-06-11,115.57,259.73,32.99,1.24,6.02,138.5,270.0,Poor
Delhi,2015-06-12,83.29,180.06,36.36,1.19,5.52,68.6,239.0,Poor
Delhi,2015-06-13,73.7,158.24,52.9,1.36,5.34,53.02,214.0,Poor
Delhi,2015-06-14,74.56,121.44,68.76,1.35,5.33,60.88,166.0,Moderate
Delhi,2015-06-15,106.11,206.42,72.79,1.62,6.3,86.86,234.0,Poor
Delhi,2015-06-16,132.21,282.05,81.57,1.73,6.16,82.42,331.0,Very Poor
Delhi,2015-06-17,123.56,271.79,70.96,1.57,6.95,74.01,327.0,Very Poor
Delhi,2015-06-18,132.21,268.84,94.25,1.82,9.31,87.24,313.0,Very Poor
Delhi,2015-06-19,110.65,216.46,65.21,1.38,7.8,76.58,284.0,Poor
Delhi,2015-06-20,80.31,160.22,52.7,1.29,10.22,69.37,239.0,Poor
Delhi,2015-06-21,59.73,82.7,50.78,1.59,6.11,52.78,149.0,Moderate
Delhi,2015-06-22,85.4,139.2,58.88,1.34,6.18,59.49,172.0,Moderate
Delhi,2015-06-23,101.99,152.18,61.18,1.41,7.9,77.04,226.0,Poor
Delhi,2015-06-24,126.07,214.45,60.31,1.37,8.09,83.13,261.0,Poor
Delhi,2015-06-25,37.59,62.38,44.72,1.25,7.67,46.7,188.0,Moderate
Delhi,2015-06-26,76.0,182.48,46.88,1.04,6.84,60.99,192.0,Moderate
Delhi,2015-06-27,69.46,195.2,38.55,1.01,7.28,53.19,207.0,Poor
Delhi,2015-06-28,79.84,214.78,47.19,1.13,7.53,58.34,219.0,Poor
Delhi,2015-06-29,48.5,96.78,38.37,1.07,7.74,52.21,193.0,Moderate
Delhi,2015-06-30,53.79,109.92,46.06,1.05,9.15,58.33,170.0,Moderate
Delhi,2015-07-01,57.99,135.43,49.64,1.06,8.88,61.42,185.0,Moderate
Delhi,2015-07-02,67.12,175.9,52.45,1.12,6.86,61.7,220.0,Poor
Delhi,2015-07-03,65.25,219.31,37.09,0.99,8.91,59.66,225.0,Poor
Delhi,2015-07-04,88.75,212.16,35.54,0.98,7.24,56.61,250.0,Poor
Delhi,2015-07-05,135.92,435.2,36.89,1.17,6.42,58.36,282.0,Poor
Delhi,2015-07-06,60.27,143.86,44.07,1.1,7.91,58.07,298.0,Poor
Delhi,2015-07-07,52.2,78.64,51.7,1.34,7.82,53.72,175.0,Moderate
Delhi,2015-07-08,67.92,127.38,52.69,1.17,7.94,53.94,217.0,Poor
Delhi,2015-07-09,65.95,128.93,53.39,1.4,7.86,42.58,234.0,Poor
Delhi,2015-07-10,47.68,95.1,46.71,1.26,8.97,35.79,188.0,Moderate
Delhi,2015-07-11,29.08,41.31,51.39,7.23,8.61,54.03,253.0,Poor
Delhi,2015-07-12,32.29,34.16,32.77,1.27,7.15,40.41,198.0,Moderate
Delhi,2015-07-13,36.68,54.36,37.71,1.3,8.11,37.7,148.0,Moderate
Delhi,2015-07-14,44.48,112.83,43.46,1.3,8.04,46.71,141.0,Moderate
Delhi,2015-07-15,63.79,243.97,38.05,1.07,9.62,52.2,218.0,Poor
Delhi,2015-07-16,77.2,244.69,36.72,1.02,10.29,72.44,268.0,Poor
Delhi,2015-07-17,77.99,148.95,42.07,1.88,12.46,61.43,232.0,Poor
Delhi,2015-07-18,71.11,148.87,48.79,1.84,10.77,56.32,204.0,Poor
Delhi,2015-07-19,67.39,144.11,52.87,1.28,10.4,59.05,220.0,Poor
Delhi,2015-07-20,49.58,83.22,62.37,1.24,10.17,61.55,223.0,Poor
Delhi,2015-07-21,40.97,78.76,46.3,1.14,12.19,46.98,218.0,Poor
Delhi,2015-07-22,38.97,85.89,41.41,2.73,20.43,44.49,165.0,Moderate
Delhi,2015-07-23,34.02,81.25,39.98,2.42,16.71,49.72,155.0,Moderate
Delhi,2015-07-24,46.13,94.49,43.99,0.98,16.01,47.11,154.0,Moderate
Delhi,2015-07-25,46.01,97.0,42.86,1.0,15.58,45.9,184.0,Moderate
Delhi,2015-07-26,29.81,86.01,30.66,0.81,15.09,40.73,150.0,Moderate
Delhi,2015-07-27,22.82,53.28,33.21,0.83,12.69,36.65,125.0,Moderate
Delhi,2015-07-28,24.69,51.98,40.25,0.74,7.61,38.49,160.0,Moderate
Delhi,2015-07-29,29.04,56.7,35.69,0.66,9.68,35.89,142.0,Moderate
Delhi,2015-07-30,25.76,47.91,32.96,1.2,9.49,26.26,181.0,Moderate
Delhi,2015-07-31,37.85,122.18,35.9,1.6,9.7,36.57,196.0,Moderate
Delhi,2015-08-01,41.32,126.33,35.14,1.08,10.8,41.27,181.0,Moderate
Delhi,2015-08-02,47.81,123.24,37.96,0.82,10.27,46.38,213.0,Poor
Delhi,2015-08-03,56.02,154.28,40.17,0.78,8.75,45.97,175.0,Moderate
Delhi,2015-08-04,54.46,136.88,46.74,1.21,9.72,56.88,184.0,Moderate
Delhi,2015-08-05,59.13,117.08,52.78,1.67,10.41,54.66,228.0,Poor
Delhi,2015-08-06,65.47,126.56,52.51,1.17,10.73,60.57,214.0,Poor
Delhi,2015-08-07,64.58,154.92,48.24,1.75,10.22,68.17,254.0,Poor
Delhi,2015-08-08,70.05,149.92,50.51,2.26,7.68,62.76,258.0,Poor
Delhi,2015-08-09,55.51,105.17,39.47,1.24,5.83,45.4,244.0,Poor
Delhi,2015-08-10,82.27,140.54,45.46,1.43,6.9,61.52,209.0,Poor
Delhi,2015-08-11,77.04,137.74,49.43,2.11,6.23,62.67,283.0,Poor
Delhi,2015-08-12,52.45,87.66,45.71,1.3,6.69,55.37,223.0,Poor
Delhi,2015-08-13,61.66,116.55,52.76,1.16,9.82,80.63,205.0,Poor
Delhi,2015-08-14,65.67,159.75,50.96,1.52,10.82,69.27,252.0,Poor
Delhi,2015-08-15,51.4,91.81,44.4,0.94,10.53,44.93,198.0,Moderate
Delhi,2015-08-16,55.71,93.33,48.39,1.06,10.46,44.79,197.0,Moderate
Delhi,2015-08-17,61.84,134.2,44.41,1.09,11.22,45.05,184.0,Moderate
Delhi,2015-08-18,60.65,126.2,56.15,1.02,12.39,48.86,197.0,Moderate
Delhi,2015-08-19,34.42,124.17,36.47,0.87,9.63,38.86,140.0,Moderate
Delhi,2015-08-20,40.83,210.86,32.0,0.78,11.59,42.13,232.0,Poor
Delhi,2015-08-21,50.97,214.05,35.87,1.12,12.09,57.47,271.0,Poor
Delhi,2015-08-22,46.74,149.06,40.28,0.9,9.56,52.48,207.0,Poor
Delhi,2015-08-23,44.67,138.12,33.76,0.78,9.53,33.94,127.0,Moderate
Delhi,2015-08-24,37.39,108.4,44.61,0.97,10.67,38.73,123.0,Moderate
Delhi,2015-08-25,52.06,222.39,39.88,0.93,9.12,44.9,175.0,Moderate
Delhi,2015-08-26,57.52,236.94,37.85,1.08,9.36,40.43,245.0,Poor
Delhi,2015-08-27,61.47,237.68,40.41,1.35,10.59,56.61,248.0,Poor
Delhi,2015-08-28,77.76,206.22,50.74,1.64,11.92,64.07,247.0,Poor
Delhi,2015-08-29,68.53,260.48,49.3,1.09,11.11,65.56,292.0,Poor
Delhi,2015-08-30,57.85,230.76,39.84,1.11,10.39,62.61,266.0,Poor
Delhi,2015-08-31,51.67,220.14,32.53,0.96,12.77,60.73,288.0,Poor
Delhi,2015-09-01,73.78,230.34,27.42,1.28,10.45,61.33,210.0,Poor
Delhi,2015-09-02,97.63,318.24,29.16,1.14,10.79,72.47,298.0,Poor
Delhi,2015-09-03,99.5,278.36,35.31,1.17,9.82,72.94,315.0,Very Poor
Delhi,2015-09-04,97.31,284.54,41.7,1.36,14.94,71.5,368.0,Very Poor
Delhi,2015-09-05,76.43,201.89,29.5,1.38,16.93,56.59,266.0,Poor
Delhi,2015-09-06,61.69,168.63,27.81,1.19,16.71,49.32,174.0,Moderate
Delhi,2015-09-07,55.19,179.42,35.49,1.04,12.97,52.24,199.0,Moderate
Delhi,2015-09-08,63.79,219.51,38.36,1.07,10.92,61.95,217.0,Poor
Delhi,2015-09-09,58.48,195.05,36.2,1.02,11.57,68.21,238.0,Poor
Delhi,2015-09-10,60.29,184.78,42.1,1.06,11.53,68.49,230.0,Poor
Delhi,2015-09-11,67.35,181.99,46.81,1.13,10.98,68.81,218.0,Poor
Delhi,2015-09-12,87.55,178.57,54.45,1.22,10.51,69.36,226.0,Poor
Delhi,2015-09-13,84.57,171.76,45.36,1.21,9.91,64.05,202.0,Poor
Delhi,2015-09-14,111.58,236.34,60.71,1.51,10.43,79.29,274.0,Poor
Delhi,2015-09-15,108.78,217.16,56.31,1.37,10.4,75.63,289.0,Poor
Delhi,2015-09-16,91.18,190.99,46.44,1.15,9.27,69.61,235.0,Poor
Delhi,2015-09-17,104.85,250.21,60.96,1.4,11.68,85.86,285.0,Poor
Delhi,2015-09-18,56.19,129.11,43.3,1.22,10.85,48.8,209.0,Poor
Delhi,2015-09-19,67.62,125.24,49.83,1.14,9.75,51.78,132.0,Moderate
Delhi,2015-09-20,64.38,141.89,62.73,1.1,9.27,58.49,179.0,Moderate
Delhi,2015-09-21,45.65,109.7,62.69,1.16,13.55,48.02,136.0,Moderate
Delhi,2015-09-22,35.75,70.38,38.78,0.95,11.57,39.83,104.0,Moderate
Delhi,2015-09-23,34.89,101.42,31.17,0.98,12.34,37.26,95.0,Satisfactory
Delhi,2015-09-24,63.06,187.9,39.16,1.21,13.26,48.78,175.0,Moderate
Delhi,2015-09-25,82.39,222.71,45.09,1.5,11.8,53.1,290.0,Poor
Delhi,2015-09-26,88.08,254.8,45.96,1.63,11.17,54.87,282.0,Poor
Delhi,2015-09-27,89.75,252.06,44.13,1.49,9.76,68.69,298.0,Poor
Delhi,2015-09-28,69.57,190.18,43.41,1.25,10.38,53.82,240.0,Poor
Delhi,2015-09-29,68.34,172.35,48.19,1.16,10.68,54.68,188.0,Moderate
Delhi,2015-09-30,61.08,155.26,42.91,1.1,9.59,52.91,187.0,Moderate
Delhi,2015-10-01,85.7,205.18,54.68,1.49,11.42,60.57,230.0,Poor
Delhi,2015-10-02,97.62,220.56,52.53,1.58,9.77,64.01,286.0,Poor
Delhi,2015-10-03,103.58,293.23,54.93,1.72,11.41,47.52,266.0,Poor
Delhi,2015-10-04,145.97,335.82,62.84,2.26,15.08,44.92,369.0,Very Poor
Delhi,2015-10-05,180.52,347.95,75.42,3.15,17.32,45.8,375.0,Very Poor
Delhi,2015-10-06,151.57,355.56,65.07,2.19,11.35,42.22,411.0,Severe
Delhi,2015-10-07,144.04,305.35,57.05,1.73,11.15,49.32,383.0,Very Poor
Delhi,2015-10-08,148.44,291.66,58.32,1.96,12.13,66.62,388.0,Very Poor
Delhi,2015-10-09,130.22,284.27,65.15,2.5,15.27,63.16,351.0,Very Poor
Delhi,2015-10-10,147.71,287.93,61.29,2.48,13.94,58.24,320.0,Very Poor
Delhi,2015-10-11,111.34,246.3,51.83,2.02,12.01,62.02,296.0,Poor
Delhi,2015-10-12,100.7,232.58,52.92,1.98,14.75,65.55,312.0,Very Poor
Delhi,2015-10-13,97.67,189.31,48.92,1.89,11.84,73.28,260.0,Poor
Delhi,2015-10-14,75.81,155.25,43.47,1.61,10.89,67.89,204.0,Poor
Delhi,2015-10-15,95.24,199.77,60.8,2.13,10.84,77.91,218.0,Poor
Delhi,2015-10-16,148.29,301.61,68.24,2.07,11.98,84.74,356.0,Very Poor
Delhi,2015-10-17,90.66,137.89,20.29,1.62,7.56,44.21,388.0,Very Poor
Delhi,2015-10-18,156.71,263.15,41.09,1.63,10.14,71.1,298.0,Poor
Delhi,2015-10-19,170.28,312.88,61.67,2.08,16.24,92.96,392.0,Very Poor
Delhi,2015-10-20,198.1,336.47,74.62,2.17,16.73,101.74,428.0,Severe
Delhi,2015-10-21,158.04,265.39,46.9,2.98,15.64,79.5,384.0,Very Poor
Delhi,2015-10-22,116.98,213.49,32.96,2.6,13.27,48.74,292.0,Poor
Delhi,2015-10-23,143.73,289.01,67.38,2.05,21.35,69.55,343.0,Very Poor
Delhi,2015-10-24,169.22,341.7,71.38,3.07,18.2,47.92,383.0,Very Poor
Delhi,2015-10-25,147.65,281.8,56.46,1.78,13.81,65.83,374.0,Very Poor
Delhi,2015-10-26,101.61,214.37,47.8,1.58,20.57,85.73,263.0,Poor
Delhi,2015-10-27,113.2,260.46,49.25,1.74,21.2,63.88,334.0,Very Poor
Delhi,2015-10-28,112.89,254.24,43.78,2.07,18.61,71.98,333.0,Very Poor
Delhi,2015-10-29,95.72,183.08,57.74,1.89,24.29,73.26,262.0,Poor
Delhi,2015-10-30,108.4,156.58,42.63,2.29,18.92,60.56,236.0,Poor
Delhi,2015-10-31,245.97,274.06,35.11,1.74,17.66,42.32,340.0,Very Poor
Delhi,2015-11-01,277.53,379.38,60.17,2.41,28.58,84.99,415.0,Severe
Delhi,2015-11-02,232.4,361.0,68.4,2.05,31.66,136.67,420.0,Severe
Delhi,2015-11-03,244.78,385.66,82.74,2.09,29.19,99.91,407.0,Severe
Delhi,2015-11-04,293.49,401.49,87.47,2.54,31.58,114.43,454.0,Severe
Delhi,2015-11-05,161.78,234.94,63.78,1.76,21.21,75.71,388.0,Very Poor
Delhi,2015-11-06,153.33,260.04,58.13,2.56,20.9,69.95,276.0,Poor
Delhi,2015-11-07,353.86,496.61,86.59,2.76,19.96,107.69,483.0,Severe
Delhi,2015-11-08,217.55,356.92,75.98,2.84,31.77,103.4,451.0,Severe
Delhi,2015-11-09,201.44,364.2,79.2,2.01,40.75,108.12,378.0,Very Poor
Delhi,2015-11-10,249.95,452.96,84.89,2.64,33.72,115.45,439.0,Severe
Delhi,2015-11-11,219.68,408.52,55.72,1.5,25.96,89.58,431.0,Severe
Delhi,2015-11-12,258.48,398.16,54.69,1.84,28.58,75.26,421.0,Severe
Delhi,2015-11-13,291.66,469.38,61.66,1.75,21.15,101.14,454.0,Severe
Delhi,2015-11-14,221.68,377.4,60.05,1.72,21.27,90.08,450.0,Severe
Delhi,2015-11-15,214.24,342.13,83.62,2.1,22.68,101.15,367.0,Very Poor
Delhi,2015-11-16,184.02,323.56,85.03,2.26,21.27,94.79,383.0,Very Poor
Delhi,2015-11-17,136.22,280.47,57.11,2.1,17.53,71.44,347.0,Very Poor
Delhi,2015-11-18,188.09,367.46,74.39,2.3,21.78,86.88,369.0,Very Poor
Delhi,2015-11-19,238.69,397.16,96.62,2.87,25.59,101.68,392.0,Very Poor
Delhi,2015-11-20,271.42,470.08,101.44,3.28,26.81,124.74,455.0,Severe
Delhi,2015-11-21,293.73,467.32,97.76,2.96,23.06,114.3,450.0,Severe
Delhi,2015-11-22,247.27,450.96,92.32,2.73,20.77,116.29,478.0,Severe
Delhi,2015-11-23,266.95,419.98,105.29,3.49,24.92,132.26,431.0,Severe
Delhi,2015-11-24,241.61,424.09,88.74,2.6,19.65,113.35,440.0,Severe
Delhi,2015-11-25,149.14,312.85,54.63,1.98,15.97,81.11,376.0,Very Poor
Delhi,2015-11-26,182.5,317.46,69.29,1.84,21.35,93.71,347.0,Very Poor
Delhi,2015-11-27,193.58,343.26,71.35,1.71,19.49,90.46,343.0,Very Poor
Delhi,2015-11-28,172.89,294.29,47.21,1.43,17.09,70.51,362.0,Very Poor
Delhi,2015-11-29,190.46,342.59,51.84,1.88,20.73,67.97,319.0,Very Poor
Delhi,2015-11-30,282.76,419.33,78.48,2.51,24.51,131.34,425.0,Severe
Delhi,2015-12-01,183.28,371.83,83.03,1.77,16.48,93.52,400.0,Very Poor
Delhi,2015-12-02,170.74,399.64,95.99,1.87,19.04,88.0,386.0,Very Poor
Delhi,2015-12-03,190.14,412.29,92.91,1.74,19.24,86.19,385.0,Very Poor
Delhi,2015-12-04,186.64,352.14,79.52,2.28,20.76,88.93,392.0,Very Poor
Delhi,2015-12-05,282.01,433.03,121.11,3.4,31.36,129.79,428.0,Severe
Delhi,2015-12-06,218.22,439.01,113.45,3.24,34.05,122.22,394.0,Very Poor
Delhi,2015-12-07,249.8,421.49,103.77,3.07,22.34,103.29,440.0,Severe
Delhi,2015-12-08,283.59,478.19,140.09,3.33,23.41,139.79,437.0,Severe
Delhi,2015-12-09,250.69,411.48,93.99,2.74,21.72,131.99,431.0,Severe
Delhi,2015-12-10,211.95,386.66,78.05,2.46,22.11,123.11,383.0,Very Poor
Delhi,2015-12-11,198.38,410.6,64.21,2.1,18.41,119.41,377.0,Very Poor
Delhi,2015-12-12,184.12,385.05,55.01,1.91,16.09,122.43,379.0,Very Poor
Delhi,2015-12-13,135.42,338.3,63.9,2.01,18.89,101.58,333.0,Very Poor
Delhi,2015-12-14,118.6,380.24,59.09,2.7,13.66,79.22,314.0,Very Poor
Delhi,2015-12-22,204.72,391.9,136.15,11.45,23.64,57.16,326.0,Very Poor
Delhi,2015-12-23,321.52,589.93,102.69,2.94,22.66,111.69,459.0,Severe
Delhi,2015-12-24,129.08,486.66,55.01,30.44,13.43,32.42,314.0,Very Poor
Delhi,2015-12-25,132.56,294.13,71.91,9.61,17.57,75.29,304.0,Very Poor
Delhi,2015-12-26,158.69,331.93,88.96,10.3,21.02,88.64,310.0,Very Poor
Delhi,2015-12-27,187.01,375.13,90.57,11.3,21.41,98.88,370.0,Very Poor
Delhi,2015-12-28,148.77,332.68,75.69,9.27,20.34,85.96,328.0,Very Poor
Delhi,2015-12-29,159.67,325.05,73.11,2.32,21.23,82.69,331.0,Very Poor
Delhi,2015-12-30,233.97,391.19,87.4,1.94,22.31,94.75,412.0,Severe
Delhi,2015-12-31,240.97,389.18,72.93,2.38,24.08,87.26,433.0,Severe
Delhi,2016-01-01,295.71,476.09,94.04,2.42,23.57,108.14,463.0,Severe
Delhi,2016-01-02,239.21,395.29,81.22,2.15,23.33,90.45,465.0,Severe
Delhi,2016-01-03,270.1,484.82,76.67,2.39,19.94,97.03,426.0,Severe
Delhi,2016-01-04,339.8,586.2,133.95,2.97,27.9,91.2,496.0,Severe
Delhi,2016-01-05,318.1,535.3,118.81,2.85,30.24,131.4,528.0,Severe
Delhi,2016-01-06,305.51,524.01,103.78,3.37,25.78,135.04,538.0,Severe
Delhi,2016-01-07,391.54,587.23,96.36,3.39,26.47,186.07,535.0,Severe
Delhi,2016-01-08,339.87,540.86,67.85,2.34,14.19,150.8,603.0,Severe
Delhi,2016-01-09,158.43,324.64,60.63,2.38,17.94,100.54,408.0,Severe
Delhi,2016-01-10,183.24,345.68,68.86,2.14,24.96,130.02,368.0,Very Poor
Delhi,2016-01-11,227.13,411.6,76.4,2.88,23.98,140.72,404.0,Severe
Delhi,2016-01-12,195.21,381.19,78.61,2.06,24.06,131.63,444.0,Severe
Delhi,2016-01-13,248.59,399.59,73.18,1.62,16.73,95.93,356.0,Very Poor
Delhi,2016-01-14,196.87,339.06,55.91,1.35,11.82,97.98,397.0,Very Poor
Delhi,2016-01-15,178.8,259.53,45.85,1.39,10.86,81.66,371.0,Very Poor
Delhi,2016-01-16,138.86,220.21,41.92,1.55,11.25,67.4,311.0,Very Poor
Delhi,2016-01-17,179.48,268.5,58.56,1.45,15.89,78.01,321.0,Very Poor
Delhi,2016-01-18,269.05,451.43,78.22,2.4,15.42,107.94,424.0,Severe
Delhi,2016-01-19,278.2,430.74,61.04,3.82,12.59,104.61,435.0,Severe
Delhi,2016-01-20,272.1,415.38,56.67,1.84,14.75,100.12,455.0,Severe
Delhi,2016-01-21,196.83,318.08,52.83,1.68,11.99,91.52,398.0,Very Poor
Delhi,2016-01-22,290.66,418.92,73.9,1.94,17.13,136.52,399.0,Very Poor
Delhi,2016-01-23,294.3,480.0,78.21,2.13,16.81,147.56,469.0,Severe
Delhi,2016-01-24,303.5,446.28,64.55,2.6,14.74,132.54,488.0,Severe
Delhi,2016-01-25,217.05,362.08,66.89,1.32,16.09,103.53,401.0,Severe
Delhi,2016-01-26,308.75,462.91,80.14,1.7,17.97,139.27,446.0,Severe
Delhi,2016-01-27,255.94,424.11,87.93,2.03,17.09,142.54,456.0,Severe
Delhi,2016-01-28,283.03,463.03,90.45,2.09,23.63,151.6,451.0,Severe
Delhi,2016-01-29,311.08,498.38,117.07,2.54,29.99,175.04,501.0,Severe
Delhi,2016-01-30,285.83,450.72,111.19,2.54,27.94,157.74,505.0,Severe
Delhi,2016-01-31,242.05,291.16,46.17,1.77,12.4,75.74,437.0,Severe
Delhi,2016-02-01,121.4,193.5,60.12,1.08,16.33,90.99,305.0,Very Poor
Delhi,2016-02-02,135.31,242.87,63.6,1.14,19.08,94.8,292.0,Poor
Delhi,2016-02-03,136.87,273.78,61.81,1.11,24.23,95.15,306.0,Very Poor
Delhi,2016-02-04,130.76,269.21,67.45,1.47,23.7,85.13,300.0,Poor
Delhi,2016-02-05,206.72,383.25,86.15,1.82,30.2,121.22,371.0,Very Poor
Delhi,2016-02-06,224.94,348.14,85.86,2.6,26.22,149.67,408.0,Severe
Delhi,2016-02-07,170.45,249.91,72.61,1.28,20.74,95.23,343.0,Very Poor
Delhi,2016-02-08,119.57,186.86,57.0,1.26,19.21,74.61,301.0,Very Poor
Delhi,2016-02-09,181.76,261.7,65.45,1.46,19.53,106.92,322.0,Very Poor
Delhi,2016-02-10,216.55,341.38,81.98,2.02,21.61,129.76,368.0,Very Poor
Delhi,2016-02-11,150.0,270.49,70.99,1.88,21.25,93.1,349.0,Very Poor
Delhi,2016-02-12,146.03,296.27,79.43,1.56,26.86,117.2,334.0,Very Poor
Delhi,2016-02-13,110.89,228.81,56.05,2.14,20.94,101.47,333.0,Very Poor
Delhi,2016-02-14,103.57,177.49,61.73,1.11,29.71,89.22,257.0,Poor
Delhi,2016-02-15,115.7,219.52,66.8,1.88,27.44,93.47,265.0,Poor
Delhi,2016-02-16,123.22,216.09,65.75,1.25,29.19,95.46,297.0,Poor
Delhi,2016-02-17,135.38,236.15,80.76,1.36,37.35,89.38,289.0,Poor
Delhi,2016-02-18,148.75,217.16,76.11,1.41,26.28,90.48,310.0,Very Poor
Delhi,2016-02-19,207.1,307.38,66.45,1.76,32.25,108.89,366.0,Very Poor
Delhi,2016-02-20,150.89,225.66,47.72,1.48,20.15,84.64,345.0,Very Poor
Delhi,2016-02-21,76.12,137.44,30.51,1.0,10.43,73.2,228.0,Poor
Delhi,2016-02-22,88.73,137.44,41.47,1.02,20.79,75.96,213.0,Poor
Delhi,2016-02-23,86.17,194.61,56.77,1.41,21.27,95.32,208.0,Poor
Delhi,2016-02-24,177.64,309.47,117.04,2.07,50.44,200.41,319.0,Very Poor
Delhi,2016-02-25,131.69,232.45,81.93,1.6,21.19,97.56,315.0,Very Poor
Delhi,2016-02-26,129.66,236.27,76.82,1.63,21.44,115.84,293.0,Poor
Delhi,2016-02-27,144.98,245.96,86.59,1.78,24.43,117.3,342.0,Very Poor
Delhi,2016-02-28,163.92,263.73,76.43,1.98,21.63,130.99,338.0,Very Poor
Delhi,2016-02-29,170.12,255.34,76.4,1.99,17.63,137.57,344.0,Very Poor
Delhi,2016-03-01,213.62,299.88,102.02,2.43,25.49,138.3,370.0,Very Poor
Delhi,2016-03-02,175.63,244.58,102.23,1.94,25.53,157.07,365.0,Very Poor
Delhi,2016-03-03,165.22,264.31,100.71,2.61,33.45,113.89,348.0,Very Poor
Delhi,2016-03-04,115.55,201.71,60.47,1.36,16.6,103.88,312.0,Very Poor
Delhi,2016-03-05,53.0,129.37,48.15,0.73,19.05,84.88,214.0,Poor
Delhi,2016-03-06,47.43,60.61,55.78,0.86,15.1,81.26,165.0,Moderate
Delhi,2016-03-07,98.61,167.78,54.69,1.28,20.44,82.97,218.0,Poor
Delhi,2016-03-08,84.42,134.81,43.9,1.07,26.24,61.83,230.0,Poor
Delhi,2016-03-09,109.16,164.84,49.75,1.16,31.56,66.4,248.0,Poor
Delhi,2016-03-10,129.9,240.67,60.19,1.57,26.69,92.04,276.0,Poor
Delhi,2016-03-11,85.76,204.96,30.44,1.69,9.58,36.99,213.0,Poor
Delhi,2016-03-14,51.82,79.14,38.11,1.22,18.53,55.08,111.0,Moderate
Delhi,2016-03-15,81.32,162.38,34.54,1.74,20.36,77.88,193.0,Moderate
Delhi,2016-03-16,67.63,152.46,36.61,1.14,17.04,48.58,123.0,Moderate
Delhi,2016-03-17,70.86,137.98,65.89,1.12,21.48,73.05,194.0,Moderate
Delhi,2016-03-18,72.47,133.3,64.64,1.24,27.7,70.45,186.0,Moderate
Delhi,2016-03-19,103.73,194.95,77.89,2.2,30.74,56.49,242.0,Poor
Delhi,2016-03-20,95.52,167.64,57.84,1.56,20.52,97.74,267.0,Poor
Delhi,2016-03-21,58.4,129.21,36.37,1.14,15.98,65.16,207.0,Poor
Delhi,2016-03-22,47.43,139.62,31.12,0.96,13.54,70.69,176.0,Moderate
Delhi,2016-03-23,80.01,148.1,50.45,1.29,22.15,84.89,189.0,Moderate
Delhi,2016-03-24,156.01,228.19,88.44,2.18,24.44,169.36,341.0,Very Poor
Delhi,2016-03-25,137.99,217.03,85.91,2.1,32.84,142.38,325.0,Very Poor
Delhi,2016-03-26,72.44,122.24,42.51,1.1,23.86,66.2,259.0,Poor
Delhi,2016-03-27,61.75,54.0,37.18,0.74,18.09,66.87,178.0,Moderate
Delhi,2016-03-28,81.46,110.31,53.01,1.04,25.75,77.27,219.0,Poor
Delhi,2016-03-29,89.75,156.89,48.72,1.28,42.34,67.87,206.0,Poor
Delhi,2016-03-30,88.68,163.7,46.74,1.35,36.91,47.01,221.0,Poor
Delhi,2016-03-31,127.86,218.3,61.21,2.2,19.64,62.15,298.0,Poor
Delhi,2016-04-03,148.22,217.84,44.98,1.68,27.44,69.66,314.0,Very Poor
Delhi,2016-04-04,132.86,377.61,31.55,1.51,20.54,63.44,334.0,Very Poor
Delhi,2016-04-05,97.83,174.11,20.15,1.38,18.86,28.8,261.0,Poor
Delhi,2016-04-06,91.82,202.91,52.54,1.4,31.06,37.04,208.0,Poor
Delhi,2016-04-07,129.61,329.68,58.6,1.22,35.57,32.33,289.0,Poor
Delhi,2016-04-08,89.78,193.14,53.55,1.52,48.86,34.75,216.0,Poor
Delhi,2016-04-09,166.76,272.67,63.03,1.51,46.97,47.93,314.0,Very Poor
Delhi,2016-04-10,107.81,154.18,47.95,1.77,35.24,31.6,262.0,Poor
Delhi,2016-04-11,81.12,246.86,36.5,0.72,22.66,61.02,257.0,Poor
Delhi,2016-04-12,74.03,201.81,35.44,0.71,17.85,58.47,235.0,Poor
Delhi,2016-04-13,74.9,247.61,46.29,1.11,25.16,58.74,239.0,Poor
Delhi,2016-04-14,94.81,220.48,58.81,1.32,26.21,75.75,239.0,Poor
Delhi,2016-04-15,137.48,285.18,76.2,1.98,37.57,85.91,302.0,Very Poor
Delhi,2016-04-17,102.86,283.02,42.35,1.04,13.34,66.77,247.0,Poor
Delhi,2016-04-18,102.9,219.17,49.32,0.98,22.15,81.29,265.0,Poor
Delhi,2016-04-19,129.06,311.93,63.21,1.52,35.73,98.35,301.0,Very Poor
Delhi,2016-04-20,124.8,283.05,48.65,1.09,29.16,97.22,322.0,Very Poor
Delhi,2016-04-21,92.74,265.56,42.87,0.88,19.87,103.07,291.0,Poor
Delhi,2016-04-22,113.75,208.42,44.8,0.93,25.63,110.09,292.0,Poor
Delhi,2016-04-23,89.52,171.92,50.78,1.51,25.65,87.26,258.0,Poor
Delhi,2016-04-24,123.59,219.3,69.92,1.7,40.96,87.66,282.0,Poor
Delhi,2016-04-25,104.5,213.36,70.04,1.47,39.91,87.38,271.0,Poor
Delhi,2016-04-26,139.37,306.08,97.93,2.08,38.53,86.82,314.0,Very Poor
Delhi,2016-04-27,162.54,379.7,108.53,2.7,33.53,87.74,377.0,Very Poor
Delhi,2016-04-28,161.23,354.17,80.4,2.08,35.7,117.59,390.0,Very Poor
Delhi,2016-04-29,181.49,383.05,88.26,2.14,38.0,56.3,392.0,Very Poor
Delhi,2016-05-03,125.36,284.55,59.73,1.49,21.42,101.53,281.0,Poor
Delhi,2016-05-04,103.08,297.94,61.77,1.44,26.13,91.18,309.0,Very Poor
Delhi,2016-05-05,65.02,173.86,46.27,1.14,18.35,79.9,262.0,Poor
Delhi,2016-05-06,54.34,136.92,55.07,1.12,20.23,65.26,194.0,Moderate
Delhi,2016-05-07,77.89,193.14,66.68,0.98,20.15,75.61,229.0,Poor
Delhi,2016-05-08,90.19,208.75,64.2,1.1,25.25,81.61,246.0,Poor
Delhi,2016-05-09,77.34,168.66,48.67,1.04,18.97,79.06,225.0,Poor
Delhi,2016-05-10,73.55,174.94,57.52,1.05,22.26,68.57,221.0,Poor
Delhi,2016-05-11,66.49,112.6,52.3,0.98,16.32,61.02,185.0,Moderate
Delhi,2016-05-12,100.09,207.98,64.25,1.34,17.95,76.43,218.0,Poor
Delhi,2016-05-13,99.88,250.51,60.29,1.1,16.54,95.52,310.0,Very Poor
Delhi,2016-05-14,105.51,292.64,67.71,1.44,20.49,86.22,307.0,Very Poor
Delhi,2016-05-15,128.85,379.8,57.06,1.83,18.7,56.63,325.0,Very Poor
Delhi,2016-05-16,94.89,247.95,58.46,1.12,21.19,62.4,316.0,Very Poor
Delhi,2016-05-17,92.95,249.27,62.4,1.19,27.34,89.66,302.0,Very Poor
Delhi,2016-05-18,117.64,266.72,80.57,1.76,31.96,105.42,318.0,Very Poor
Delhi,2016-05-19,94.22,219.01,67.73,1.86,27.98,85.76,300.0,Poor
Delhi,2016-05-20,70.86,186.97,52.02,1.07,12.82,77.8,246.0,Poor
Delhi,2016-05-21,78.02,233.72,48.23,0.96,13.08,107.9,255.0,Poor
Delhi,2016-05-22,66.3,149.31,53.42,0.99,15.3,101.65,218.0,Poor
Delhi,2016-05-23,87.31,163.9,45.86,0.79,16.69,93.48,252.0,Poor
Delhi,2016-05-24,57.35,103.26,43.57,0.89,13.46,75.38,190.0,Moderate
Delhi,2016-05-25,105.02,240.52,50.77,1.48,13.98,126.55,256.0,Poor
Delhi,2016-05-26,111.22,293.73,48.12,1.06,11.79,160.06,311.0,Very Poor
Delhi,2016-05-27,180.71,379.29,50.38,1.29,13.73,169.35,381.0,Very Poor
Delhi,2016-05-28,109.82,314.0,34.37,0.96,15.48,120.76,409.0,Severe
Delhi,2016-05-29,42.67,169.36,35.71,0.87,10.6,101.26,269.0,Poor
Delhi,2016-05-30,56.87,101.24,50.18,1.39,11.3,73.43,187.0,Moderate
Delhi,2016-05-31,101.54,214.14,49.41,1.29,9.15,83.4,225.0,Poor
Delhi,2016-06-01,76.56,251.87,44.55,1.04,13.11,86.34,283.0,Poor
Delhi,2016-06-02,81.4,298.5,49.88,1.3,13.87,94.77,316.0,Very Poor
Delhi,2016-06-03,138.97,296.64,74.99,1.7,21.41,129.18,361.0,Very Poor
Delhi,2016-06-04,137.81,274.63,75.26,1.48,15.4,115.31,330.0,Very Poor
Delhi,2016-06-05,77.72,166.28,36.69,0.99,11.7,78.8,256.0,Poor
Delhi,2016-06-06,84.61,208.17,45.47,1.48,14.68,100.24,237.0,Poor
Delhi,2016-06-07,66.72,152.18,45.5,1.77,15.9,82.33,246.0,Poor
Delhi,2016-06-08,64.08,143.88,57.31,1.45,19.95,79.75,202.0,Poor
Delhi,2016-06-09,64.95,187.69,49.67,1.75,15.09,84.94,209.0,Poor
Delhi,2016-06-10,75.75,239.74,51.75,3.84,18.14,92.8,262.0,Poor
Delhi,2016-06-11,69.25,225.52,38.84,3.61,9.83,68.93,280.0,Poor
Delhi,2016-06-12,70.71,272.34,40.04,2.59,9.78,70.91,279.0,Poor
Delhi,2016-06-13,96.72,332.91,34.52,3.24,10.14,98.09,357.0,Very Poor
Delhi,2016-06-14,59.02,197.51,38.55,3.44,8.29,57.42,266.0,Poor
Delhi,2016-06-15,102.42,330.36,37.74,1.59,11.23,65.24,330.0,Very Poor
Delhi,2016-06-16,62.37,109.42,30.44,2.49,9.89,56.97,248.0,Poor
Delhi,2016-06-17,67.76,120.06,41.27,1.87,10.43,59.25,172.0,Moderate
Delhi,2016-06-18,79.17,142.57,33.98,1.94,8.64,68.32,234.0,Poor
Delhi,2016-06-19,101.31,101.54,32.55,2.64,9.51,56.24,201.0,Poor
Delhi,2016-06-20,83.1,84.18,40.24,2.11,11.24,52.76,206.0,Poor
Delhi,2016-06-21,72.33,54.85,32.04,2.49,10.54,43.4,159.0,Moderate
Delhi,2016-06-22,75.14,99.89,31.89,3.73,7.88,51.74,187.0,Moderate
Delhi,2016-06-23,91.63,98.88,37.7,2.11,8.34,55.92,228.0,Poor
Delhi,2016-06-24,100.02,331.1,45.29,2.02,9.03,101.3,284.0,Poor
Delhi,2016-06-25,67.12,175.26,50.91,1.09,10.87,79.26,310.0,Very Poor
Delhi,2016-06-26,48.0,86.63,40.57,0.85,8.71,58.37,158.0,Moderate
Delhi,2016-06-27,76.76,112.46,37.28,1.71,7.63,51.76,154.0,Moderate
Delhi,2016-06-28,80.89,96.05,40.07,3.0,9.77,55.61,187.0,Moderate
Delhi,2016-06-29,60.67,68.43,37.01,2.08,10.22,44.44,180.0,Moderate
Delhi,2016-06-30,69.65,103.25,34.17,2.39,9.43,51.31,190.0,Moderate
Delhi,2016-07-01,58.21,113.1,29.28,2.23,7.97,37.35,164.0,Moderate
Delhi,2016-07-02,57.24,96.62,33.9,2.93,7.81,40.49,148.0,Moderate
Delhi,2016-07-03,67.6,95.26,36.79,2.78,8.77,48.9,154.0,Moderate
Delhi,2016-07-04,57.1,75.83,37.93,1.72,8.88,52.3,160.0,Moderate
Delhi,2016-07-05,68.71,162.2,47.24,2.22,8.51,55.57,165.0,Moderate
Delhi,2016-07-06,77.71,143.29,34.78,2.64,7.6,57.81,210.0,Poor
Delhi,2016-07-07,54.5,80.82,27.69,2.18,8.73,42.67,158.0,Moderate
Delhi,2016-07-08,54.96,98.86,42.07,1.58,8.38,45.55,172.0,Moderate
Delhi,2016-07-09,52.95,87.81,30.77,1.96,7.73,45.1,151.0,Moderate
Delhi,2016-07-10,59.13,86.18,35.91,1.72,7.94,43.24,143.0,Moderate
Delhi,2016-07-11,60.92,74.51,33.57,1.08,7.74,42.22,156.0,Moderate
Delhi,2016-07-12,39.32,57.16,32.55,2.36,9.06,43.95,108.0,Moderate
Delhi,2016-07-13,71.53,79.1,31.96,1.82,8.23,50.01,163.0,Moderate
Delhi,2016-07-14,73.51,56.29,29.7,5.0,7.39,47.3,247.0,Poor
Delhi,2016-07-15,52.88,88.23,29.17,4.65,6.58,36.35,123.0,Moderate
Delhi,2016-07-16,50.99,44.48,22.38,1.21,7.18,33.31,106.0,Moderate
Delhi,2016-07-17,75.93,38.59,15.75,2.48,7.0,28.11,202.0,Poor
Delhi,2016-07-18,44.08,77.07,32.85,1.47,7.31,36.73,120.0,Moderate
Delhi,2016-07-19,42.14,166.27,31.4,1.31,6.78,44.7,135.0,Moderate
Delhi,2016-07-20,56.86,203.09,34.96,1.16,9.36,61.07,245.0,Poor
Delhi,2016-07-21,45.64,240.86,37.8,0.87,7.27,56.3,280.0,Poor
Delhi,2016-07-22,48.36,157.41,37.42,1.14,8.63,64.4,269.0,Poor
Delhi,2016-07-23,42.09,80.14,23.88,0.84,7.23,51.32,163.0,Moderate
Delhi,2016-07-25,76.29,163.57,58.4,1.32,7.93,62.62,195.0,Moderate
Delhi,2016-07-26,54.5,95.08,40.48,1.08,8.2,52.3,163.0,Moderate
Delhi,2016-07-27,40.55,58.09,40.86,1.36,10.82,56.73,108.0,Moderate
Delhi,2016-07-28,46.44,68.69,42.81,1.34,9.95,72.25,134.0,Moderate
Delhi,2016-07-29,56.16,76.89,44.18,1.76,9.87,70.34,155.0,Moderate
Delhi,2016-07-30,42.7,50.0,36.78,1.55,8.69,49.28,116.0,Moderate
Delhi,2016-07-31,48.03,70.62,32.5,1.29,8.01,85.11,136.0,Moderate
Delhi,2016-08-01,43.47,53.42,29.86,1.29,10.33,68.03,150.0,Moderate
Delhi,2016-08-02,43.55,55.33,34.87,2.69,8.23,91.54,121.0,Moderate
Delhi,2016-08-03,50.86,67.92,36.14,1.35,6.96,92.81,149.0,Moderate
Delhi,2016-08-04,49.04,87.48,35.93,0.92,9.03,86.42,178.0,Moderate
Delhi,2016-08-05,39.3,78.77,33.68,1.2,9.36,63.17,120.0,Moderate
Delhi,2016-08-06,43.86,76.69,38.29,2.13,9.81,68.19,140.0,Moderate
Delhi,2016-08-07,42.84,75.19,31.42,2.48,10.02,67.17,142.0,Moderate
Delhi,2016-08-08,44.04,82.26,34.27,1.37,8.48,73.28,141.0,Moderate
Delhi,2016-08-09,41.29,64.76,29.05,2.93,8.02,59.76,125.0,Moderate
Delhi,2016-08-10,39.28,54.92,30.76,1.6,9.75,53.53,127.0,Moderate
Delhi,2016-08-11,30.66,32.79,29.78,2.22,8.37,54.64,119.0,Moderate
Delhi,2016-08-12,42.15,84.46,34.9,1.39,8.73,70.12,111.0,Moderate
Delhi,2016-08-13,56.45,92.71,43.49,1.53,7.77,68.22,132.0,Moderate
Delhi,2016-08-14,40.81,80.14,42.53,1.28,12.53,81.39,149.0,Moderate
Delhi,2016-08-15,39.51,185.99,32.96,2.15,8.87,91.79,166.0,Moderate
Delhi,2016-08-16,49.04,245.72,28.74,3.78,7.97,83.64,274.0,Poor
Delhi,2016-08-17,62.19,247.59,36.46,0.95,11.16,85.32,295.0,Poor
Delhi,2016-08-18,55.55,132.65,51.48,1.23,9.22,72.82,219.0,Poor
Delhi,2016-08-19,59.03,153.16,43.97,1.15,8.84,69.54,169.0,Moderate
Delhi,2016-08-20,48.57,90.68,35.84,1.59,8.56,59.67,174.0,Moderate
Delhi,2016-08-21,28.01,65.58,27.58,3.11,9.02,42.88,111.0,Moderate
Delhi,2016-08-22,28.6,78.83,31.31,2.59,7.97,43.07,93.0,Satisfactory
Delhi,2016-08-23,38.99,85.48,39.47,1.25,8.06,50.23,107.0,Moderate
Delhi,2016-08-24,43.35,73.22,32.04,1.17,10.86,48.2,127.0,Moderate
Delhi,2016-08-25,45.88,118.92,35.41,0.99,8.23,32.24,93.0,Satisfactory
Delhi,2016-08-26,54.13,125.44,35.61,1.0,9.57,41.9,142.0,Moderate
Delhi,2016-08-28,57.09,170.2,28.7,1.67,7.04,27.7,224.0,Poor
Delhi,2016-08-29,54.73,189.12,37.48,1.1,8.92,40.47,169.0,Moderate
Delhi,2016-08-30,48.93,89.57,42.73,1.12,9.22,41.9,110.0,Moderate
Delhi,2016-08-31,37.1,60.16,41.82,2.07,8.72,41.57,100.0,Satisfactory
Delhi,2016-09-01,28.06,47.47,51.78,1.22,9.47,54.7,109.0,Moderate
Delhi,2016-09-02,44.31,111.18,41.71,0.98,9.37,64.8,154.0,Moderate
Delhi,2016-09-03,46.77,208.01,40.85,0.91,10.09,68.7,216.0,Poor
Delhi,2016-09-04,57.64,269.42,31.96,0.91,9.05,56.8,262.0,Poor
Delhi,2016-09-05,45.37,246.81,33.42,1.17,9.87,57.01,260.0,Poor
Delhi,2016-09-06,50.42,282.23,34.74,2.99,10.61,61.24,329.0,Very Poor
Delhi,2016-09-07,50.73,233.83,39.21,2.16,14.63,75.45,291.0,Poor
Delhi,2016-09-08,71.72,260.6,39.69,1.41,12.02,63.76,300.0,Poor
Delhi,2016-09-09,87.99,277.61,43.67,2.39,10.34,49.75,335.0,Very Poor
Delhi,2016-09-10,45.7,190.45,38.14,0.75,10.81,55.82,240.0,Poor
Delhi,2016-09-11,45.89,164.1,40.58,2.36,10.92,52.36,177.0,Moderate
Delhi,2016-09-12,49.7,178.47,39.41,2.12,9.59,54.62,178.0,Moderate
Delhi,2016-09-13,57.08,184.5,43.84,1.62,10.93,63.46,193.0,Moderate
Delhi,2016-09-14,47.36,109.64,45.6,1.25,11.21,64.32,150.0,Moderate
Delhi,2016-09-15,79.99,198.81,54.73,1.26,11.6,77.97,215.0,Poor
Delhi,2016-09-16,67.11,185.86,57.22,0.95,12.39,70.09,233.0,Poor
Delhi,2016-09-17,81.9,207.91,56.8,0.99,12.78,75.84,220.0,Poor
Delhi,2016-09-18,86.16,185.57,56.82,1.28,10.89,74.51,266.0,Poor
Delhi,2016-09-19,75.02,143.48,67.37,1.08,14.63,88.62,192.0,Moderate
Delhi,2016-09-20,94.23,141.3,86.2,1.3,16.12,134.72,264.0,Poor
Delhi,2016-09-21,89.62,131.06,70.0,0.89,17.12,144.45,284.0,Poor
Delhi,2016-09-22,32.73,67.29,44.35,0.8,13.44,72.31,150.0,Moderate
Delhi,2016-09-23,55.64,125.31,57.24,1.18,13.77,78.31,134.0,Moderate
Delhi,2016-09-24,56.46,112.36,53.66,1.03,14.63,67.97,197.0,Moderate
Delhi,2016-09-25,56.64,137.48,55.69,1.24,15.5,73.87,175.0,Moderate
Delhi,2016-09-26,89.09,194.71,68.3,1.35,15.11,89.95,236.0,Poor
Delhi,2016-09-27,52.49,109.5,41.03,0.71,13.68,62.19,185.0,Moderate
Delhi,2016-09-28,105.43,260.01,100.66,0.49,11.94,113.81,103.0,Moderate
Delhi,2016-09-29,101.84,189.62,63.0,0.97,15.28,96.64,289.0,Poor
Delhi,2016-09-30,84.33,179.81,65.05,1.01,15.0,87.95,224.0,Poor
Delhi,2016-10-01,117.28,232.03,73.71,1.4,24.55,109.06,312.0,Very Poor
Delhi,2016-10-02,81.87,199.61,59.82,1.13,16.28,75.58,234.0,Poor
Delhi,2016-10-03,103.12,210.04,66.31,1.09,12.96,97.36,282.0,Poor
Delhi,2016-10-04,159.8,272.34,78.18,1.3,13.68,123.99,351.0,Very Poor
Delhi,2016-10-05,81.71,150.37,77.96,1.26,14.4,85.94,232.0,Poor
Delhi,2016-10-06,117.86,229.25,87.85,1.3,15.09,109.08,280.0,Poor
Delhi,2016-10-07,114.06,274.97,74.99,1.28,14.63,97.13,311.0,Very Poor
Delhi,2016-10-08,132.11,317.62,76.99,1.54,14.9,98.7,408.0,Severe
Delhi,2016-10-09,144.47,317.13,92.64,1.42,17.2,128.17,416.0,Severe
Delhi,2016-10-10,125.8,290.85,88.86,1.24,17.3,112.52,387.0,Very Poor
Delhi,2016-10-11,134.84,327.75,83.87,1.6,16.52,104.67,408.0,Severe
Delhi,2016-10-12,114.3,309.88,83.3,1.05,20.1,93.47,405.0,Severe
Delhi,2016-10-13,86.93,295.1,81.11,0.84,19.17,78.81,371.0,Very Poor
Delhi,2016-10-14,94.83,303.27,87.15,1.31,20.72,87.84,375.0,Very Poor
Delhi,2016-10-15,144.98,368.81,108.83,1.26,22.1,120.33,400.0,Very Poor
Delhi,2016-10-16,132.01,316.53,89.01,1.32,24.72,99.74,430.0,Severe
Delhi,2016-10-17,149.35,346.31,94.29,2.19,27.27,112.83,425.0,Severe
Delhi,2016-10-18,161.49,352.64,95.27,1.6,22.25,101.0,438.0,Severe
Delhi,2016-10-19,140.57,339.79,91.52,1.48,24.66,73.0,428.0,Severe
Delhi,2016-10-20,135.9,361.08,90.28,1.83,24.72,107.03,425.0,Severe
Delhi,2016-10-21,161.11,477.65,88.27,2.14,26.66,32.06,496.0,Severe
Delhi,2016-10-22,140.92,442.68,84.96,1.44,20.7,53.5,472.0,Severe
Delhi,2016-10-23,182.14,372.09,90.22,1.11,19.38,122.74,470.0,Severe
Delhi,2016-10-24,164.51,367.17,88.17,1.42,21.68,109.22,454.0,Severe
Delhi,2016-10-25,115.76,290.42,82.7,1.63,23.46,83.78,396.0,Very Poor
Delhi,2016-10-26,209.27,413.49,111.23,1.88,25.0,85.57,413.0,Severe
Delhi,2016-10-27,296.27,535.53,120.07,1.94,23.95,82.06,558.0,Severe
Delhi,2016-10-28,318.57,503.0,119.42,1.91,27.89,107.12,570.0,Severe
Delhi,2016-10-29,350.39,516.59,162.5,2.65,54.38,139.22,554.0,Severe
Delhi,2016-10-30,355.77,528.41,112.59,2.28,40.23,257.73,522.0,Severe
Delhi,2016-10-31,434.92,521.21,113.21,2.36,71.56,153.52,520.0,Severe
Delhi,2016-11-01,394.59,537.51,120.66,2.09,33.34,193.31,550.0,Severe
Delhi,2016-11-02,537.96,693.21,149.12,2.8,26.66,160.01,593.0,Severe
Delhi,2016-11-03,482.4,483.99,148.92,2.78,29.4,108.33,625.0,Severe
Delhi,2016-11-04,342.45,475.1,131.92,2.23,25.93,177.07,480.0,Severe
Delhi,2016-11-05,588.39,763.58,113.31,2.2,22.21,39.05,603.0,Severe
Delhi,2016-11-06,685.36,708.8,128.15,3.23,22.61,39.21,676.0,Severe
Delhi,2016-11-07,488.57,527.64,123.36,2.21,23.88,33.33,716.0,Severe
Delhi,2016-11-08,338.38,471.47,92.18,1.32,21.36,35.0,542.0,Severe
Delhi,2016-11-09,307.08,415.79,103.26,1.38,21.52,33.89,455.0,Severe
Delhi,2016-11-10,291.71,464.27,133.98,1.61,29.45,42.27,471.0,Severe
Delhi,2016-11-11,295.88,491.38,147.03,1.62,35.04,50.03,514.0,Severe
Delhi,2016-11-12,277.67,437.21,127.18,1.49,34.7,43.22,491.0,Severe
Delhi,2016-11-13,228.16,388.97,113.74,1.24,51.78,66.96,469.0,Severe
Delhi,2016-11-14,194.2,266.97,119.58,0.91,22.7,63.1,404.0,Severe
Delhi,2016-11-15,236.09,399.5,116.66,1.49,21.98,37.37,379.0,Very Poor
Delhi,2016-11-16,291.98,391.88,109.65,1.34,23.97,35.58,428.0,Severe
Delhi,2016-11-17,351.47,412.95,96.23,0.73,21.65,37.74,504.0,Severe
Delhi,2016-11-18,237.21,409.98,102.95,0.87,23.11,37.26,512.0,Severe
Delhi,2016-11-19,285.71,412.35,114.11,1.16,30.47,48.81,494.0,Severe
Delhi,2016-11-20,323.74,350.18,117.17,1.52,27.23,53.69,438.0,Severe
Delhi,2016-11-21,340.61,439.26,128.85,1.6,26.25,50.47,474.0,Severe
Delhi,2016-11-22,281.76,399.82,111.52,1.55,25.26,32.17,471.0,Severe
Delhi,2016-11-23,174.56,443.12,98.73,1.24,30.13,38.25,432.0,Severe
Delhi,2016-11-24,216.1,478.72,109.5,1.21,22.29,35.12,397.0,Very Poor
Delhi,2016-11-25,136.21,399.13,68.9,0.41,20.99,40.07,375.0,Very Poor
Delhi,2016-11-26,113.3,325.47,70.01,0.46,23.22,39.94,330.0,Very Poor
Delhi,2016-11-27,128.7,336.16,71.29,0.65,22.68,38.99,347.0,Very Poor
Delhi,2016-11-28,127.5,312.58,82.99,0.91,29.33,36.12,274.0,Poor
Delhi,2016-11-29,236.58,489.62,133.28,1.75,27.59,40.89,360.0,Very Poor
Delhi,2016-11-30,246.25,437.91,95.64,1.16,20.23,44.16,441.0,Severe
Delhi,2016-12-01,263.61,473.72,83.15,1.25,19.08,49.44,418.0,Severe
Delhi,2016-12-02,263.25,422.11,101.67,1.05,20.38,34.89,474.0,Severe
Delhi,2016-12-03,196.6,432.38,97.75,1.41,23.49,34.86,419.0,Severe
Delhi,2016-12-04,223.3,426.63,109.4,1.93,22.96,33.98,379.0,Very Poor
Delhi,2016-12-05,204.6,417.29,78.79,1.55,23.92,31.6,389.0,Very Poor
Delhi,2016-12-06,293.91,497.31,96.68,1.86,23.11,38.89,402.0,Severe
Delhi,2016-12-07,283.61,414.27,81.86,1.34,23.69,53.91,472.0,Severe
Delhi,2016-12-08,238.21,374.88,72.44,1.53,22.2,36.02,422.0,Severe
Delhi,2016-12-09,295.62,502.98,71.44,1.66,23.47,38.31,443.0,Severe
Delhi,2016-12-10,189.09,249.35,58.86,0.84,20.83,41.6,413.0,Severe
Delhi,2016-12-11,199.12,294.81,50.79,1.25,22.65,37.83,351.0,Very Poor
Delhi,2016-12-12,210.28,365.65,76.9,2.39,23.52,30.87,418.0,Severe
Delhi,2016-12-13,209.91,438.88,76.81,1.32,21.71,32.12,413.0,Severe
Delhi,2016-12-14,154.55,336.29,66.38,0.92,18.5,33.54,379.0,Very Poor
Delhi,2016-12-15,167.64,345.07,61.53,1.06,20.65,34.65,359.0,Very Poor
Delhi,2016-12-16,200.78,443.63,85.26,1.45,23.5,33.68,390.0,Very Poor
Delhi,2016-12-17,229.35,450.31,88.54,1.16,21.22,33.35,437.0,Severe
Delhi,2016-12-18,232.33,433.94,86.92,1.17,21.99,34.3,411.0,Severe
Delhi,2016-12-19,236.24,445.54,88.02,0.92,21.32,31.86,443.0,Severe
Delhi,2016-12-20,161.92,324.2,68.35,0.61,22.9,34.48,377.0,Very Poor
Delhi,2016-12-21,131.95,291.75,66.67,0.81,22.63,33.78,317.0,Very Poor
Delhi,2016-12-22,187.3,399.43,82.03,1.14,24.9,37.52,349.0,Very Poor
Delhi,2016-12-23,364.15,616.99,122.88,1.92,22.09,45.0,470.0,Severe
Delhi,2016-12-24,411.8,605.65,114.03,1.65,19.54,41.56,576.0,Severe
Delhi,2016-12-25,232.41,346.57,59.88,0.7,19.37,38.99,412.0,Severe
Delhi,2016-12-26,154.26,307.64,65.49,0.66,22.82,36.31,338.0,Very Poor
Delhi,2016-12-27,213.2,395.37,93.45,0.94,24.51,36.9,319.0,Very Poor
Delhi,2016-12-28,273.82,515.41,129.41,1.61,26.1,40.19,455.0,Severe
Delhi,2016-12-29,339.96,535.68,108.76,1.3,21.6,55.09,524.0,Severe
Delhi,2016-12-30,231.1,368.9,62.46,0.96,23.47,43.97,381.0,Very Poor
Delhi,2016-12-31,211.16,353.61,56.66,1.14,23.82,42.84,338.0,Very Poor
Delhi,2017-01-01,191.5,402.31,66.19,1.31,25.13,50.03,332.0,Very Poor
Delhi,2017-01-02,247.79,440.18,95.55,1.47,22.29,47.86,384.0,Very Poor
Delhi,2017-01-03,255.33,390.67,90.79,1.28,25.33,42.9,373.0,Very Poor
Delhi,2017-01-04,248.01,341.15,91.07,1.55,23.11,41.13,439.0,Severe
Delhi,2017-01-05,215.42,352.83,87.15,1.24,25.15,41.95,318.0,Very Poor
Delhi,2017-01-06,194.12,278.62,65.86,0.9,20.52,44.04,390.0,Very Poor
Delhi,2017-01-07,154.52,170.19,38.85,0.77,22.19,47.75,332.0,Very Poor
Delhi,2017-01-08,136.98,218.67,52.31,0.63,32.22,45.09,283.0,Poor
Delhi,2017-01-09,141.88,266.86,64.33,0.77,24.76,42.66,300.0,Poor
Delhi,2017-01-10,108.26,239.51,59.2,0.71,19.1,36.04,305.0,Very Poor
Delhi,2017-01-11,146.04,314.69,67.72,0.79,21.36,29.92,337.0,Very Poor
Delhi,2017-01-12,216.73,423.24,79.35,0.95,20.33,32.17,417.0,Severe
Delhi,2017-01-13,232.37,426.02,85.07,1.03,24.71,33.09,426.0,Severe
Delhi,2017-01-14,309.28,318.52,84.75,0.37,11.7,29.53,439.0,Severe
Delhi,2017-01-15,222.66,281.83,63.97,0.45,17.67,24.93,382.0,Very Poor
Delhi,2017-01-16,188.08,284.88,60.94,0.93,20.6,33.86,397.0,Very Poor
Delhi,2017-01-17,177.67,206.63,51.44,0.63,18.44,36.21,330.0,Very Poor
Delhi,2017-01-18,218.63,268.67,66.94,0.7,20.52,34.21,358.0,Very Poor
Delhi,2017-01-19,227.68,225.03,55.95,0.6,20.86,34.42,376.0,Very Poor
Delhi,2017-01-20,217.55,207.03,63.7,0.6,22.23,39.1,334.0,Very Poor
Delhi,2017-01-21,349.98,226.74,63.36,0.03,17.93,18.33,387.0,Very Poor
Delhi,2017-01-22,286.6,360.04,63.71,0.09,18.75,19.1,446.0,Severe
Delhi,2017-01-23,189.45,277.25,67.27,0.53,20.61,20.57,379.0,Very Poor
Delhi,2017-01-24,230.94,386.49,92.12,1.3,24.56,37.93,375.0,Very Poor
Delhi,2017-01-25,241.78,370.37,88.02,1.08,23.95,40.58,450.0,Severe
Delhi,2017-01-26,135.87,166.57,50.39,0.32,22.04,34.78,340.0,Very Poor
Delhi,2017-01-27,74.92,80.21,42.24,0.35,18.11,36.05,203.0,Poor
Delhi,2017-01-28,109.13,144.49,45.82,0.44,18.1,36.87,236.0,Poor
Delhi,2017-01-29,132.35,171.91,46.68,0.35,18.12,39.39,252.0,Poor
Delhi,2017-01-30,166.71,276.2,65.43,0.83,20.29,36.47,302.0,Very Poor
Delhi,2017-01-31,214.23,316.16,82.78,0.79,22.81,35.58,358.0,Very Poor
Delhi,2017-02-01,136.02,251.31,64.08,0.9,19.51,34.75,317.0,Very Poor
Delhi,2017-02-02,198.24,410.79,93.86,1.26,18.84,36.78,387.0,Very Poor
Delhi,2017-02-03,194.99,427.02,88.38,1.26,19.98,39.02,438.0,Severe
Delhi,2017-02-04,186.65,324.14,62.01,0.92,17.04,43.9,407.0,Severe
Delhi,2017-02-05,146.49,286.46,49.57,0.84,18.3,44.68,312.0,Very Poor
Delhi,2017-02-06,176.04,414.89,60.62,1.03,17.23,35.21,367.0,Very Poor
Delhi,2017-02-07,77.85,218.27,55.29,0.62,16.07,36.12,263.0,Poor
Delhi,2017-02-08,129.1,325.78,69.98,0.83,17.2,34.28,287.0,Poor
Delhi,2017-02-09,133.12,303.04,67.24,0.75,20.84,36.78,346.0,Very Poor
Delhi,2017-02-10,120.43,272.12,62.77,0.68,20.09,35.09,314.0,Very Poor
Delhi,2017-02-11,129.09,275.18,58.31,0.54,17.55,31.87,314.0,Very Poor
Delhi,2017-02-12,166.55,250.37,56.97,0.38,19.9,31.11,314.0,Very Poor
Delhi,2017-02-13,130.62,268.92,73.3,0.79,21.25,36.88,298.0,Poor
Delhi,2017-02-14,168.96,358.24,81.51,0.87,21.87,35.28,319.0,Very Poor
Delhi,2017-02-15,183.98,386.01,82.14,0.78,21.26,31.92,382.0,Very Poor
Delhi,2017-02-16,163.86,335.5,78.82,0.72,21.02,31.57,352.0,Very Poor
Delhi,2017-02-17,112.02,330.9,72.55,0.71,19.33,32.42,309.0,Very Poor
Delhi,2017-02-18,107.13,352.54,71.98,0.66,19.29,30.24,301.0,Very Poor
Delhi,2017-02-19,109.38,364.83,68.84,0.78,18.33,29.1,274.0,Poor
Delhi,2017-02-20,126.74,406.49,67.45,1.06,23.96,35.07,313.0,Very Poor
Delhi,2017-02-21,106.92,303.47,60.72,0.7,19.57,33.71,310.0,Very Poor
Delhi,2017-02-22,93.03,270.3,65.62,0.8,19.84,38.35,258.0,Poor
Delhi,2017-02-23,182.29,158.96,55.22,0.27,13.77,44.58,238.0,Poor
Delhi,2017-02-24,451.25,104.82,42.2,0.0,6.64,55.11,449.0,Severe
Delhi,2017-02-25,425.22,103.74,46.64,0.0,8.41,55.2,516.0,Severe
Delhi,2017-02-26,328.23,198.09,59.34,0.41,17.55,31.79,520.0,Severe
Delhi,2017-02-27,178.5,255.65,72.8,0.8,21.66,35.64,363.0,Very Poor
Delhi,2017-02-28,149.73,382.34,94.66,1.42,28.15,38.79,362.0,Very Poor
Delhi,2017-03-01,127.9,359.47,79.46,0.92,24.07,45.24,397.0,Very Poor
Delhi,2017-03-02,114.68,300.55,69.08,0.47,23.53,35.22,280.0,Poor
Delhi,2017-03-03,67.83,181.19,56.64,0.57,19.69,32.02,206.0,Poor
Delhi,2017-03-04,82.32,196.84,60.55,0.57,22.03,27.77,190.0,Moderate
Delhi,2017-03-05,90.6,229.62,61.48,0.69,25.34,31.88,210.0,Poor
Delhi,2017-03-06,91.6,242.14,64.99,0.76,26.91,30.68,201.0,Poor
Delhi,2017-03-07,112.41,307.78,65.16,0.89,30.7,34.43,243.0,Poor
Delhi,2017-03-08,134.4,224.36,49.88,0.43,24.14,35.35,267.0,Poor
Delhi,2017-03-09,106.45,142.78,39.68,0.23,20.15,45.45,245.0,Poor
Delhi,2017-03-10,68.88,106.39,33.32,0.21,17.93,47.51,165.0,Moderate
Delhi,2017-03-11,37.49,110.65,32.0,0.25,19.4,47.14,102.0,Moderate
Delhi,2017-03-12,64.42,169.87,32.11,0.26,20.11,42.82,159.0,Moderate
Delhi,2017-03-13,74.58,182.79,27.78,0.24,19.33,34.2,174.0,Moderate
Delhi,2017-03-14,102.46,284.27,34.28,0.4,22.37,34.99,270.0,Poor
Delhi,2017-03-15,112.71,319.97,42.06,0.45,23.96,32.01,397.0,Very Poor
Delhi,2017-03-16,125.8,348.95,42.18,0.52,23.59,31.9,371.0,Very Poor
Delhi,2017-03-17,114.07,288.64,38.7,0.65,21.42,32.6,328.0,Very Poor
Delhi,2017-03-18,96.39,267.96,46.65,0.6,22.29,33.42,254.0,Poor
Delhi,2017-03-19,120.43,350.42,51.65,0.81,22.89,31.83,342.0,Very Poor
Delhi,2017-03-20,121.21,332.73,49.53,0.77,22.25,30.92,367.0,Very Poor
Delhi,2017-03-21,128.51,365.67,51.94,0.83,24.38,28.61,400.0,Very Poor
Delhi,2017-03-22,120.88,405.64,69.31,0.58,28.88,20.88,390.0,Very Poor
Delhi,2017-03-23,151.17,342.53,70.55,0.55,27.21,31.7,417.0,Severe
Delhi,2017-03-24,149.42,282.88,79.52,0.68,22.09,19.74,359.0,Very Poor
Delhi,2017-03-25,168.23,254.71,83.82,0.31,15.18,22.26,309.0,Very Poor
Delhi,2017-03-26,118.34,247.77,78.84,0.31,14.85,23.14,292.0,Poor
Delhi,2017-03-27,156.38,218.98,79.24,0.33,17.55,23.49,278.0,Poor
Delhi,2017-03-28,152.66,289.95,85.54,0.42,18.24,18.81,320.0,Very Poor
Delhi,2017-03-29,113.62,311.56,75.87,0.45,17.26,15.36,350.0,Very Poor
Delhi,2017-03-30,69.44,204.22,76.28,0.37,23.72,14.88,234.0,Poor
Delhi,2017-03-31,91.19,285.69,84.22,0.41,20.48,22.61,233.0,Poor
Delhi,2017-04-01,105.71,291.02,81.75,0.52,20.05,22.94,341.0,Very Poor
Delhi,2017-04-02,83.36,210.86,77.96,0.42,19.33,34.73,259.0,Poor
Delhi,2017-04-03,70.62,192.27,83.8,0.37,24.03,32.92,204.0,Poor
Delhi,2017-04-04,84.4,234.82,73.67,0.39,24.14,31.95,220.0,Poor
Delhi,2017-04-05,47.67,207.72,64.65,0.32,19.75,29.86,255.0,Poor
Delhi,2017-04-06,62.44,252.48,67.13,0.3,17.21,30.66,211.0,Poor
Delhi,2017-04-07,150.76,543.0,74.99,0.35,27.69,35.44,428.0,Severe
Delhi,2017-04-08,151.25,410.15,77.6,0.48,33.4,36.52,497.0,Severe
Delhi,2017-04-09,68.88,190.42,68.1,0.27,22.78,52.48,289.0,Poor
Delhi,2017-04-10,129.15,237.88,72.06,0.29,21.85,54.89,285.0,Poor
Delhi,2017-04-11,146.59,253.07,71.58,0.33,24.49,45.45,368.0,Very Poor
Delhi,2017-04-12,107.69,309.37,61.17,0.64,32.76,33.49,304.0,Very Poor
Delhi,2017-04-13,163.97,375.82,87.79,1.06,43.82,27.66,377.0,Very Poor
Delhi,2017-04-14,184.69,371.87,110.15,1.1,50.31,43.31,418.0,Severe
Delhi,2017-04-15,176.54,343.62,102.4,1.0,42.8,28.5,355.0,Very Poor
Delhi,2017-04-16,175.23,409.95,102.55,1.12,62.6,40.1,416.0,Severe
Delhi,2017-04-17,145.22,389.03,102.55,0.75,42.39,35.43,403.0,Severe
Delhi,2017-04-18,152.84,400.78,88.05,0.4,44.15,28.65,415.0,Severe
Delhi,2017-04-19,136.35,356.47,80.08,0.67,41.33,32.02,412.0,Severe
Delhi,2017-04-20,152.99,324.19,93.15,0.9,37.38,49.2,394.0,Very Poor
Delhi,2017-04-21,130.13,409.7,103.25,0.54,30.82,56.86,357.0,Very Poor
Delhi,2017-04-23,103.42,260.82,75.05,0.28,29.4,55.86,244.0,Poor
Delhi,2017-04-24,99.09,266.24,61.32,1.09,31.95,42.6,287.0,Poor
Delhi,2017-04-25,96.07,287.92,69.59,0.63,39.9,50.43,254.0,Poor
Delhi,2017-04-26,72.31,189.5,72.94,0.63,29.27,38.6,242.0,Poor
Delhi,2017-04-27,93.14,271.06,73.49,0.72,46.69,41.04,223.0,Poor
Delhi,2017-04-28,109.36,271.94,68.76,0.86,39.58,33.66,243.0,Poor
Delhi,2017-04-29,126.74,303.75,85.21,1.1,54.52,40.95,237.0,Poor
Delhi,2017-04-30,80.81,234.05,65.55,0.71,46.62,57.8,275.0,Poor
Delhi,2017-05-01,85.8,211.83,70.38,1.05,56.64,42.85,183.0,Moderate
Delhi,2017-05-02,198.2,313.23,108.48,1.41,50.78,58.08,370.0,Very Poor
Delhi,2017-05-03,145.74,367.73,97.21,1.06,54.83,43.78,419.0,Severe
Delhi,2017-05-04,109.91,302.02,67.76,0.83,34.97,45.95,317.0,Very Poor
Delhi,2017-05-05,207.4,429.32,75.66,0.99,46.67,50.69,455.0,Severe
Delhi,2017-05-06,204.56,363.53,92.19,1.5,51.7,43.3,435.0,Severe
Delhi,2017-05-07,220.77,376.33,92.34,2.08,45.39,42.33,468.0,Severe
Delhi,2017-05-08,183.82,392.34,94.19,1.34,52.99,39.49,442.0,Severe
Delhi,2017-05-09,109.76,334.65,65.21,0.64,36.94,43.99,400.0,Very Poor
Delhi,2017-05-10,74.42,242.54,46.48,0.6,35.61,61.69,223.0,Poor
Delhi,2017-05-11,94.28,263.87,62.22,0.85,44.94,68.53,220.0,Poor
Delhi,2017-05-12,216.96,500.59,70.84,0.89,65.5,66.7,474.0,Severe
Delhi,2017-05-13,198.09,356.85,87.53,1.17,53.24,63.83,479.0,Severe
Delhi,2017-05-14,121.76,334.51,70.37,0.89,44.98,41.08,373.0,Very Poor
Delhi,2017-05-15,135.54,381.35,75.55,0.7,46.16,34.75,354.0,Very Poor
Delhi,2017-05-16,123.21,375.15,54.83,0.57,41.96,52.5,349.0,Very Poor
Delhi,2017-05-17,78.18,287.99,47.84,0.4,39.01,48.38,264.0,Poor
Delhi,2017-05-18,126.04,279.92,50.3,0.41,55.11,52.39,188.0,Moderate
Delhi,2017-05-19,139.1,329.12,58.93,0.71,41.31,45.33,294.0,Poor
Delhi,2017-05-20,233.82,352.76,59.74,0.9,36.26,46.67,334.0,Very Poor
Delhi,2017-05-21,178.44,505.07,52.38,0.88,40.4,49.89,505.0,Severe
Delhi,2017-05-22,110.1,386.67,63.7,0.99,35.36,40.92,349.0,Very Poor
Delhi,2017-05-23,118.43,326.02,84.21,0.89,37.55,39.59,421.0,Severe
Delhi,2017-05-24,107.37,252.35,80.72,0.47,42.21,39.1,238.0,Poor
Delhi,2017-05-25,113.9,222.88,65.71,0.56,41.43,30.8,204.0,Poor
Delhi,2017-05-26,103.75,301.57,79.07,0.65,41.4,53.9,289.0,Poor
Delhi,2017-05-27,69.88,317.07,50.12,0.53,38.55,53.22,236.0,Poor
Delhi,2017-05-28,40.33,150.34,45.6,0.49,31.5,57.01,148.0,Moderate
Delhi,2017-05-29,48.95,150.23,55.2,0.54,26.99,49.0,94.0,Satisfactory
Delhi,2017-05-30,63.27,174.62,64.11,0.5,26.15,54.23,130.0,Moderate
Delhi,2017-05-31,56.38,137.62,69.98,0.83,21.94,50.95,123.0,Moderate
Delhi,2017-06-01,95.23,257.16,97.33,1.08,23.0,65.67,192.0,Moderate
Delhi,2017-06-02,123.44,354.35,131.55,1.08,24.75,45.77,324.0,Very Poor
Delhi,2017-06-03,122.2,362.94,119.37,1.1,23.23,42.56,357.0,Very Poor
Delhi,2017-06-04,121.1,436.35,92.68,0.72,22.69,29.97,393.0,Very Poor
Delhi,2017-06-05,71.89,320.91,64.07,0.56,18.63,20.67,302.0,Very Poor
Delhi,2017-06-06,80.37,348.79,57.63,0.56,16.51,26.41,239.0,Poor
Delhi,2017-06-07,40.87,233.62,70.77,0.29,23.51,39.61,210.0,Poor
Delhi,2017-09-26,66.12,114.15,27.52,0.6,7.13,30.45,131.0,Moderate
Delhi,2017-09-27,80.94,125.39,21.39,0.61,6.62,29.26,165.0,Moderate
Delhi,2017-09-28,75.4,102.91,38.55,0.43,6.08,34.06,176.0,Moderate
Delhi,2017-09-29,89.38,140.94,29.45,0.45,7.17,40.26,172.0,Moderate
Delhi,2017-09-30,74.2,125.73,26.08,0.3,6.64,38.44,137.0,Moderate
Delhi,2017-10-01,68.47,120.56,28.66,0.46,3.46,32.9,131.0,Moderate
Delhi,2017-10-02,63.41,128.15,25.2,0.43,2.94,30.1,132.0,Moderate
Delhi,2017-10-03,69.45,127.48,26.09,0.2,5.81,34.34,115.0,Moderate
Delhi,2017-10-04,76.81,138.81,28.99,0.19,11.7,35.79,151.0,Moderate
Delhi,2017-10-05,75.73,125.31,24.45,0.27,11.96,36.81,180.0,Moderate
Delhi,2017-10-06,79.81,111.43,27.44,0.33,13.91,38.67,183.0,Moderate
Delhi,2017-10-07,70.98,151.15,25.61,0.32,22.29,34.44,193.0,Moderate
Delhi,2017-10-08,102.2,155.03,24.51,0.24,24.0,35.32,224.0,Poor
Delhi,2017-10-09,107.63,173.87,27.06,0.24,23.51,31.11,268.0,Poor
Delhi,2017-10-10,105.88,158.68,31.67,0.26,7.6,30.89,253.0,Poor
Delhi,2017-10-11,104.45,122.3,30.92,0.25,6.57,29.67,208.0,Poor
Delhi,2017-10-12,106.85,186.91,31.1,0.33,7.65,35.14,211.0,Poor
Delhi,2017-10-13,137.42,207.87,29.16,0.33,9.36,37.98,246.0,Poor
Delhi,2017-10-14,147.07,208.87,30.14,0.37,14.64,42.39,319.0,Very Poor
Delhi,2017-10-15,147.83,195.47,30.0,0.33,14.31,37.15,317.0,Very Poor
Delhi,2017-10-16,152.61,213.98,58.53,1.02,23.09,30.49,310.0,Very Poor
Delhi,2017-10-17,121.7,212.35,57.08,1.36,17.44,30.46,313.0,Very Poor
Delhi,2017-10-18,152.16,204.03,63.15,1.05,27.42,35.86,310.0,Very Poor
Delhi,2017-10-19,176.17,259.0,53.51,1.18,22.15,36.35,336.0,Very Poor
Delhi,2017-10-20,426.52,387.13,54.76,1.06,36.85,41.14,497.0,Severe
Delhi,2017-10-21,213.12,317.52,50.13,1.46,20.55,34.52,404.0,Severe
Delhi,2017-10-22,146.01,201.91,55.88,0.93,24.42,34.88,338.0,Very Poor
Delhi,2017-10-23,163.35,242.73,64.25,1.45,27.79,52.91,327.0,Very Poor
Delhi,2017-10-24,188.24,331.64,81.33,1.51,23.19,86.13,366.0,Very Poor
Delhi,2017-10-25,203.03,326.46,80.62,1.01,23.77,106.16,357.0,Very Poor
Delhi,2017-10-26,178.91,290.41,90.56,1.15,24.12,99.71,328.0,Very Poor
Delhi,2017-10-27,167.54,293.68,65.44,0.98,21.24,82.93,345.0,Very Poor
Delhi,2017-10-28,198.37,329.05,84.45,0.9,27.88,110.71,379.0,Very Poor
Delhi,2017-10-29,187.82,300.92,60.61,1.16,25.08,83.99,362.0,Very Poor
Delhi,2017-10-30,196.37,308.22,69.51,1.47,23.68,88.38,340.0,Very Poor
Delhi,2017-10-31,211.64,323.45,53.08,1.84,19.36,65.34,366.0,Very Poor
Delhi,2017-11-01,179.17,265.9,46.83,1.13,16.01,56.79,344.0,Very Poor
Delhi,2017-11-02,160.69,227.41,47.7,1.4,17.19,61.91,305.0,Very Poor
Delhi,2017-11-03,168.16,239.73,46.49,1.31,15.29,62.16,310.0,Very Poor
Delhi,2017-11-04,190.33,292.7,47.28,1.83,18.87,73.16,345.0,Very Poor
Delhi,2017-11-05,209.61,334.64,60.56,2.33,19.55,86.74,370.0,Very Poor
Delhi,2017-11-06,216.53,330.27,57.27,1.94,18.74,72.82,377.0,Very Poor
Delhi,2017-11-07,517.93,654.68,65.17,2.37,15.29,56.06,532.0,Severe
Delhi,2017-11-08,639.19,796.88,77.51,2.74,20.46,55.51,675.0,Severe
Delhi,2017-11-09,495.9,652.21,81.67,2.37,15.68,86.62,677.0,Severe
Delhi,2017-11-10,370.73,496.48,80.73,2.45,17.84,104.94,597.0,Severe
Delhi,2017-11-11,363.77,511.44,78.61,2.32,17.8,95.54,471.0,Severe
Delhi,2017-11-12,465.08,622.4,70.1,2.44,13.94,88.03,613.0,Severe
Delhi,2017-11-13,354.56,498.63,65.77,2.33,15.58,94.42,561.0,Severe
Delhi,2017-11-14,254.36,365.91,56.46,1.74,13.67,69.5,444.0,Severe
Delhi,2017-11-15,192.04,279.26,57.85,1.64,19.24,60.28,378.0,Very Poor
Delhi,2017-11-16,191.57,278.95,53.86,1.55,22.89,62.01,357.0,Very Poor
Delhi,2017-11-17,150.79,220.08,47.38,1.51,16.32,47.92,330.0,Very Poor
Delhi,2017-11-18,143.51,202.59,43.91,1.16,13.3,37.68,309.0,Very Poor
Delhi,2017-11-19,128.65,190.51,45.6,1.2,15.12,47.8,297.0,Poor
Delhi,2017-11-20,171.34,249.28,52.73,1.3,13.7,54.08,329.0,Very Poor
Delhi,2017-11-21,178.08,253.38,54.75,1.52,15.02,57.13,341.0,Very Poor
Delhi,2017-11-22,177.41,258.11,54.64,1.51,18.13,57.6,348.0,Very Poor
Delhi,2017-11-23,175.56,251.23,55.04,1.55,18.32,54.34,340.0,Very Poor
Delhi,2017-11-24,187.97,256.92,64.15,1.65,19.2,54.02,348.0,Very Poor
Delhi,2017-11-25,185.31,268.09,76.48,1.74,17.95,48.1,347.0,Very Poor
Delhi,2017-11-26,224.37,338.82,67.6,1.97,21.01,44.82,368.0,Very Poor
Delhi,2017-11-27,198.34,328.09,68.93,1.64,18.95,41.09,382.0,Very Poor
Delhi,2017-11-28,167.74,290.47,62.53,1.76,19.39,34.78,360.0,Very Poor
Delhi,2017-11-29,215.17,327.64,75.37,2.31,20.1,40.91,359.0,Very Poor
Delhi,2017-11-30,219.84,344.17,57.73,2.11,16.83,44.4,388.0,Very Poor
Delhi,2017-12-01,190.45,309.07,56.83,1.83,17.59,31.62,377.0,Very Poor
Delhi,2017-12-02,208.87,324.46,65.66,2.1,20.17,36.62,356.0,Very Poor
Delhi,2017-12-03,240.87,359.22,65.83,2.28,19.92,37.61,384.0,Very Poor
Delhi,2017-12-04,261.82,390.1,65.49,2.49,20.17,32.64,415.0,Severe
Delhi,2017-12-05,230.56,358.86,64.61,2.41,18.29,50.69,404.0,Severe
Delhi,2017-12-06,120.91,210.21,51.02,1.65,20.88,43.68,330.0,Very Poor
Delhi,2017-12-07,88.95,170.12,45.83,1.49,18.17,41.43,215.0,Poor
Delhi,2017-12-08,115.08,204.38,53.85,1.56,21.69,50.26,220.0,Poor
Delhi,2017-12-09,165.76,268.35,70.14,1.77,24.22,68.58,312.0,Very Poor
Delhi,2017-12-10,230.34,341.87,83.94,2.18,25.97,90.07,389.0,Very Poor
Delhi,2017-12-11,218.87,338.45,71.25,2.28,24.39,66.07,406.0,Severe
Delhi,2017-12-12,109.18,152.76,45.94,1.51,11.71,38.75,280.0,Poor
Delhi,2017-12-13,134.99,203.48,40.27,1.34,10.81,46.28,263.0,Poor
Delhi,2017-12-14,126.67,189.9,36.59,1.31,11.18,42.19,276.0,Poor
Delhi,2017-12-15,127.57,194.15,34.73,1.28,9.69,38.04,292.0,Poor
Delhi,2017-12-16,100.72,152.72,29.84,1.06,4.98,23.98,228.0,Poor
Delhi,2017-12-17,95.58,163.65,37.37,1.2,12.68,36.4,195.0,Moderate
Delhi,2017-12-18,115.19,189.64,45.8,1.28,16.97,45.37,223.0,Poor
Delhi,2017-12-19,168.33,257.19,54.84,1.48,23.03,49.68,291.0,Poor
Delhi,2017-12-20,283.24,410.74,66.41,1.91,25.0,67.35,378.0,Very Poor
Delhi,2017-12-21,293.14,435.23,61.63,1.45,22.54,66.06,467.0,Severe
Delhi,2017-12-22,157.72,241.38,50.73,1.17,20.47,48.84,370.0,Very Poor
Delhi,2017-12-23,117.72,181.59,50.97,1.54,19.95,43.85,253.0,Poor
Delhi,2017-12-24,203.18,301.71,66.65,1.74,23.73,59.85,309.0,Very Poor
Delhi,2017-12-25,259.0,368.35,58.92,1.68,23.76,56.1,398.0,Very Poor
Delhi,2017-12-26,224.42,326.11,57.6,1.57,22.1,38.93,372.0,Very Poor
Delhi,2017-12-27,224.27,317.87,65.61,1.69,23.17,58.98,379.0,Very Poor
Delhi,2017-12-28,249.17,362.39,70.25,1.86,25.51,66.0,398.0,Very Poor
Delhi,2017-12-29,227.28,347.63,59.7,1.7,25.54,61.36,399.0,Very Poor
Delhi,2017-12-30,273.56,401.15,60.4,1.96,21.01,61.73,421.0,Severe
Delhi,2017-12-31,306.17,445.58,66.97,1.95,17.97,76.45,451.0,Severe
Delhi,2018-01-01,303.41,415.09,63.92,1.8,18.58,68.75,462.0,Severe
Delhi,2018-01-02,277.48,422.59,53.73,1.52,12.43,68.68,439.0,Severe
Delhi,2018-01-03,217.01,336.87,52.24,1.29,10.28,54.94,405.0,Severe
Delhi,2018-01-04,248.54,377.61,61.57,1.36,14.42,66.31,394.0,Very Poor
Delhi,2018-01-05,240.42,360.99,54.8,1.38,13.2,48.57,398.0,Very Poor
Delhi,2018-01-06,252.57,378.9,59.12,1.59,18.15,39.65,403.0,Severe
Delhi,2018-01-07,191.66,292.74,47.02,1.3,16.27,57.39,384.0,Very Poor
Delhi,2018-01-08,152.98,259.13,51.6,1.33,17.15,54.55,314.0,Very Poor
Delhi,2018-01-09,233.1,355.21,66.19,1.54,21.82,66.79,373.0,Very Poor
Delhi,2018-01-10,186.26,294.24,60.21,1.4,18.98,58.51,366.0,Very Poor
Delhi,2018-01-11,154.64,243.95,63.57,1.47,17.4,56.22,318.0,Very Poor
Delhi,2018-01-12,168.87,281.06,65.3,1.56,24.03,62.37,306.0,Very Poor
Delhi,2018-01-13,230.5,355.43,61.28,2.12,24.28,75.14,370.0,Very Poor
Delhi,2018-01-14,191.47,308.74,54.37,1.72,22.47,64.8,365.0,Very Poor
Delhi,2018-01-15,177.71,309.85,52.51,1.42,19.12,59.73,352.0,Very Poor
Delhi,2018-01-16,133.56,231.04,46.86,1.36,19.06,54.0,278.0,Poor
Delhi,2018-01-17,235.06,353.55,47.86,1.61,14.48,64.1,350.0,Very Poor
Delhi,2018-01-18,276.25,428.08,55.08,2.04,21.02,72.89,411.0,Severe
Delhi,2018-01-19,253.7,398.16,49.45,1.82,22.27,73.6,451.0,Severe
Delhi,2018-01-20,152.33,252.92,38.87,1.31,14.45,43.18,351.0,Very Poor
Delhi,2018-01-21,153.61,274.5,44.09,1.51,16.91,41.49,310.0,Very Poor
Delhi,2018-01-22,202.11,352.68,56.45,1.87,21.64,68.33,362.0,Very Poor
Delhi,2018-01-23,160.79,248.48,47.26,1.43,14.25,48.67,343.0,Very Poor
Delhi,2018-01-24,130.16,192.19,35.33,1.32,11.9,42.04,286.0,Poor
Delhi,2018-01-25,111.75,167.31,40.13,1.37,6.84,43.99,267.0,Poor
Delhi,2018-01-26,128.45,207.66,38.17,1.43,7.99,44.09,263.0,Poor
Delhi,2018-01-27,155.2,271.1,45.14,1.4,7.94,56.12,284.0,Poor
Delhi,2018-01-28,150.96,248.26,47.6,1.85,10.26,54.01,334.0,Very Poor
Delhi,2018-01-29,162.48,272.45,54.51,1.96,12.61,60.56,332.0,Very Poor
Delhi,2018-01-30,126.84,212.59,47.59,2.0,14.47,56.85,300.0,Poor
Delhi,2018-01-31,123.48,205.56,45.46,2.52,11.35,53.7,271.0,Poor
Delhi,2018-02-01,157.33,298.58,63.88,1.62,18.67,60.7,293.0,Poor
Delhi,2018-02-02,140.35,282.16,54.28,1.49,12.25,52.12,318.0,Very Poor
Delhi,2018-02-03,115.05,239.61,51.46,1.29,14.2,52.29,277.0,Poor
Delhi,2018-02-04,133.8,252.13,46.74,1.3,13.2,52.23,284.0,Poor
Delhi,2018-02-05,163.6,308.37,63.42,1.33,14.77,43.11,313.0,Very Poor
Delhi,2018-02-06,143.29,274.72,56.51,1.21,14.94,41.11,324.0,Very Poor
Delhi,2018-02-07,131.49,246.92,54.53,1.18,14.58,49.34,287.0,Poor
Delhi,2018-02-08,186.19,338.61,74.83,1.75,13.8,45.91,334.0,Very Poor
Delhi,2018-02-09,203.33,348.94,74.5,1.7,14.35,49.11,375.0,Very Poor
Delhi,2018-02-10,209.7,373.06,99.06,2.55,13.77,53.31,378.0,Very Poor
Delhi,2018-02-11,148.13,300.96,62.4,1.56,14.45,43.54,350.0,Very Poor
Delhi,2018-02-12,72.36,153.11,33.08,0.97,8.58,37.47,218.0,Poor
Delhi,2018-02-13,103.93,170.12,46.48,1.21,10.25,38.83,189.0,Moderate
Delhi,2018-02-14,76.92,149.43,34.92,0.96,9.03,38.43,217.0,Poor
Delhi,2018-02-15,94.49,173.59,38.54,1.03,11.47,40.95,189.0,Moderate
Delhi,2018-02-16,123.19,219.11,48.33,1.21,12.49,38.4,248.0,Poor
Delhi,2018-02-17,127.8,244.27,49.9,1.27,15.01,44.13,277.0,Poor
Delhi,2018-02-18,127.27,234.67,50.94,1.36,12.17,45.75,284.0,Poor
Delhi,2018-02-19,172.55,315.75,71.76,1.96,15.25,49.74,321.0,Very Poor
Delhi,2018-02-20,167.16,317.53,68.29,1.89,14.53,51.27,335.0,Very Poor
Delhi,2018-02-21,172.99,346.46,92.54,2.42,13.97,57.47,347.0,Very Poor
Delhi,2018-02-22,159.67,313.47,66.4,1.8,15.89,47.69,333.0,Very Poor
Delhi,2018-02-23,163.75,333.99,70.77,1.81,16.26,48.62,331.0,Very Poor
Delhi,2018-02-24,164.2,349.29,62.66,1.52,15.09,55.26,347.0,Very Poor
Delhi,2018-02-25,106.26,222.46,42.88,1.0,14.34,43.87,317.0,Very Poor
Delhi,2018-02-26,67.27,156.72,33.59,0.88,9.64,43.19,170.0,Moderate
Delhi,2018-02-27,85.53,178.51,43.12,1.15,10.72,40.51,167.0,Moderate
Delhi,2018-02-28,143.25,279.26,52.5,1.47,14.52,46.16,274.0,Poor
Delhi,2018-03-01,120.71,256.86,51.74,1.43,14.9,40.69,293.0,Poor
Delhi,2018-03-02,139.18,253.32,50.64,1.64,11.52,45.55,300.0,Poor
Delhi,2018-03-03,98.25,205.92,41.07,1.18,12.93,38.38,244.0,Poor
Delhi,2018-03-04,79.83,182.26,39.02,0.99,12.95,34.95,205.0,Poor
Delhi,2018-03-05,76.96,164.74,39.58,0.99,12.7,40.45,180.0,Moderate
Delhi,2018-03-06,75.45,163.52,37.92,0.94,12.99,44.99,170.0,Moderate
Delhi,2018-03-07,87.62,178.53,45.6,1.11,13.23,45.24,192.0,Moderate
Delhi,2018-03-08,139.88,283.57,79.5,1.84,16.98,57.76,262.0,Poor
Delhi,2018-03-09,134.76,274.89,65.86,1.64,18.68,52.43,316.0,Very Poor
Delhi,2018-03-10,75.67,171.69,39.85,0.95,14.8,41.74,207.0,Poor
Delhi,2018-03-11,88.3,183.74,41.81,1.08,15.41,46.28,179.0,Moderate
Delhi,2018-03-12,105.29,223.67,45.32,1.18,17.48,44.49,236.0,Poor
Delhi,2018-03-13,109.22,245.66,56.5,1.54,17.22,43.79,241.0,Poor
Delhi,2018-03-14,116.62,328.98,64.82,1.63,17.39,48.03,287.0,Poor
Delhi,2018-03-15,108.98,314.72,48.86,1.23,16.08,37.77,314.0,Very Poor
Delhi,2018-03-16,111.67,256.67,41.48,1.09,16.61,43.04,269.0,Poor
Delhi,2018-03-17,81.57,170.16,32.61,1.09,13.63,37.89,218.0,Poor
Delhi,2018-03-18,82.15,173.07,31.72,1.2,17.22,45.83,177.0,Moderate
Delhi,2018-03-19,81.93,197.13,43.85,1.1,16.95,44.89,177.0,Moderate
Delhi,2018-03-20,109.99,249.2,55.71,1.42,20.52,51.95,224.0,Poor
Delhi,2018-03-21,133.53,280.94,45.33,1.36,24.36,52.82,302.0,Very Poor
Delhi,2018-03-22,83.4,176.02,33.49,1.0,17.14,45.99,226.0,Poor
Delhi,2018-03-23,64.2,151.45,34.53,0.89,12.75,46.6,171.0,Moderate
Delhi,2018-03-24,78.4,186.62,37.32,0.91,14.56,50.02,183.0,Moderate
Delhi,2018-03-25,85.34,190.95,34.66,0.96,15.57,54.47,202.0,Poor
Delhi,2018-03-26,85.9,198.67,41.2,1.06,16.28,52.72,203.0,Poor
Delhi,2018-03-27,111.26,256.4,60.75,1.52,18.5,49.55,246.0,Poor
Delhi,2018-03-28,117.78,280.25,71.04,1.74,16.27,57.85,293.0,Poor
Delhi,2018-03-29,95.98,217.49,41.56,1.01,16.53,57.43,238.0,Poor
Delhi,2018-03-30,96.45,241.13,45.84,1.11,15.95,58.75,234.0,Poor
Delhi,2018-03-31,101.59,292.49,44.76,1.17,16.59,67.56,269.0,Poor
Delhi,2018-04-01,75.14,199.8,37.97,1.01,14.13,68.76,217.0,Poor
Delhi,2018-04-02,96.38,241.96,48.52,1.22,16.54,64.33,217.0,Poor
Delhi,2018-04-03,101.18,252.21,51.63,1.28,17.36,67.6,239.0,Poor
Delhi,2018-04-04,111.82,262.69,52.51,1.44,16.58,65.46,244.0,Poor
Delhi,2018-04-05,152.56,337.64,60.24,1.76,19.67,64.73,329.0,Very Poor
Delhi,2018-04-06,100.5,231.2,44.92,1.42,19.96,54.04,271.0,Poor
Delhi,2018-04-07,48.46,132.97,36.94,1.12,10.48,54.42,170.0,Moderate
Delhi,2018-04-08,50.27,137.52,34.29,1.09,10.5,56.29,142.0,Moderate
Delhi,2018-04-09,49.56,123.41,39.45,1.35,10.77,42.76,133.0,Moderate
Delhi,2018-04-10,93.89,251.98,45.16,1.57,12.65,60.94,205.0,Poor
Delhi,2018-04-11,48.61,125.53,32.33,0.99,11.21,46.34,179.0,Moderate
Delhi,2018-04-12,46.21,109.03,40.94,1.3,10.07,48.2,135.0,Moderate
Delhi,2018-04-13,83.96,196.02,54.68,1.78,13.37,47.74,201.0,Poor
Delhi,2018-04-14,97.16,235.01,59.41,2.12,15.77,47.69,233.0,Poor
Delhi,2018-04-15,107.36,258.52,67.79,2.26,17.56,53.47,240.0,Poor
Delhi,2018-04-16,119.75,334.05,76.17,2.51,21.02,55.85,296.0,Poor
Delhi,2018-04-17,81.97,260.67,57.84,1.56,13.57,49.19,266.0,Poor
Delhi,2018-04-18,73.44,256.18,40.44,1.04,13.29,51.01,216.0,Poor
Delhi,2018-04-19,89.49,282.24,51.78,1.19,16.76,53.3,242.0,Poor
Delhi,2018-04-20,100.01,385.04,40.56,0.91,15.55,48.98,271.0,Poor
Delhi,2018-04-21,119.24,480.07,30.99,0.89,12.08,61.05,444.0,Severe
Delhi,2018-04-22,62.06,208.53,31.63,0.85,16.92,60.81,302.0,Very Poor
Delhi,2018-04-23,76.11,219.94,39.43,1.03,12.89,63.78,197.0,Moderate
Delhi,2018-04-24,108.64,274.05,57.07,1.28,17.01,59.45,242.0,Poor
Delhi,2018-04-25,117.56,313.41,82.47,2.02,15.1,48.81,287.0,Poor
Delhi,2018-04-26,142.82,397.1,78.5,2.09,17.89,65.07,329.0,Very Poor
Delhi,2018-04-27,107.47,336.49,49.86,1.41,12.96,69.49,351.0,Very Poor
Delhi,2018-04-28,84.13,316.52,36.11,1.14,12.38,75.5,288.0,Poor
Delhi,2018-04-29,89.1,259.12,42.57,1.26,16.1,69.07,259.0,Poor
Delhi,2018-04-30,79.3,214.51,46.42,1.12,11.9,60.39,221.0,Poor
Delhi,2018-05-01,54.88,165.91,33.37,0.81,8.8,65.54,173.0,Moderate
Delhi,2018-05-02,66.74,189.28,34.14,1.02,7.65,64.55,161.0,Moderate
Delhi,2018-05-03,47.25,153.75,31.77,1.23,9.52,50.16,167.0,Moderate
Delhi,2018-05-04,49.09,123.82,30.44,1.17,9.06,59.09,146.0,Moderate
Delhi,2018-05-05,74.82,196.76,46.75,1.74,11.85,59.48,174.0,Moderate
Delhi,2018-05-06,110.48,290.63,53.69,2.05,14.61,57.57,280.0,Poor
Delhi,2018-05-07,111.95,302.1,54.75,2.2,16.31,57.48,243.0,Poor
Delhi,2018-05-08,61.0,177.71,27.66,1.31,6.97,61.42,252.0,Poor
Delhi,2018-05-09,71.99,177.76,46.09,1.46,12.35,53.1,168.0,Moderate
Delhi,2018-05-10,93.45,215.34,52.15,2.41,12.02,57.78,218.0,Poor
Delhi,2018-05-11,132.39,315.8,65.41,2.73,16.58,65.24,292.0,Poor
Delhi,2018-05-12,144.33,353.5,74.13,3.2,17.75,67.9,330.0,Very Poor
Delhi,2018-05-13,80.64,236.35,31.22,2.1,11.48,67.88,285.0,Poor
Delhi,2018-05-14,49.22,137.39,40.3,2.05,11.3,56.2,174.0,Moderate
Delhi,2018-05-15,67.23,177.03,39.81,1.91,11.9,62.52,173.0,Moderate
Delhi,2018-05-16,78.74,221.21,41.79,1.11,9.25,54.41,194.0,Moderate
Delhi,2018-05-17,105.99,288.92,44.14,0.85,13.61,70.39,240.0,Poor
Delhi,2018-05-18,96.96,241.99,53.88,1.07,13.97,58.67,254.0,Poor
Delhi,2018-05-19,103.98,284.44,65.52,1.46,12.48,57.66,270.0,Poor
Delhi,2018-05-20,83.66,228.61,45.88,1.08,12.65,55.77,231.0,Poor
Delhi,2018-05-21,71.25,209.67,42.68,0.91,12.73,60.27,208.0,Poor
Delhi,2018-05-22,91.16,243.14,59.07,1.17,15.56,59.41,207.0,Poor
Delhi,2018-05-23,129.23,324.0,77.28,1.66,17.57,59.46,306.0,Very Poor
Delhi,2018-05-24,114.13,298.07,57.51,1.34,17.78,53.43,303.0,Very Poor
Delhi,2018-05-25,83.88,249.82,59.34,1.31,12.73,48.95,260.0,Poor
Delhi,2018-05-26,103.02,263.49,64.88,1.47,14.9,49.85,244.0,Poor
Delhi,2018-05-27,97.37,314.96,58.31,1.1,11.59,56.75,268.0,Poor
Delhi,2018-05-28,117.56,290.96,54.01,1.33,15.54,59.11,276.0,Poor
Delhi,2018-05-29,112.6,312.18,60.34,1.4,11.93,59.1,303.0,Very Poor
Delhi,2018-05-30,65.76,295.94,33.21,0.95,8.58,59.9,272.0,Poor
Delhi,2018-05-31,71.99,235.22,40.76,1.0,9.71,50.6,223.0,Poor
Delhi,2018-06-01,79.98,233.97,30.14,0.81,8.24,58.87,196.0,Moderate
Delhi,2018-06-02,52.6,154.66,29.28,0.98,9.08,60.12,183.0,Moderate
Delhi,2018-06-03,59.52,140.21,31.51,0.84,7.79,57.87,154.0,Moderate
Delhi,2018-06-04,64.42,179.31,30.68,0.81,8.14,57.03,170.0,Moderate
Delhi,2018-06-05,61.72,152.57,27.67,0.82,7.51,48.46,160.0,Moderate
Delhi,2018-06-06,57.68,159.45,31.11,0.88,9.34,48.47,146.0,Moderate
Delhi,2018-06-07,73.77,165.33,33.8,0.96,10.1,60.18,166.0,Moderate
Delhi,2018-06-08,76.78,196.34,31.27,0.95,7.75,54.22,180.0,Moderate
Delhi,2018-06-09,52.79,136.75,27.39,0.9,6.41,41.95,153.0,Moderate
Delhi,2018-06-10,67.02,141.09,34.23,0.93,7.35,45.16,153.0,Moderate
Delhi,2018-06-11,73.22,218.14,34.85,0.9,6.94,46.66,186.0,Moderate
Delhi,2018-06-12,141.28,497.9,31.72,0.87,8.73,37.85,285.0,Poor
Delhi,2018-06-13,261.77,743.98,25.75,0.77,6.91,27.45,453.0,Severe
Delhi,2018-06-14,225.49,761.91,25.37,0.72,7.22,43.38,522.0,Severe
Delhi,2018-06-15,153.28,613.34,24.61,0.7,7.31,40.15,593.0,Severe
Delhi,2018-06-16,127.32,516.85,25.0,0.68,7.29,45.76,531.0,Severe
Delhi,2018-06-17,84.47,289.18,22.78,0.68,6.18,44.56,384.0,Very Poor
Delhi,2018-06-18,61.06,166.71,26.68,0.77,7.71,46.41,179.0,Moderate
Delhi,2018-06-19,52.76,152.06,26.52,0.68,6.5,53.39,146.0,Moderate
Delhi,2018-06-20,67.55,201.22,33.71,0.77,10.05,60.2,175.0,Moderate
Delhi,2018-06-21,76.98,273.16,34.82,0.75,9.73,66.75,221.0,Poor
Delhi,2018-06-22,83.98,247.55,45.06,0.99,12.38,64.38,249.0,Poor
Delhi,2018-06-23,81.33,242.29,44.23,0.96,11.68,66.18,228.0,Poor
Delhi,2018-06-24,54.15,163.89,34.98,0.77,13.73,59.17,194.0,Moderate
Delhi,2018-06-25,46.9,155.61,34.92,0.74,12.17,39.06,168.0,Moderate
Delhi,2018-06-26,29.98,92.12,34.16,0.72,13.16,33.09,128.0,Moderate
Delhi,2018-06-27,52.48,111.4,31.0,0.84,10.43,44.04,126.0,Moderate
Delhi,2018-06-28,30.07,71.42,29.01,0.76,8.48,33.17,99.0,Satisfactory
Delhi,2018-06-29,37.11,84.12,30.43,0.87,9.36,31.43,90.0,Satisfactory
Delhi,2018-06-30,41.41,103.75,32.89,0.91,9.55,31.21,113.0,Moderate
Delhi,2018-07-01,34.18,97.81,28.46,0.78,8.53,28.09,102.0,Moderate
Delhi,2018-07-02,34.24,122.23,25.74,0.65,8.82,33.79,111.0,Moderate
Delhi,2018-07-03,44.55,109.65,37.27,0.86,10.11,39.78,122.0,Moderate
Delhi,2018-07-04,45.76,113.75,31.17,0.78,10.14,45.71,128.0,Moderate
Delhi,2018-07-05,50.41,133.6,38.05,0.95,11.14,41.14,130.0,Moderate
Delhi,2018-07-06,57.12,163.19,36.71,0.94,10.27,40.01,147.0,Moderate
Delhi,2018-07-07,61.93,158.13,34.43,0.9,10.4,53.82,155.0,Moderate
Delhi,2018-07-08,68.2,179.05,39.85,0.98,11.6,65.27,176.0,Moderate
Delhi,2018-07-09,70.48,169.96,35.14,0.93,11.0,54.8,168.0,Moderate
Delhi,2018-07-10,47.48,112.45,28.19,0.81,10.92,43.89,140.0,Moderate
Delhi,2018-07-11,39.78,102.39,31.82,0.84,11.26,34.6,111.0,Moderate
Delhi,2018-07-12,46.53,127.08,34.22,0.76,10.92,45.16,130.0,Moderate
Delhi,2018-07-13,28.44,61.6,31.94,0.88,10.69,26.96,109.0,Moderate
Delhi,2018-07-14,33.82,70.35,31.63,0.84,11.13,29.2,96.0,Satisfactory
Delhi,2018-07-15,37.76,78.42,28.9,0.78,10.64,28.01,92.0,Satisfactory
Delhi,2018-07-16,37.32,83.03,33.31,0.96,9.51,23.59,95.0,Satisfactory
Delhi,2018-07-17,34.26,84.78,30.73,0.87,10.2,31.96,105.0,Moderate
Delhi,2018-07-18,37.76,97.11,29.45,0.82,11.04,32.43,114.0,Moderate
Delhi,2018-07-19,35.04,83.54,27.41,0.8,11.14,31.96,106.0,Moderate
Delhi,2018-07-20,37.26,80.33,33.46,0.89,10.4,24.18,90.0,Satisfactory
Delhi,2018-07-21,50.21,95.93,36.48,0.97,11.2,32.23,114.0,Moderate
Delhi,2018-07-22,25.81,47.63,27.55,0.83,9.85,24.91,87.0,Satisfactory
Delhi,2018-07-23,32.39,69.73,28.74,0.81,10.43,26.11,80.0,Satisfactory
Delhi,2018-07-24,39.3,94.8,29.15,0.83,10.78,34.46,101.0,Moderate
Delhi,2018-07-25,34.7,80.13,27.58,0.81,9.99,21.39,90.0,Satisfactory
Delhi,2018-07-26,32.22,57.98,25.1,0.89,9.27,18.6,90.0,Satisfactory
Delhi,2018-07-27,21.75,35.79,23.41,0.91,9.13,19.82,68.0,Satisfactory
Delhi,2018-07-28,37.69,67.2,21.59,0.73,9.55,24.11,71.0,Satisfactory
Delhi,2018-07-29,44.03,116.89,25.02,0.74,9.37,26.19,100.0,Satisfactory
Delhi,2018-07-30,39.89,122.86,25.06,0.8,8.96,28.09,122.0,Moderate
Delhi,2018-07-31,50.59,165.4,28.84,0.91,9.12,27.81,135.0,Moderate
Delhi,2018-08-01,55.77,195.09,26.14,0.94,9.71,29.94,155.0,Moderate
Delhi,2018-08-02,71.5,268.29,25.2,0.86,10.22,29.3,215.0,Poor
Delhi,2018-08-03,65.46,248.8,26.08,0.78,9.48,28.1,228.0,Poor
Delhi,2018-08-04,69.75,264.97,28.77,0.76,9.61,29.61,215.0,Poor
Delhi,2018-08-05,63.57,246.89,24.82,0.71,9.86,25.4,234.0,Poor
Delhi,2018-08-06,50.64,131.76,26.59,0.9,9.4,27.42,166.0,Moderate
Delhi,2018-08-07,44.54,110.19,26.15,0.98,10.65,32.06,123.0,Moderate
Delhi,2018-08-08,36.7,76.04,25.24,1.02,9.47,31.12,108.0,Moderate
Delhi,2018-08-09,36.84,91.15,24.98,0.89,9.85,34.11,102.0,Moderate
Delhi,2018-08-10,46.24,115.63,34.82,1.11,9.66,31.83,111.0,Moderate
Delhi,2018-08-11,32.72,98.26,24.06,0.7,8.84,27.66,106.0,Moderate
Delhi,2018-08-12,25.7,83.58,23.5,0.66,9.09,23.92,92.0,Satisfactory
Delhi,2018-08-13,32.75,106.03,25.04,0.84,9.26,27.7,102.0,Moderate
Delhi,2018-08-14,46.85,126.7,29.49,1.09,9.86,32.47,122.0,Moderate
Delhi,2018-08-15,43.0,117.21,23.72,0.84,8.85,34.04,128.0,Moderate
Delhi,2018-08-16,36.49,88.06,29.32,1.21,10.43,31.87,109.0,Moderate
Delhi,2018-08-17,32.98,80.82,24.58,0.98,9.26,30.62,109.0,Moderate
Delhi,2018-08-18,32.11,77.4,26.17,0.88,10.05,30.9,90.0,Satisfactory
Delhi,2018-08-19,47.01,96.0,31.85,1.07,11.4,32.1,100.0,Satisfactory
Delhi,2018-08-20,61.1,125.39,32.54,1.18,10.88,39.36,138.0,Moderate
Delhi,2018-08-21,30.98,77.56,27.85,1.02,11.99,31.02,105.0,Moderate
Delhi,2018-08-22,29.75,74.91,28.18,0.9,11.43,25.33,91.0,Satisfactory
Delhi,2018-08-23,31.19,73.3,24.72,0.82,10.82,18.25,86.0,Satisfactory
Delhi,2018-08-24,23.71,88.0,24.6,0.8,10.4,19.29,89.0,Satisfactory
Delhi,2018-08-25,21.96,82.69,22.78,0.68,10.9,20.69,100.0,Satisfactory
Delhi,2018-08-26,23.96,77.21,19.92,0.6,10.31,24.77,85.0,Satisfactory
Delhi,2018-08-27,24.78,56.62,23.6,0.78,10.82,26.5,82.0,Satisfactory
Delhi,2018-08-28,29.26,58.76,25.52,0.85,10.84,21.91,81.0,Satisfactory
Delhi,2018-08-29,36.06,65.58,26.12,0.9,10.23,21.53,88.0,Satisfactory
Delhi,2018-08-30,41.26,95.47,28.28,0.95,9.97,27.06,97.0,Satisfactory
Delhi,2018-08-31,47.53,152.29,25.96,0.82,9.67,23.57,127.0,Moderate
Delhi,2018-09-01,45.19,110.35,28.51,1.02,10.53,19.58,132.0,Moderate
Delhi,2018-09-02,40.9,80.4,23.44,0.87,9.81,23.36,116.0,Moderate
Delhi,2018-09-03,42.06,72.38,27.63,1.06,9.96,26.15,89.0,Satisfactory
Delhi,2018-09-04,55.72,105.56,35.94,1.29,10.8,26.55,118.0,Moderate
Delhi,2018-09-05,39.77,101.8,30.63,1.04,9.62,20.64,108.0,Moderate
Delhi,2018-09-06,49.44,138.52,30.88,0.96,10.13,26.24,137.0,Moderate
Delhi,2018-09-07,42.11,87.03,37.91,1.1,10.75,28.23,117.0,Moderate
Delhi,2018-09-08,35.45,72.63,26.65,0.84,11.38,23.65,105.0,Moderate
Delhi,2018-09-09,29.1,56.92,23.58,0.72,10.98,26.36,86.0,Satisfactory
Delhi,2018-09-10,36.99,83.98,29.61,0.88,11.21,29.46,92.0,Satisfactory
Delhi,2018-09-11,28.33,78.11,26.0,0.78,9.77,23.21,91.0,Satisfactory
Delhi,2018-09-12,28.55,103.27,24.4,0.71,10.31,22.44,96.0,Satisfactory
Delhi,2018-09-13,27.49,115.88,23.21,0.63,11.24,23.11,108.0,Moderate
Delhi,2018-09-14,31.38,113.92,25.18,0.7,11.21,24.58,113.0,Moderate
Delhi,2018-09-15,37.48,125.81,27.72,0.8,11.74,25.86,126.0,Moderate
Delhi,2018-09-16,43.09,131.43,25.92,0.72,11.14,26.12,124.0,Moderate
Delhi,2018-09-17,55.86,157.59,29.15,0.78,11.12,35.01,135.0,Moderate
Delhi,2018-09-18,54.94,165.11,29.8,0.75,11.95,38.79,154.0,Moderate
Delhi,2018-09-19,58.63,175.12,37.36,0.89,13.43,40.04,157.0,Moderate
Delhi,2018-09-20,73.3,185.23,38.16,0.98,14.41,49.18,173.0,Moderate
Delhi,2018-09-21,46.73,112.51,26.7,0.75,12.74,30.31,155.0,Moderate
Delhi,2018-09-22,24.29,46.36,21.72,0.73,11.11,23.89,76.0,Satisfactory
Delhi,2018-09-23,30.71,54.77,19.88,0.67,11.59,28.89,69.0,Satisfactory
Delhi,2018-09-24,21.46,35.84,25.07,0.74,11.08,19.54,63.0,Satisfactory
Delhi,2018-09-25,21.45,49.41,25.67,0.81,10.88,22.48,63.0,Satisfactory
Delhi,2018-09-26,42.83,108.67,32.38,1.03,11.59,28.54,99.0,Satisfactory
Delhi,2018-09-27,71.44,171.42,37.42,1.5,12.78,35.24,151.0,Moderate
Delhi,2018-09-28,83.78,214.66,44.68,1.78,12.98,37.24,200.0,Moderate
Delhi,2018-09-29,92.46,230.62,46.15,1.57,13.08,41.92,229.0,Poor
Delhi,2018-09-30,69.49,155.26,34.52,1.0,12.38,35.54,176.0,Moderate
Delhi,2018-10-01,65.78,177.08,40.86,1.13,12.7,38.52,148.0,Moderate
Delhi,2018-10-02,76.03,185.21,36.68,1.11,12.25,35.8,186.0,Moderate
Delhi,2018-10-03,63.37,177.17,42.57,1.13,13.36,36.72,160.0,Moderate
Delhi,2018-10-04,97.4,235.14,48.01,1.34,14.42,45.63,206.0,Poor
Delhi,2018-10-05,121.12,270.61,53.69,1.62,17.27,44.88,268.0,Poor
Delhi,2018-10-06,78.87,199.37,44.71,1.23,13.42,32.93,237.0,Poor
Delhi,2018-10-07,81.14,221.03,44.81,1.25,14.33,42.38,189.0,Moderate
Delhi,2018-10-08,118.6,279.23,56.21,1.51,16.13,51.05,253.0,Poor
Delhi,2018-10-09,103.26,263.89,54.24,1.59,19.67,52.46,269.0,Poor
Delhi,2018-10-10,93.36,256.14,47.73,1.51,16.55,43.9,263.0,Poor
Delhi,2018-10-11,70.42,208.39,37.74,1.02,14.54,37.04,219.0,Poor
Delhi,2018-10-12,67.93,172.04,44.48,1.13,16.06,42.01,163.0,Moderate
Delhi,2018-10-13,132.93,264.13,49.89,1.41,17.91,42.0,264.0,Poor
Delhi,2018-10-14,91.88,217.12,47.34,1.3,16.07,40.16,237.0,Poor
Delhi,2018-10-15,115.96,280.24,55.44,1.61,17.96,44.92,253.0,Poor
Delhi,2018-10-16,139.18,342.5,64.18,2.2,19.19,54.38,309.0,Very Poor
Delhi,2018-10-17,137.29,323.31,52.81,1.93,17.13,44.29,332.0,Very Poor
Delhi,2018-10-18,143.2,337.98,57.64,2.47,18.46,44.65,330.0,Very Poor
Delhi,2018-10-19,137.73,313.84,54.31,1.66,18.35,51.05,300.0,Poor
Delhi,2018-10-20,168.87,328.13,54.04,1.55,19.82,47.64,344.0,Very Poor
Delhi,2018-10-21,141.15,294.36,55.77,1.52,20.59,42.61,325.0,Very Poor
Delhi,2018-10-22,121.65,274.68,55.49,1.55,17.74,41.32,296.0,Poor
Delhi,2018-10-23,119.4,302.16,63.32,1.84,19.49,44.7,274.0,Poor
Delhi,2018-10-24,174.04,384.46,77.72,2.52,20.95,56.09,354.0,Very Poor
Delhi,2018-10-25,168.82,368.33,72.23,2.35,22.51,62.29,356.0,Very Poor
Delhi,2018-10-26,203.12,396.01,74.04,2.72,20.76,53.02,394.0,Very Poor
Delhi,2018-10-27,206.05,408.94,77.3,3.14,19.9,52.9,396.0,Very Poor
Delhi,2018-10-28,205.0,375.23,57.66,2.45,15.62,52.78,403.0,Severe
Delhi,2018-10-29,231.83,427.06,62.22,2.67,16.66,53.2,397.0,Very Poor
Delhi,2018-10-30,263.39,459.45,70.46,2.9,17.62,50.55,456.0,Severe
Delhi,2018-10-31,225.17,405.94,68.02,2.91,18.11,47.05,422.0,Severe
Delhi,2018-11-01,236.67,416.97,71.63,2.97,20.12,45.98,433.0,Severe
Delhi,2018-11-02,205.44,373.61,65.98,1.99,19.65,46.13,391.0,Very Poor
Delhi,2018-11-03,159.56,298.85,47.39,1.43,17.1,45.43,353.0,Very Poor
Delhi,2018-11-04,97.27,179.85,34.18,1.0,15.01,51.96,238.0,Poor
Delhi,2018-11-05,361.98,500.01,48.25,1.88,14.63,45.0,424.0,Severe
Delhi,2018-11-06,177.88,312.87,43.78,1.29,15.37,45.01,411.0,Severe
Delhi,2018-11-07,175.43,300.54,45.14,1.44,19.39,51.22,317.0,Very Poor
Delhi,2018-11-08,420.3,509.73,64.57,2.45,26.52,38.35,452.0,Severe
Delhi,2018-11-09,300.91,440.76,68.25,2.65,17.41,47.94,487.0,Severe
Delhi,2018-11-10,288.86,447.4,79.5,3.01,18.01,42.55,430.0,Severe
Delhi,2018-11-11,256.68,425.12,70.55,2.89,16.2,51.68,454.0,Severe
Delhi,2018-11-12,271.7,464.28,71.88,2.85,17.4,53.37,437.0,Severe
Delhi,2018-11-13,265.06,441.43,74.72,2.74,18.72,37.8,454.0,Severe
Delhi,2018-11-14,136.2,225.77,59.36,1.68,16.02,31.95,361.0,Very Poor
Delhi,2018-11-15,98.53,175.95,47.83,1.29,15.03,32.95,251.0,Poor
Delhi,2018-11-16,138.49,230.56,42.41,1.24,14.2,40.74,302.0,Very Poor
Delhi,2018-11-17,135.21,255.42,51.93,1.6,14.37,36.97,292.0,Poor
Delhi,2018-11-18,166.43,313.67,61.82,2.0,16.29,39.51,330.0,Very Poor
Delhi,2018-11-19,179.79,319.12,56.73,1.56,16.32,51.15,340.0,Very Poor
Delhi,2018-11-20,224.1,374.77,63.96,2.04,16.11,46.03,367.0,Very Poor
Delhi,2018-11-21,209.96,349.54,63.79,1.79,14.22,40.22,396.0,Very Poor
Delhi,2018-11-22,139.02,292.92,74.93,2.09,16.89,37.22,317.0,Very Poor
Delhi,2018-11-23,187.85,331.22,61.06,2.04,16.39,40.01,356.0,Very Poor
Delhi,2018-11-24,107.73,223.33,46.57,1.34,15.12,37.48,296.0,Poor
Delhi,2018-11-25,133.62,268.83,58.16,1.72,16.56,37.17,266.0,Poor
Delhi,2018-11-26,200.69,362.41,68.3,2.43,20.11,39.8,349.0,Very Poor
Delhi,2018-11-27,205.53,378.23,78.94,3.32,18.31,34.02,396.0,Very Poor
Delhi,2018-11-28,193.1,356.12,69.6,2.85,15.96,34.61,363.0,Very Poor
Delhi,2018-11-29,205.17,363.12,63.68,2.52,12.76,35.79,384.0,Very Poor
Delhi,2018-11-30,190.36,340.56,56.74,1.96,13.69,35.79,365.0,Very Poor
Delhi,2018-12-01,147.48,297.66,56.43,1.91,14.4,35.45,335.0,Very Poor
Delhi,2018-12-02,164.63,331.5,67.18,2.77,16.62,39.35,329.0,Very Poor
Delhi,2018-12-03,178.87,356.2,66.91,2.74,16.52,38.44,356.0,Very Poor
Delhi,2018-12-04,211.57,393.74,74.17,3.17,16.28,38.12,394.0,Very Poor
Delhi,2018-12-05,181.62,345.32,65.87,2.59,15.89,32.33,374.0,Very Poor
Delhi,2018-12-06,218.06,395.33,71.73,3.04,16.49,40.87,385.0,Very Poor
Delhi,2018-12-07,193.81,353.86,54.83,2.09,14.11,32.45,376.0,Very Poor
Delhi,2018-12-08,202.83,358.72,59.06,2.2,15.47,37.6,366.0,Very Poor
Delhi,2018-12-09,226.35,388.23,65.3,2.67,18.08,39.85,389.0,Very Poor
Delhi,2018-12-10,264.63,453.77,66.58,2.75,16.74,42.51,431.0,Severe
Delhi,2018-12-11,274.97,461.98,68.87,2.78,15.49,41.9,464.0,Severe
Delhi,2018-12-12,209.63,327.23,55.1,1.95,14.64,36.34,443.0,Severe
Delhi,2018-12-13,94.29,162.44,42.59,1.21,13.07,24.89,264.0,Poor
Delhi,2018-12-14,113.42,196.85,45.22,1.22,12.5,27.74,248.0,Poor
Delhi,2018-12-15,122.69,211.8,47.31,1.22,13.34,29.58,274.0,Poor
Delhi,2018-12-16,150.28,252.01,50.86,1.42,15.76,32.7,295.0,Poor
Delhi,2018-12-17,182.78,322.5,58.08,1.93,16.14,32.85,338.0,Very Poor
Delhi,2018-12-18,204.08,339.38,61.34,1.78,17.76,37.13,370.0,Very Poor
Delhi,2018-12-19,205.22,351.7,63.77,1.92,17.41,37.05,370.0,Very Poor
Delhi,2018-12-20,258.1,429.33,68.97,2.64,17.68,40.5,423.0,Severe
Delhi,2018-12-21,252.2,403.18,66.03,2.22,15.9,38.38,422.0,Severe
Delhi,2018-12-22,326.79,502.83,78.71,2.59,18.47,44.98,468.0,Severe
Delhi,2018-12-23,401.58,560.68,77.63,3.36,18.21,50.65,557.0,Severe
Delhi,2018-12-24,378.68,546.59,75.26,3.36,17.86,43.25,577.0,Severe
Delhi,2018-12-25,268.2,399.37,61.2,1.9,14.14,36.37,475.0,Severe
Delhi,2018-12-26,241.0,366.1,65.2,1.99,15.37,39.09,405.0,Severe
Delhi,2018-12-27,290.1,453.45,78.43,2.87,18.03,40.96,458.0,Severe
Delhi,2018-12-28,249.23,387.84,60.59,1.66,14.8,37.38,413.0,Severe
Delhi,2018-12-29,248.12,399.14,64.97,1.96,16.49,39.29,420.0,Severe
Delhi,2018-12-30,336.42,503.99,76.89,2.94,19.91,42.87,484.0,Severe
Delhi,2018-12-31,319.69,494.51,70.54,2.7,17.38,41.44,509.0,Severe
Delhi,2019-01-01,287.34,461.02,69.46,2.54,17.77,39.58,475.0,Severe
Delhi,2019-01-02,331.2,515.72,75.06,2.78,18.27,43.3,501.0,Severe
Delhi,2019-01-03,355.4,519.34,66.2,2.55,15.12,39.77,537.0,Severe
Delhi,2019-01-04,246.46,388.79,57.53,2.01,13.22,28.75,432.0,Severe
Delhi,2019-01-05,262.53,411.49,60.35,2.23,15.59,36.33,440.0,Severe
Delhi,2019-01-06,174.26,254.66,51.94,1.49,13.65,31.48,371.0,Very Poor
Delhi,2019-01-07,181.74,283.88,52.45,1.57,15.49,27.11,331.0,Very Poor
Delhi,2019-01-08,156.26,242.02,48.95,1.31,14.67,27.37,340.0,Very Poor
Delhi,2019-01-09,143.66,238.94,49.49,1.3,15.09,30.9,321.0,Very Poor
Delhi,2019-01-10,165.95,278.87,58.22,1.75,16.81,30.92,317.0,Very Poor
Delhi,2019-01-11,278.95,432.2,76.71,2.9,20.03,35.61,401.0,Severe
Delhi,2019-01-12,311.03,465.89,85.14,3.11,17.81,39.78,482.0,Severe
Delhi,2019-01-13,272.45,403.32,66.11,2.36,17.83,37.53,464.0,Severe
Delhi,2019-01-14,94.44,173.94,42.16,1.04,15.05,31.33,320.0,Very Poor
Delhi,2019-01-15,134.57,229.1,52.45,1.37,17.09,29.85,248.0,Poor
Delhi,2019-01-16,271.96,424.07,83.75,2.58,20.35,33.75,383.0,Very Poor
Delhi,2019-01-17,358.91,519.49,84.74,3.13,19.63,39.76,515.0,Severe
Delhi,2019-01-18,237.22,364.61,68.58,2.06,14.7,30.35,437.0,Severe
Delhi,2019-01-19,262.68,402.21,77.9,2.35,18.07,34.75,411.0,Severe
Delhi,2019-01-20,314.59,478.43,106.04,3.66,20.98,45.03,480.0,Severe
Delhi,2019-01-21,175.49,289.4,63.04,1.83,16.82,32.77,413.0,Severe
Delhi,2019-01-22,53.25,72.61,38.56,1.01,11.87,27.01,174.0,Moderate
Delhi,2019-01-23,135.68,211.71,48.14,1.62,14.17,26.51,186.0,Moderate
Delhi,2019-01-24,130.59,218.93,44.11,1.44,15.29,30.57,328.0,Very Poor
Delhi,2019-01-25,81.2,136.43,40.03,1.01,14.62,30.01,188.0,Moderate
Delhi,2019-01-26,101.61,169.32,38.43,0.98,14.48,35.41,231.0,Poor
Delhi,2019-01-27,136.47,217.45,45.27,1.1,15.89,33.34,275.0,Poor
Delhi,2019-01-28,126.48,212.42,49.13,1.06,15.76,33.6,301.0,Very Poor
Delhi,2019-01-29,142.0,235.85,51.47,1.24,18.56,33.83,297.0,Poor
Delhi,2019-01-30,206.14,334.21,63.7,1.76,24.75,35.84,342.0,Very Poor
Delhi,2019-01-31,204.25,335.07,65.7,1.9,20.48,37.52,397.0,Very Poor
Delhi,2019-02-01,178.68,265.65,50.75,1.34,17.83,33.12,329.0,Very Poor
Delhi,2019-02-02,177.32,266.3,35.89,1.24,11.55,30.88,338.0,Very Poor
Delhi,2019-02-03,131.1,209.41,34.53,1.32,11.7,29.44,323.0,Very Poor
Delhi,2019-02-04,144.62,248.49,52.85,1.81,14.06,33.42,301.0,Very Poor
Delhi,2019-02-05,256.33,408.32,75.89,2.95,22.38,46.33,398.0,Very Poor
Delhi,2019-02-06,177.25,270.92,50.55,1.64,15.59,34.4,380.0,Very Poor
Delhi,2019-02-07,65.65,107.83,30.8,0.84,11.12,30.25,233.0,Poor
Delhi,2019-02-08,72.29,156.6,39.24,0.94,12.66,30.59,136.0,Moderate
Delhi,2019-02-09,82.5,165.94,38.31,0.96,13.25,33.55,169.0,Moderate
Delhi,2019-02-10,143.31,255.47,49.26,1.36,16.41,33.03,277.0,Poor
Delhi,2019-02-11,173.61,304.98,58.56,1.78,17.52,37.03,332.0,Very Poor
Delhi,2019-02-12,208.64,357.36,66.37,2.09,19.93,43.29,357.0,Very Poor
Delhi,2019-02-13,198.26,336.99,70.04,1.94,18.61,43.36,372.0,Very Poor
Delhi,2019-02-14,153.73,237.08,53.15,1.42,14.53,32.61,350.0,Very Poor
Delhi,2019-02-15,123.46,194.76,44.28,1.22,15.38,28.15,275.0,Poor
Delhi,2019-02-16,112.34,181.64,33.33,1.13,12.92,26.45,288.0,Poor
Delhi,2019-02-17,99.27,180.93,42.59,1.09,15.14,34.81,247.0,Poor
Delhi,2019-02-18,109.11,215.05,56.12,1.18,16.78,33.69,278.0,Poor
Delhi,2019-02-19,126.12,229.75,55.44,1.56,15.93,36.66,232.0,Poor
Delhi,2019-02-20,102.3,185.4,51.88,1.4,17.16,23.68,305.0,Very Poor
Delhi,2019-02-21,73.33,178.07,47.15,1.37,20.1,34.41,158.0,Moderate
Delhi,2019-02-22,73.9,147.86,33.95,1.07,13.94,28.45,191.0,Moderate
Delhi,2019-02-23,56.51,115.07,36.12,0.85,15.66,37.26,116.0,Moderate
Delhi,2019-02-24,89.34,161.89,46.26,1.03,18.99,38.02,169.0,Moderate
Delhi,2019-02-25,92.36,172.59,53.86,1.24,18.07,42.49,221.0,Poor
Delhi,2019-02-26,59.97,120.3,50.31,0.95,16.88,32.19,144.0,Moderate
Delhi,2019-02-27,47.18,91.52,35.07,0.79,12.52,31.38,112.0,Moderate
Delhi,2019-02-28,96.38,180.46,45.02,1.25,16.98,35.95,198.0,Moderate
Delhi,2019-03-01,93.83,181.26,48.87,1.17,15.81,37.75,222.0,Poor
Delhi,2019-03-02,109.6,182.54,62.05,1.36,17.96,25.07,227.0,Poor
Delhi,2019-03-03,62.92,105.16,40.61,1.16,13.48,33.59,172.0,Moderate
Delhi,2019-03-04,105.93,180.84,40.1,1.54,14.75,38.13,217.0,Poor
Delhi,2019-03-05,68.86,135.4,40.05,1.01,14.26,36.3,173.0,Moderate
Delhi,2019-03-06,83.45,168.32,45.3,1.25,15.16,33.71,189.0,Moderate
Delhi,2019-03-07,104.61,212.7,51.9,1.48,16.39,39.32,228.0,Poor
Delhi,2019-03-08,92.07,199.28,51.75,1.27,17.44,37.86,220.0,Poor
Delhi,2019-03-09,73.31,162.18,40.84,0.99,17.3,33.51,194.0,Moderate
Delhi,2019-03-10,73.98,163.8,44.17,0.96,16.36,44.11,157.0,Moderate
Delhi,2019-03-11,82.17,205.43,52.91,1.24,18.44,42.09,190.0,Moderate
Delhi,2019-03-12,57.28,129.4,37.45,0.93,13.82,37.15,149.0,Moderate
Delhi,2019-03-13,89.17,231.19,57.03,1.27,22.48,33.94,168.0,Moderate
Delhi,2019-03-14,111.2,217.74,48.81,1.36,17.54,28.81,281.0,Poor
Delhi,2019-03-15,74.88,144.35,41.27,1.0,16.21,33.4,183.0,Moderate
Delhi,2019-03-16,68.64,140.6,40.6,0.92,15.72,43.66,143.0,Moderate
Delhi,2019-03-17,93.61,184.01,46.88,1.07,19.96,42.0,198.0,Moderate
Delhi,2019-03-18,100.32,202.01,50.33,1.19,20.36,43.21,221.0,Poor
Delhi,2019-03-19,103.77,227.07,55.47,1.29,20.72,40.14,239.0,Poor
Delhi,2019-03-20,89.82,237.61,54.67,1.35,21.42,40.41,234.0,Poor
Delhi,2019-03-21,112.29,197.17,34.63,1.34,19.99,46.64,272.0,Poor
Delhi,2019-03-22,38.43,119.87,32.19,0.74,16.06,46.73,141.0,Moderate
Delhi,2019-03-23,55.62,138.56,34.57,0.89,17.52,52.24,131.0,Moderate
Delhi,2019-03-24,53.28,133.47,34.25,0.82,19.06,42.57,126.0,Moderate
Delhi,2019-03-25,65.0,150.34,34.84,0.93,20.19,36.06,136.0,Moderate
Delhi,2019-03-26,75.82,169.16,40.8,1.04,19.26,41.35,162.0,Moderate
Delhi,2019-03-27,78.37,186.49,49.68,1.22,20.35,43.23,177.0,Moderate
Delhi,2019-03-28,116.55,260.26,60.18,1.76,24.86,48.44,245.0,Poor
Delhi,2019-03-29,112.67,257.27,60.4,1.8,19.52,46.51,273.0,Poor
Delhi,2019-03-30,102.27,238.99,53.75,1.51,22.39,51.49,252.0,Poor
Delhi,2019-03-31,58.96,177.53,38.42,0.94,18.9,48.72,198.0,Moderate
Delhi,2019-04-01,59.08,170.14,38.55,0.88,20.09,54.95,153.0,Moderate
Delhi,2019-04-02,90.1,211.47,55.76,1.19,24.4,54.67,194.0,Moderate
Delhi,2019-04-03,85.02,206.04,54.91,1.32,21.6,51.06,208.0,Poor
Delhi,2019-04-04,119.71,270.77,63.62,1.8,29.11,60.25,260.0,Poor
Delhi,2019-04-05,125.44,281.53,64.7,1.96,28.67,57.0,284.0,Poor
Delhi,2019-04-06,96.6,303.71,48.72,1.32,23.23,50.84,269.0,Poor
Delhi,2019-04-07,152.91,355.22,44.64,1.49,21.35,53.16,315.0,Very Poor
Delhi,2019-04-08,81.3,280.23,45.87,1.06,15.1,51.32,284.0,Poor
Delhi,2019-04-09,87.74,225.5,53.88,1.44,22.03,57.86,240.0,Poor
Delhi,2019-04-10,101.94,247.53,56.82,1.76,20.84,50.86,263.0,Poor
Delhi,2019-04-11,70.25,204.19,47.54,1.21,21.51,48.59,196.0,Moderate
Delhi,2019-04-12,61.34,217.0,40.09,1.12,19.48,51.94,202.0,Poor
Delhi,2019-04-13,55.93,175.93,37.89,1.06,20.82,45.3,175.0,Moderate
Delhi,2019-04-14,51.51,168.11,36.61,1.02,20.65,41.86,150.0,Moderate
Delhi,2019-04-15,54.84,187.59,41.92,1.28,22.2,42.3,163.0,Moderate
Delhi,2019-04-16,59.08,186.75,35.01,1.1,12.59,47.49,206.0,Poor
Delhi,2019-04-17,22.14,62.49,26.84,0.9,11.1,45.44,102.0,Moderate
Delhi,2019-04-18,38.92,91.55,39.07,1.01,15.05,50.12,104.0,Moderate
Delhi,2019-04-19,71.62,155.39,47.56,1.24,21.22,45.45,151.0,Moderate
Delhi,2019-04-20,90.55,193.76,55.28,1.42,26.03,55.67,199.0,Moderate
Delhi,2019-04-21,95.24,219.06,58.95,1.66,22.16,50.13,225.0,Poor
Delhi,2019-04-22,110.16,255.31,61.72,1.87,29.31,56.24,246.0,Poor
Delhi,2019-04-23,104.17,277.28,63.45,1.92,25.76,53.24,257.0,Poor
Delhi,2019-04-24,85.7,262.58,51.58,1.41,19.17,61.45,232.0,Poor
Delhi,2019-04-25,86.41,274.39,39.89,1.31,17.67,65.26,251.0,Poor
Delhi,2019-04-26,82.37,244.21,50.69,1.34,26.12,47.45,223.0,Poor
Delhi,2019-04-27,73.06,301.82,39.8,1.05,21.85,52.16,248.0,Poor
Delhi,2019-04-28,76.44,285.73,40.9,1.06,20.02,54.0,269.0,Poor
Delhi,2019-04-29,84.04,274.83,52.04,1.33,23.71,50.32,256.0,Poor
Delhi,2019-04-30,95.72,284.13,59.32,1.62,26.58,57.54,257.0,Poor
Delhi,2019-05-01,111.57,323.97,63.15,1.61,27.67,65.95,285.0,Poor
Delhi,2019-05-02,77.72,282.83,43.19,1.19,18.26,65.33,275.0,Poor
Delhi,2019-05-03,52.16,149.1,49.82,1.09,17.91,64.36,202.0,Poor
Delhi,2019-05-04,77.96,196.87,59.78,1.26,18.19,46.34,182.0,Moderate
Delhi,2019-05-05,101.25,249.97,55.16,1.51,21.93,52.97,231.0,Poor
Delhi,2019-05-06,118.9,295.84,70.81,1.93,23.72,55.91,267.0,Poor
Delhi,2019-05-07,128.78,378.89,69.77,1.98,22.77,40.32,310.0,Very Poor
Delhi,2019-05-08,143.34,415.23,60.85,2.0,25.84,47.34,389.0,Very Poor
Delhi,2019-05-09,137.2,414.7,51.13,1.52,23.46,50.71,390.0,Very Poor
Delhi,2019-05-10,95.07,320.44,38.05,1.03,17.6,52.66,333.0,Very Poor
Delhi,2019-05-11,101.83,289.05,42.02,1.15,21.6,62.02,266.0,Poor
Delhi,2019-05-12,178.22,503.28,40.68,1.22,19.36,57.85,352.0,Very Poor
Delhi,2019-05-13,170.81,351.28,50.88,1.51,33.5,67.84,376.0,Very Poor
Delhi,2019-05-14,58.22,124.28,37.53,1.02,13.4,54.85,217.0,Poor
Delhi,2019-05-15,84.81,191.04,57.75,1.52,20.93,41.85,194.0,Moderate
Delhi,2019-05-16,75.45,218.38,50.99,1.38,15.36,46.97,192.0,Moderate
Delhi,2019-05-17,92.53,316.4,45.67,1.31,13.26,46.42,257.0,Poor
Delhi,2019-05-18,44.28,106.51,33.79,1.04,10.93,45.46,176.0,Moderate
Delhi,2019-05-19,81.99,162.83,45.8,1.21,17.36,59.34,168.0,Moderate
Delhi,2019-05-20,93.97,218.72,56.55,1.35,19.81,53.31,216.0,Poor
Delhi,2019-05-21,77.78,194.58,47.58,1.21,20.15,55.06,206.0,Poor
Delhi,2019-05-22,64.24,201.27,51.8,1.5,16.92,38.34,167.0,Moderate
Delhi,2019-05-23,92.4,230.0,52.71,1.49,21.68,55.29,228.0,Poor
Delhi,2019-05-24,43.86,117.66,40.33,1.21,11.99,31.11,151.0,Moderate
Delhi,2019-05-25,43.66,118.65,34.52,0.99,13.09,51.47,125.0,Moderate
Delhi,2019-05-26,55.13,136.58,41.51,1.06,17.94,59.94,135.0,Moderate
Delhi,2019-05-27,64.66,172.68,53.92,1.28,18.9,53.59,163.0,Moderate
Delhi,2019-05-28,65.82,183.77,61.45,1.3,20.59,54.43,175.0,Moderate
Delhi,2019-05-29,74.8,202.75,65.84,1.45,23.61,57.99,191.0,Moderate
Delhi,2019-05-30,85.21,246.05,71.8,1.75,21.99,49.58,226.0,Poor
Delhi,2019-05-31,88.57,337.77,56.83,1.47,19.82,58.49,266.0,Poor
Delhi,2019-06-01,95.4,298.35,57.24,1.56,21.54,64.56,300.0,Poor
Delhi,2019-06-02,73.36,219.79,32.22,1.07,14.15,60.84,222.0,Poor
Delhi,2019-06-03,66.94,300.7,30.33,1.03,12.64,60.03,232.0,Poor
Delhi,2019-06-04,54.95,171.58,36.0,1.14,13.67,65.82,212.0,Poor
Delhi,2019-06-05,73.35,208.72,42.68,1.29,15.82,59.78,190.0,Moderate
Delhi,2019-06-06,70.61,236.45,44.85,1.13,16.15,61.04,209.0,Poor
Delhi,2019-06-07,54.81,152.39,35.32,1.11,14.44,74.12,192.0,Moderate
Delhi,2019-06-08,69.75,187.62,51.0,1.47,13.47,63.64,184.0,Moderate
Delhi,2019-06-09,101.05,265.12,62.84,1.86,21.74,69.14,237.0,Poor
Delhi,2019-06-10,74.48,233.49,61.53,1.63,15.19,55.95,230.0,Poor
Delhi,2019-06-11,118.38,487.77,49.86,1.41,13.52,39.96,315.0,Very Poor
Delhi,2019-06-12,59.86,240.88,30.46,0.92,11.57,62.12,280.0,Poor
Delhi,2019-06-13,52.66,189.69,34.53,1.03,11.79,52.93,189.0,Moderate
Delhi,2019-06-14,53.79,188.21,37.07,1.07,12.89,59.31,167.0,Moderate
Delhi,2019-06-15,81.86,274.68,47.15,1.18,17.56,57.41,217.0,Poor
Delhi,2019-06-16,42.06,160.96,20.56,0.8,9.54,46.81,205.0,Poor
Delhi,2019-06-17,40.18,137.08,27.51,0.89,11.07,40.56,126.0,Moderate
Delhi,2019-06-18,30.39,84.53,32.32,1.03,8.0,48.99,119.0,Moderate
Delhi,2019-06-19,79.96,223.08,37.14,1.12,12.69,61.02,173.0,Moderate
Delhi,2019-06-20,42.76,130.88,31.19,0.92,9.7,68.57,175.0,Moderate
Delhi,2019-06-21,71.15,188.16,44.78,1.22,12.23,59.68,178.0,Moderate
Delhi,2019-06-22,68.27,177.16,44.12,1.11,14.97,69.18,185.0,Moderate
Delhi,2019-06-23,42.06,126.12,23.02,0.95,10.11,57.33,153.0,Moderate
Delhi,2019-06-24,26.29,85.68,25.93,0.92,10.74,37.78,118.0,Moderate
Delhi,2019-06-25,53.65,119.98,32.24,1.07,11.91,54.02,131.0,Moderate
Delhi,2019-06-26,67.36,155.9,37.39,1.16,12.87,46.26,161.0,Moderate
Delhi,2019-06-27,65.3,230.98,39.94,1.16,13.46,46.84,169.0,Moderate
Delhi,2019-06-28,61.21,239.15,38.37,1.02,14.43,38.39,207.0,Poor
Delhi,2019-06-29,58.08,271.27,34.56,0.93,11.99,37.99,223.0,Poor
Delhi,2019-06-30,65.24,270.03,33.03,1.04,12.82,44.4,234.0,Poor
Delhi,2019-07-01,57.27,189.32,31.09,0.94,12.22,58.0,195.0,Moderate
Delhi,2019-07-02,71.68,233.25,28.13,0.99,12.02,64.82,202.0,Poor
Delhi,2019-07-03,39.99,113.92,26.57,0.99,9.75,42.31,162.0,Moderate
Delhi,2019-07-04,36.82,87.8,29.23,1.11,9.75,28.2,111.0,Moderate
Delhi,2019-07-05,48.6,99.98,34.77,1.2,11.05,22.68,113.0,Moderate
Delhi,2019-07-06,34.25,87.5,29.91,1.0,10.18,33.71,99.0,Satisfactory
Delhi,2019-07-07,38.81,91.79,28.87,1.08,10.67,38.66,101.0,Moderate
Delhi,2019-07-08,49.12,148.79,32.85,1.15,10.64,35.11,129.0,Moderate
Delhi,2019-07-09,42.56,128.6,30.38,1.11,9.52,25.75,131.0,Moderate
Delhi,2019-07-10,69.21,278.71,31.36,1.04,10.41,28.65,150.0,Moderate
Delhi,2019-07-11,76.99,352.26,29.87,0.97,9.64,29.84,300.0,Poor
Delhi,2019-07-12,76.35,363.7,26.97,1.05,8.96,28.38,294.0,Poor
Delhi,2019-07-13,63.18,294.27,23.13,0.97,9.11,30.81,312.0,Very Poor
Delhi,2019-07-14,63.16,280.99,25.1,0.95,9.85,32.77,243.0,Poor
Delhi,2019-07-15,42.04,137.67,27.17,1.09,10.39,27.23,180.0,Moderate
Delhi,2019-07-16,31.51,79.22,27.54,1.05,9.64,30.05,117.0,Moderate
Delhi,2019-07-17,32.06,67.73,28.44,1.03,8.91,31.48,92.0,Satisfactory
Delhi,2019-07-18,32.92,78.08,37.14,1.24,8.86,30.75,98.0,Satisfactory
Delhi,2019-07-19,63.02,158.3,40.79,1.41,9.95,49.9,142.0,Moderate
Delhi,2019-07-20,46.43,117.84,37.1,1.15,8.6,29.1,137.0,Moderate
Delhi,2019-07-21,50.57,105.55,33.89,1.39,8.83,32.04,123.0,Moderate
Delhi,2019-07-22,60.38,119.66,33.03,1.55,8.95,34.79,124.0,Moderate
Delhi,2019-07-23,73.08,153.96,39.89,1.61,9.05,40.16,156.0,Moderate
Delhi,2019-07-24,63.26,156.93,40.29,1.41,8.83,33.1,165.0,Moderate
Delhi,2019-07-25,22.79,63.51,33.52,0.94,8.76,22.78,98.0,Satisfactory
Delhi,2019-07-26,30.63,61.26,31.61,0.99,8.92,27.72,94.0,Satisfactory
Delhi,2019-07-27,26.16,45.04,25.34,1.0,8.67,29.54,85.0,Satisfactory
Delhi,2019-07-28,21.13,46.35,21.89,0.89,8.43,30.62,83.0,Satisfactory
Delhi,2019-07-29,24.45,64.17,25.11,0.92,8.97,29.78,82.0,Satisfactory
Delhi,2019-07-30,30.1,82.81,26.92,0.97,9.36,27.42,90.0,Satisfactory
Delhi,2019-07-31,30.22,76.67,26.45,0.93,8.78,31.25,90.0,Satisfactory
Delhi,2019-08-01,34.26,85.89,28.4,0.94,8.79,32.51,98.0,Satisfactory
Delhi,2019-08-02,35.06,83.66,30.96,1.03,8.45,29.29,95.0,Satisfactory
Delhi,2019-08-03,38.54,80.35,31.0,1.07,9.43,27.74,104.0,Moderate
Delhi,2019-08-04,46.69,88.15,30.9,1.13,9.96,27.25,101.0,Moderate
Delhi,2019-08-05,52.2,104.96,34.64,1.24,9.37,28.66,108.0,Moderate
Delhi,2019-08-06,30.04,57.31,34.68,1.14,8.26,22.91,99.0,Satisfactory
Delhi,2019-08-07,32.63,72.98,31.82,1.22,9.81,29.87,104.0,Moderate
Delhi,2019-08-08,27.69,80.22,28.9,1.01,10.61,30.92,99.0,Satisfactory
Delhi,2019-08-09,14.59,61.47,22.08,0.86,9.3,26.17,89.0,Satisfactory
Delhi,2019-08-10,16.73,47.75,22.06,0.87,8.47,25.43,75.0,Satisfactory
Delhi,2019-08-11,25.53,67.15,25.93,0.96,8.65,26.21,83.0,Satisfactory
Delhi,2019-08-12,20.53,51.91,26.18,1.02,8.14,21.46,80.0,Satisfactory
Delhi,2019-08-13,21.68,56.18,27.12,1.1,8.37,20.73,85.0,Satisfactory
Delhi,2019-08-14,33.21,58.36,31.9,1.19,8.5,31.43,93.0,Satisfactory
Delhi,2019-08-15,28.78,56.28,25.03,1.04,8.51,23.58,93.0,Satisfactory
Delhi,2019-08-16,15.52,37.1,21.51,0.87,8.61,23.59,73.0,Satisfactory
Delhi,2019-08-17,10.24,19.51,19.1,0.81,7.67,16.51,67.0,Satisfactory
Delhi,2019-08-18,15.51,30.45,20.93,0.98,8.57,18.03,66.0,Satisfactory
Delhi,2019-08-19,38.55,86.13,28.59,1.31,8.6,28.06,99.0,Satisfactory
Delhi,2019-08-20,41.74,95.71,26.86,1.23,8.12,28.41,103.0,Moderate
Delhi,2019-08-21,46.69,129.46,32.68,1.14,7.81,31.18,107.0,Moderate
Delhi,2019-08-22,44.16,130.49,42.21,1.21,8.41,25.95,125.0,Moderate
Delhi,2019-08-23,50.49,142.76,40.32,1.3,8.36,28.57,130.0,Moderate
Delhi,2019-08-24,60.71,149.82,41.76,1.47,8.78,28.17,149.0,Moderate
Delhi,2019-08-25,33.49,67.82,31.71,0.93,8.23,24.22,107.0,Moderate
Delhi,2019-08-26,25.06,68.59,31.6,0.99,8.55,24.07,77.0,Satisfactory
Delhi,2019-08-27,40.68,107.99,34.48,1.17,10.01,36.98,114.0,Moderate
Delhi,2019-08-28,42.04,103.01,34.62,1.07,9.64,34.34,119.0,Moderate
Delhi,2019-08-29,33.92,90.29,30.6,0.93,8.24,30.97,103.0,Moderate
Delhi,2019-08-30,43.5,105.68,32.44,1.02,9.33,39.25,110.0,Moderate
Delhi,2019-08-31,57.16,123.23,40.79,1.41,9.14,33.71,123.0,Moderate
Delhi,2019-09-01,35.13,81.44,32.08,1.11,8.41,31.24,123.0,Moderate
Delhi,2019-09-02,46.15,101.79,31.91,1.07,8.81,39.18,105.0,Moderate
Delhi,2019-09-03,70.64,143.56,36.51,1.21,8.95,32.5,131.0,Moderate
Delhi,2019-09-04,73.33,150.39,36.99,1.22,9.03,36.13,165.0,Moderate
Delhi,2019-09-05,33.9,90.44,29.09,0.97,9.25,28.87,118.0,Moderate
Delhi,2019-09-06,35.81,89.47,30.05,0.99,10.9,27.22,96.0,Satisfactory
Delhi,2019-09-07,34.98,83.26,30.9,1.0,8.17,24.58,95.0,Satisfactory
Delhi,2019-09-08,32.83,77.01,26.84,0.9,8.72,32.4,99.0,Satisfactory
Delhi,2019-09-09,56.31,126.43,30.47,1.0,8.45,30.84,107.0,Moderate
Delhi,2019-09-10,64.48,144.47,34.12,1.07,9.49,40.53,139.0,Moderate
Delhi,2019-09-11,79.6,174.33,39.69,1.15,9.54,48.95,166.0,Moderate
Delhi,2019-09-12,57.83,132.61,34.01,0.99,8.91,32.08,158.0,Moderate
Delhi,2019-09-13,33.59,83.22,29.75,0.88,8.16,27.33,103.0,Moderate
Delhi,2019-09-14,26.65,69.36,26.05,0.77,8.48,28.64,85.0,Satisfactory
Delhi,2019-09-15,35.52,72.61,27.77,0.91,8.55,28.58,83.0,Satisfactory
Delhi,2019-09-16,56.6,129.47,36.18,1.13,8.35,35.4,111.0,Moderate
Delhi,2019-09-17,59.14,135.84,38.18,1.12,8.64,41.22,143.0,Moderate
Delhi,2019-09-18,35.41,97.32,31.3,0.86,9.46,37.19,117.0,Moderate
Delhi,2019-09-19,21.74,62.19,24.15,0.78,9.29,27.34,80.0,Satisfactory
Delhi,2019-09-20,40.33,106.47,31.73,0.95,10.81,29.76,96.0,Satisfactory
Delhi,2019-09-21,39.23,96.29,31.43,0.99,9.63,28.51,112.0,Moderate
Delhi,2019-09-22,26.51,65.65,30.66,0.91,9.32,21.15,86.0,Satisfactory
Delhi,2019-09-23,34.46,83.33,30.02,0.93,9.9,30.49,89.0,Satisfactory
Delhi,2019-09-24,35.88,96.22,34.98,0.98,9.19,28.92,103.0,Moderate
Delhi,2019-09-25,30.52,86.31,29.99,0.9,8.94,28.53,100.0,Satisfactory
Delhi,2019-09-26,22.9,69.49,27.25,0.83,10.43,24.16,87.0,Satisfactory
Delhi,2019-09-27,15.66,56.71,24.52,0.78,10.3,23.54,78.0,Satisfactory
Delhi,2019-09-28,22.52,66.98,26.18,0.77,10.01,22.22,78.0,Satisfactory
Delhi,2019-09-29,16.91,51.03,22.84,0.74,8.85,22.84,68.0,Satisfactory
Delhi,2019-09-30,29.42,81.97,27.89,0.92,8.22,26.67,75.0,Satisfactory
Delhi,2019-10-01,33.92,92.41,28.0,0.96,8.5,26.15,98.0,Satisfactory
Delhi,2019-10-02,40.16,96.13,29.72,1.05,8.95,34.94,105.0,Moderate
Delhi,2019-10-03,57.99,143.97,36.77,1.25,10.42,44.29,140.0,Moderate
Delhi,2019-10-04,43.07,94.9,34.07,0.99,8.34,32.54,113.0,Moderate
Delhi,2019-10-05,39.48,108.22,33.82,1.03,8.08,32.66,108.0,Moderate
Delhi,2019-10-06,58.75,140.15,36.98,0.99,8.62,40.18,127.0,Moderate
Delhi,2019-10-07,55.88,137.81,33.46,0.91,8.25,36.23,133.0,Moderate
Delhi,2019-10-08,44.85,116.56,33.4,0.85,8.91,38.81,123.0,Moderate
Delhi,2019-10-09,77.02,182.89,45.5,1.37,11.9,51.37,165.0,Moderate
Delhi,2019-10-10,100.82,215.18,50.32,1.34,13.83,53.51,208.0,Poor
Delhi,2019-10-11,98.07,203.36,48.05,1.37,11.02,47.07,243.0,Poor
Delhi,2019-10-12,103.45,209.42,48.54,1.44,11.26,44.45,235.0,Poor
Delhi,2019-10-13,132.57,255.42,51.27,1.65,12.75,44.55,282.0,Poor
Delhi,2019-10-14,116.33,239.47,50.83,1.73,11.46,43.59,285.0,Poor
Delhi,2019-10-15,133.35,285.26,58.61,2.18,13.31,53.79,291.0,Poor
Delhi,2019-10-16,146.37,279.78,53.03,1.77,13.22,55.69,320.0,Very Poor
Delhi,2019-10-17,121.68,245.2,46.51,1.44,14.95,49.68,300.0,Poor
Delhi,2019-10-18,90.41,203.39,39.62,1.14,11.36,42.7,265.0,Poor
Delhi,2019-10-19,76.77,174.84,51.37,1.18,11.33,43.23,170.0,Moderate
Delhi,2019-10-20,98.05,203.14,48.83,1.26,10.64,33.47,242.0,Poor
Delhi,2019-10-21,115.16,235.0,51.05,1.3,11.11,36.8,254.0,Poor
Delhi,2019-10-22,93.51,213.26,50.05,1.37,11.7,39.48,243.0,Poor
Delhi,2019-10-23,122.12,268.58,57.92,1.79,14.08,44.15,248.0,Poor
Delhi,2019-10-24,173.56,346.51,67.36,2.46,18.87,57.94,335.0,Very Poor
Delhi,2019-10-25,129.9,270.87,52.55,1.72,15.17,52.25,331.0,Very Poor
Delhi,2019-10-26,148.73,290.6,56.43,1.92,12.76,50.59,315.0,Very Poor
Delhi,2019-10-27,198.81,321.68,48.37,1.77,13.21,47.27,354.0,Very Poor
Delhi,2019-10-28,301.39,420.35,48.45,1.77,18.03,42.79,417.0,Severe
Delhi,2019-10-29,287.56,440.77,60.03,2.43,12.71,33.2,419.0,Severe
Delhi,2019-10-30,279.32,454.35,63.87,2.67,13.81,34.86,452.0,Severe
Delhi,2019-10-31,314.32,500.04,71.37,2.92,15.86,38.29,460.0,Severe
Delhi,2019-11-01,388.45,584.15,73.61,2.59,16.32,49.77,591.0,Severe
Delhi,2019-11-02,320.26,467.74,54.1,1.93,12.88,35.0,473.0,Severe
Delhi,2019-11-03,582.28,706.58,49.67,2.39,10.2,33.91,659.0,Severe
Delhi,2019-11-04,272.3,386.16,44.53,1.47,11.68,36.82,532.0,Severe
Delhi,2019-11-05,190.41,296.98,44.32,1.43,13.17,39.23,385.0,Very Poor
Delhi,2019-11-06,101.09,207.19,54.77,1.52,11.58,29.77,265.0,Poor
Delhi,2019-11-07,182.47,292.56,51.64,1.58,11.95,23.72,296.0,Poor
Delhi,2019-11-08,154.14,253.44,52.79,1.68,14.04,32.33,346.0,Very Poor
Delhi,2019-11-09,140.8,230.5,44.01,1.34,11.58,30.42,321.0,Very Poor
Delhi,2019-11-10,192.35,296.44,50.35,1.44,13.95,38.5,339.0,Very Poor
Delhi,2019-11-11,252.48,380.54,61.36,1.79,15.18,42.35,376.0,Very Poor
Delhi,2019-11-12,384.34,529.59,66.1,2.25,14.41,48.8,475.0,Severe
Delhi,2019-11-13,383.36,541.19,73.6,2.5,15.12,39.52,532.0,Severe
Delhi,2019-11-14,371.42,545.66,82.63,2.92,16.26,26.54,537.0,Severe
Delhi,2019-11-15,423.52,576.12,59.35,2.35,14.14,37.71,595.0,Severe
Delhi,2019-11-16,174.03,293.0,42.35,1.34,12.89,31.94,438.0,Severe
Delhi,2019-11-17,96.34,165.5,33.78,0.92,10.78,27.01,273.0,Poor
Delhi,2019-11-18,108.4,181.67,40.05,1.26,10.55,30.33,245.0,Poor
Delhi,2019-11-19,126.92,218.13,52.79,1.6,12.05,31.56,251.0,Poor
Delhi,2019-11-20,175.19,295.47,77.62,2.21,14.74,38.99,315.0,Very Poor
Delhi,2019-11-21,217.7,363.77,91.65,3.0,19.85,48.43,375.0,Very Poor
Delhi,2019-11-22,201.17,332.6,75.08,2.4,16.02,41.54,377.0,Very Poor
Delhi,2019-11-23,130.41,224.14,52.7,1.3,11.64,25.58,334.0,Very Poor
Delhi,2019-11-24,107.86,178.21,43.51,1.01,11.35,29.6,264.0,Poor
Delhi,2019-11-25,122.37,213.67,53.29,1.45,13.59,31.86,269.0,Poor
Delhi,2019-11-26,114.27,225.78,53.83,1.41,17.65,39.21,284.0,Poor
Delhi,2019-11-27,65.7,128.1,42.94,0.89,10.71,30.2,166.0,Moderate
Delhi,2019-11-28,31.03,58.6,32.3,0.65,8.99,28.72,106.0,Moderate
Delhi,2019-11-29,53.79,100.29,41.9,1.03,10.14,24.66,89.0,Satisfactory
Delhi,2019-11-30,96.96,159.36,45.04,1.21,9.87,23.38,175.0,Moderate
Delhi,2019-12-01,123.66,192.47,50.39,1.17,11.39,32.28,257.0,Poor
Delhi,2019-12-02,141.12,229.08,57.23,1.49,11.18,32.54,299.0,Poor
Delhi,2019-12-03,140.07,241.56,60.85,1.49,11.37,32.57,302.0,Very Poor
Delhi,2019-12-04,163.24,277.92,71.65,1.95,13.48,33.48,313.0,Very Poor
Delhi,2019-12-05,271.99,416.79,91.53,2.95,14.48,42.41,389.0,Very Poor
Delhi,2019-12-06,241.69,362.1,69.73,2.03,13.41,32.34,423.0,Severe
Delhi,2019-12-07,233.79,348.44,66.41,2.32,15.4,33.69,382.0,Very Poor
Delhi,2019-12-08,239.98,355.16,68.59,2.88,13.69,32.51,404.0,Severe
Delhi,2019-12-09,200.33,311.58,68.28,2.32,12.34,29.47,371.0,Very Poor
Delhi,2019-12-10,236.4,363.3,72.63,2.41,12.49,38.14,377.0,Very Poor
Delhi,2019-12-11,299.85,452.65,85.56,3.2,14.71,41.46,430.0,Severe
Delhi,2019-12-12,284.18,412.59,64.36,2.01,12.61,44.13,471.0,Severe
Delhi,2019-12-13,94.62,124.26,41.21,1.14,7.9,29.14,322.0,Very Poor
Delhi,2019-12-14,78.59,128.36,41.29,1.18,9.04,22.94,179.0,Moderate
Delhi,2019-12-15,94.67,151.57,39.9,1.15,8.5,22.96,205.0,Poor
Delhi,2019-12-16,88.05,133.11,35.06,1.04,7.17,22.1,202.0,Poor
Delhi,2019-12-17,93.07,140.23,32.7,1.07,7.26,24.27,178.0,Moderate
Delhi,2019-12-18,144.0,214.88,44.41,1.24,7.98,32.08,273.0,Poor
Delhi,2019-12-19,261.16,385.13,55.64,1.92,9.64,28.22,354.0,Very Poor
Delhi,2019-12-20,316.09,449.06,60.58,2.16,9.92,29.05,452.0,Severe
Delhi,2019-12-21,249.87,353.94,50.24,1.71,8.52,23.62,441.0,Severe
Delhi,2019-12-22,146.81,202.05,38.96,1.13,6.67,21.48,351.0,Very Poor
Delhi,2019-12-23,171.47,240.19,39.83,1.28,7.0,23.8,321.0,Very Poor
Delhi,2019-12-24,262.69,401.03,56.72,1.76,8.7,28.17,376.0,Very Poor
Delhi,2019-12-25,166.71,258.28,39.77,1.2,6.96,21.13,384.0,Very Poor
Delhi,2019-12-26,196.97,299.85,45.08,1.17,6.99,25.73,340.0,Very Poor
Delhi,2019-12-27,240.07,371.45,54.6,1.39,7.88,27.55,372.0,Very Poor
Delhi,2019-12-28,275.6,426.12,55.98,1.96,10.26,27.92,425.0,Severe
Delhi,2019-12-29,326.79,500.15,57.76,1.86,10.25,35.11,455.0,Severe
Delhi,2019-12-30,333.43,486.35,55.61,2.24,11.15,26.44,506.0,Severe
Delhi,2019-12-31,245.53,338.18,47.5,1.8,11.03,28.07,417.0,Severe
Delhi,2020-01-01,372.14,483.87,64.18,3.15,18.49,39.58,492.0,Severe
Delhi,2020-01-02,327.04,439.31,64.8,3.32,19.95,36.5,485.0,Severe
Delhi,2020-01-03,228.9,337.04,55.65,2.8,14.93,27.82,426.0,Severe
Delhi,2020-01-04,220.6,327.22,57.67,2.2,12.85,29.94,366.0,Very Poor
Delhi,2020-01-05,170.21,257.94,48.25,1.23,9.59,30.21,354.0,Very Poor
Delhi,2020-01-06,159.64,247.47,51.19,1.27,11.34,21.99,335.0,Very Poor
Delhi,2020-01-07,120.31,176.22,44.9,1.18,12.74,22.82,285.0,Poor
Delhi,2020-01-08,117.98,145.85,38.64,1.13,8.67,17.63,281.0,Poor
Delhi,2020-01-09,89.26,132.06,32.3,0.89,7.28,22.0,231.0,Poor
Delhi,2020-01-10,130.82,203.54,45.12,1.3,9.44,27.25,255.0,Poor
Delhi,2020-01-11,151.1,245.62,53.28,1.54,11.65,30.98,309.0,Very Poor
Delhi,2020-01-12,207.23,325.36,59.91,2.26,12.35,32.47,352.0,Very Poor
Delhi,2020-01-13,218.98,329.77,55.04,2.11,11.59,27.98,381.0,Very Poor
Delhi,2020-01-14,115.62,163.67,38.08,1.16,9.24,21.62,314.0,Very Poor
Delhi,2020-01-15,111.57,179.08,47.45,1.17,10.68,26.19,241.0,Poor
Delhi,2020-01-16,139.06,197.9,44.21,1.11,10.44,18.63,286.0,Poor
Delhi,2020-01-17,107.65,152.98,36.19,1.14,9.69,18.97,287.0,Poor
Delhi,2020-01-18,125.3,198.24,43.78,1.32,9.65,19.93,262.0,Poor
Delhi,2020-01-19,125.04,187.93,34.18,0.96,8.69,25.86,290.0,Poor
Delhi,2020-01-20,142.18,225.67,38.21,1.39,9.65,24.64,282.0,Poor
Delhi,2020-01-21,222.81,348.45,48.18,1.93,12.24,27.6,359.0,Very Poor
Delhi,2020-01-22,198.88,296.98,44.3,1.9,10.95,24.63,378.0,Very Poor
Delhi,2020-01-23,74.45,137.61,35.26,0.79,8.71,27.73,273.0,Poor
Delhi,2020-01-24,79.83,151.81,44.0,0.99,10.73,30.53,155.0,Moderate
Delhi,2020-01-25,136.72,240.57,56.31,1.48,12.36,26.8,251.0,Poor
Delhi,2020-01-26,201.2,309.09,50.94,2.09,12.81,32.7,349.0,Very Poor
Delhi,2020-01-27,209.97,330.91,67.09,2.19,14.72,26.6,365.0,Very Poor
Delhi,2020-01-28,104.45,149.12,42.01,1.26,11.12,23.29,302.0,Very Poor
Delhi,2020-01-29,77.95,134.17,42.24,1.24,9.85,23.96,218.0,Poor
Delhi,2020-01-30,91.56,168.43,45.04,1.08,10.06,24.23,195.0,Moderate
Delhi,2020-01-31,92.04,170.33,47.35,1.1,9.9,24.36,203.0,Poor
Delhi,2020-02-01,112.13,201.19,44.25,1.26,10.02,29.22,244.0,Poor
Delhi,2020-02-02,120.86,200.9,45.28,1.2,10.32,29.69,254.0,Poor
Delhi,2020-02-03,138.5,243.43,53.71,1.51,11.4,33.94,297.0,Poor
Delhi,2020-02-04,188.42,340.56,64.8,2.21,15.26,41.0,336.0,Very Poor
Delhi,2020-02-05,150.08,255.41,53.35,1.3,13.31,32.03,344.0,Very Poor
Delhi,2020-02-06,118.57,205.43,51.82,1.18,12.08,33.75,277.0,Poor
Delhi,2020-02-07,150.15,253.82,58.46,1.51,14.21,34.75,307.0,Very Poor
Delhi,2020-02-08,149.67,238.17,47.55,1.16,14.39,35.72,315.0,Very Poor
Delhi,2020-02-09,151.43,247.62,50.75,1.29,14.64,36.29,310.0,Very Poor
Delhi,2020-02-10,174.4,292.44,56.48,1.61,14.83,31.92,328.0,Very Poor
Delhi,2020-02-11,176.57,306.12,60.12,1.89,14.37,37.22,347.0,Very Poor
Delhi,2020-02-12,172.12,295.05,55.96,1.29,16.24,37.86,343.0,Very Poor
Delhi,2020-02-13,95.72,179.78,41.59,0.95,16.49,36.8,279.0,Poor
Delhi,2020-02-14,73.84,172.28,34.6,0.82,13.53,43.62,186.0,Moderate
Delhi,2020-02-15,83.07,174.78,44.57,0.91,17.59,42.21,174.0,Moderate
Delhi,2020-02-16,132.63,237.81,57.15,1.38,19.61,40.01,254.0,Poor
Delhi,2020-02-17,158.69,282.84,61.17,1.61,18.85,38.6,323.0,Very Poor
Delhi,2020-02-18,125.53,238.91,59.91,1.39,23.01,42.7,292.0,Poor
Delhi,2020-02-19,138.46,286.39,59.9,2.0,20.13,44.29,300.0,Poor
Delhi,2020-02-20,98.84,223.69,44.05,0.99,14.91,55.32,253.0,Poor
Delhi,2020-02-21,53.11,85.49,33.27,0.83,10.45,39.58,170.0,Moderate
Delhi,2020-02-22,63.62,123.44,41.23,1.2,13.38,32.03,104.0,Moderate
Delhi,2020-02-23,105.71,182.2,42.24,1.26,14.3,35.15,221.0,Poor
Delhi,2020-02-24,70.59,145.05,44.2,1.02,15.94,33.36,169.0,Moderate
Delhi,2020-02-25,127.75,224.02,46.76,1.22,18.24,35.32,244.0,Poor
Delhi,2020-02-26,141.81,258.62,50.67,1.54,17.61,38.64,303.0,Very Poor
Delhi,2020-02-27,107.28,203.77,46.15,1.23,14.7,36.36,270.0,Poor
Delhi,2020-02-28,83.48,161.36,33.92,0.97,11.55,41.53,214.0,Poor
Delhi,2020-02-29,60.01,115.82,33.98,0.83,12.05,37.35,144.0,Moderate
Delhi,2020-03-01,42.83,91.88,40.73,0.97,12.19,39.84,105.0,Moderate
Delhi,2020-03-02,99.34,203.51,50.23,1.58,15.81,36.64,192.0,Moderate
Delhi,2020-03-03,86.26,188.73,46.6,1.22,15.48,32.39,226.0,Poor
Delhi,2020-03-04,82.9,193.79,45.62,1.1,16.22,41.77,200.0,Moderate
Delhi,2020-03-05,31.43,67.5,32.97,0.81,11.32,36.98,112.0,Moderate
Delhi,2020-03-06,21.32,38.5,33.71,0.87,10.42,33.52,82.0,Satisfactory
Delhi,2020-03-07,40.96,85.45,35.53,0.82,11.84,35.47,77.0,Satisfactory
Delhi,2020-03-08,72.1,140.22,37.14,1.11,12.61,34.59,156.0,Moderate
Delhi,2020-03-09,58.04,133.75,32.29,0.75,13.33,34.54,138.0,Moderate
Delhi,2020-03-10,84.35,160.91,30.22,0.84,17.21,47.66,186.0,Moderate
Delhi,2020-03-11,55.19,112.57,29.76,0.76,13.82,42.36,128.0,Moderate
Delhi,2020-03-12,56.92,155.18,36.74,0.94,13.68,34.27,125.0,Moderate
Delhi,2020-03-13,68.72,209.02,40.53,0.87,15.42,37.42,170.0,Moderate
Delhi,2020-03-14,39.41,85.26,34.59,0.76,11.59,29.17,131.0,Moderate
Delhi,2020-03-15,60.99,124.24,41.09,0.9,13.92,37.25,124.0,Moderate
Delhi,2020-03-16,61.61,144.37,41.52,0.89,14.8,38.38,148.0,Moderate
Delhi,2020-03-17,69.7,160.15,43.5,1.0,15.06,40.59,164.0,Moderate
Delhi,2020-03-18,68.93,162.56,45.86,1.07,14.93,41.73,162.0,Moderate
Delhi,2020-03-19,90.62,195.15,45.67,1.14,17.66,43.16,191.0,Moderate
Delhi,2020-03-20,90.31,200.79,51.26,1.24,19.71,48.23,209.0,Poor
Delhi,2020-03-21,82.39,184.81,46.04,1.18,18.55,43.19,205.0,Poor
Delhi,2020-03-22,78.61,134.46,29.85,0.92,16.63,47.67,198.0,Moderate
Delhi,2020-03-23,54.26,100.55,25.96,0.78,15.17,46.48,127.0,Moderate
Delhi,2020-03-24,55.85,103.62,27.07,0.81,15.81,38.23,124.0,Moderate
Delhi,2020-03-25,37.87,68.03,21.11,0.68,11.49,32.11,92.0,Satisfactory
Delhi,2020-03-26,45.69,75.81,16.58,0.58,12.82,30.59,93.0,Satisfactory
Delhi,2020-03-27,26.89,45.48,15.32,0.53,11.04,27.38,76.0,Satisfactory
Delhi,2020-03-28,21.23,34.15,17.52,0.54,10.28,25.06,51.0,Satisfactory
Delhi,2020-03-29,27.59,55.75,16.6,0.52,10.39,35.75,64.0,Satisfactory
Delhi,2020-03-30,35.08,64.66,17.52,0.58,12.47,40.26,74.0,Satisfactory
Delhi,2020-03-31,35.31,67.01,18.03,0.56,12.33,40.96,81.0,Satisfactory
Delhi,2020-04-01,32.88,65.84,19.17,0.62,13.0,35.06,80.0,Satisfactory
Delhi,2020-04-02,28.51,61.06,17.18,0.6,10.84,39.47,78.0,Satisfactory
Delhi,2020-04-03,31.36,62.69,20.07,0.61,11.99,46.82,84.0,Satisfactory
Delhi,2020-04-04,40.79,77.64,22.38,0.68,12.59,41.26,90.0,Satisfactory
Delhi,2020-04-05,51.79,96.88,24.42,0.81,16.03,44.55,103.0,Moderate
Delhi,2020-04-06,59.91,114.88,24.37,0.81,15.59,44.16,134.0,Moderate
Delhi,2020-04-07,33.12,94.02,19.27,0.6,13.46,42.65,100.0,Satisfactory
Delhi,2020-04-08,29.7,79.04,18.56,0.56,12.85,45.8,91.0,Satisfactory
Delhi,2020-04-09,36.13,76.32,21.37,0.66,14.2,48.34,89.0,Satisfactory
Delhi,2020-04-10,57.67,112.93,27.12,0.81,16.32,40.36,111.0,Moderate
Delhi,2020-04-11,53.03,118.1,23.64,0.83,18.38,49.51,126.0,Moderate
Delhi,2020-04-12,38.57,92.7,17.59,0.67,15.7,50.15,102.0,Moderate
Delhi,2020-04-13,60.6,136.77,23.4,0.83,19.86,41.07,119.0,Moderate
Delhi,2020-04-14,58.22,144.7,25.71,0.93,17.38,40.74,134.0,Moderate
Delhi,2020-04-15,58.31,190.98,24.55,0.93,14.89,38.22,152.0,Moderate
Delhi,2020-04-16,69.8,191.17,25.01,0.94,19.42,41.87,172.0,Moderate
Delhi,2020-04-17,26.93,89.58,15.83,0.64,14.08,53.53,123.0,Moderate
Delhi,2020-04-18,29.09,102.53,15.45,0.68,12.63,49.14,102.0,Moderate
Delhi,2020-04-19,35.49,73.86,19.72,0.71,13.17,40.53,95.0,Satisfactory
Delhi,2020-04-20,52.86,113.25,24.56,1.02,15.06,32.67,115.0,Moderate
Delhi,2020-04-21,37.17,87.27,19.64,0.82,15.36,48.56,102.0,Moderate
Delhi,2020-04-22,58.25,130.99,24.79,0.86,17.34,46.94,122.0,Moderate
Delhi,2020-04-23,54.71,127.82,24.83,0.91,17.39,43.99,129.0,Moderate
Delhi,2020-04-24,65.91,138.46,25.62,0.99,18.62,47.98,143.0,Moderate
Delhi,2020-04-25,33.09,85.83,18.68,0.75,12.76,54.53,121.0,Moderate
Delhi,2020-04-26,40.24,117.1,17.45,0.77,16.21,47.16,119.0,Moderate
Delhi,2020-04-27,27.18,53.02,14.8,0.76,15.59,53.43,98.0,Satisfactory
Delhi,2020-04-28,41.75,80.36,17.35,0.86,17.6,58.96,105.0,Moderate
Delhi,2020-04-29,55.18,114.91,20.11,0.91,19.08,58.57,123.0,Moderate
Delhi,2020-04-30,49.96,115.63,17.61,0.84,17.42,59.55,128.0,Moderate
Delhi,2020-05-01,61.04,143.11,18.46,0.89,17.52,56.81,140.0,Moderate
Delhi,2020-05-02,34.67,107.36,14.36,0.76,13.0,60.45,127.0,Moderate
Delhi,2020-05-03,32.56,83.02,15.14,0.68,11.94,49.04,110.0,Moderate
Delhi,2020-05-04,26.63,60.59,16.95,0.72,11.92,50.56,92.0,Satisfactory
Delhi,2020-05-05,56.24,115.91,21.36,0.87,16.4,52.12,117.0,Moderate
Delhi,2020-05-06,58.44,169.61,21.88,0.89,15.78,53.95,139.0,Moderate
Delhi,2020-05-07,36.02,88.35,17.97,0.73,13.6,73.11,140.0,Moderate
Delhi,2020-05-08,51.09,120.82,21.66,0.83,13.82,74.28,138.0,Moderate
Delhi,2020-05-09,54.18,126.9,17.65,0.85,13.33,76.32,142.0,Moderate
Delhi,2020-05-10,44.3,110.39,16.46,0.74,12.02,63.71,127.0,Moderate
Delhi,2020-05-11,43.26,93.49,19.53,0.76,12.66,64.6,113.0,Moderate
Delhi,2020-05-12,43.19,94.4,18.49,0.75,13.84,64.1,122.0,Moderate
Delhi,2020-05-13,68.8,159.2,21.34,0.9,15.41,52.2,132.0,Moderate
Delhi,2020-05-14,56.17,126.53,25.12,0.89,12.92,50.22,154.0,Moderate
Delhi,2020-05-15,47.44,101.93,23.45,0.84,13.71,53.08,125.0,Moderate
Delhi,2020-05-16,81.87,151.8,26.17,0.99,16.19,63.12,175.0,Moderate
Delhi,2020-05-17,98.63,187.24,31.96,1.06,20.19,59.79,202.0,Poor
Delhi,2020-05-18,101.02,192.68,34.76,1.12,22.11,53.55,222.0,Poor
Delhi,2020-05-19,106.63,208.65,42.67,1.31,20.41,57.05,238.0,Poor
Delhi,2020-05-20,67.8,155.41,32.8,1.03,18.96,62.34,196.0,Moderate
Delhi,2020-05-21,55.92,163.77,31.36,1.09,18.99,62.56,149.0,Moderate
Delhi,2020-05-22,94.37,213.47,45.36,1.31,26.05,55.45,199.0,Moderate
Delhi,2020-05-23,74.92,209.49,42.43,1.16,17.05,41.87,202.0,Poor
Delhi,2020-05-24,55.37,179.3,27.35,0.87,17.11,53.31,174.0,Moderate
Delhi,2020-05-25,61.46,162.41,30.92,0.94,21.3,54.74,157.0,Moderate
Delhi,2020-05-26,55.38,190.11,37.79,1.1,16.82,38.73,153.0,Moderate
Delhi,2020-05-27,43.22,161.76,26.95,0.83,14.49,66.77,156.0,Moderate
Delhi,2020-05-28,39.07,229.55,17.1,0.8,11.68,55.92,174.0,Moderate
Delhi,2020-05-29,24.62,66.66,19.02,0.77,9.95,47.48,129.0,Moderate
Delhi,2020-05-30,23.09,53.19,18.51,0.84,9.95,50.29,84.0,Satisfactory
Delhi,2020-05-31,21.51,40.43,17.05,0.84,9.06,42.29,80.0,Satisfactory
Delhi,2020-06-01,41.05,80.47,22.99,0.96,14.02,50.57,100.0,Satisfactory
Delhi,2020-06-02,45.9,98.32,24.78,0.92,12.71,50.06,123.0,Moderate
Delhi,2020-06-03,50.62,114.01,28.02,0.9,15.91,52.16,123.0,Moderate
Delhi,2020-06-04,68.24,143.79,34.11,1.09,17.97,39.14,144.0,Moderate
Delhi,2020-06-05,42.43,87.05,25.87,0.87,12.46,44.83,126.0,Moderate
Delhi,2020-06-06,35.14,80.49,21.25,0.82,10.69,51.46,102.0,Moderate
Delhi,2020-06-07,39.99,91.17,22.65,0.86,11.89,45.4,104.0,Moderate
Delhi,2020-06-08,46.9,103.27,25.81,0.94,15.78,51.77,112.0,Moderate
Delhi,2020-06-09,64.77,148.67,32.01,1.01,15.06,49.14,138.0,Moderate
Delhi,2020-06-10,58.9,156.29,34.31,1.03,14.12,40.8,154.0,Moderate
Delhi,2020-06-11,54.69,134.36,30.94,0.91,12.74,40.63,142.0,Moderate
Delhi,2020-06-12,64.0,152.7,30.05,1.06,12.9,43.37,152.0,Moderate
Delhi,2020-06-13,52.36,129.33,25.46,0.95,10.59,34.95,132.0,Moderate
Delhi,2020-06-14,71.08,150.28,26.01,1.04,13.57,38.86,147.0,Moderate
Delhi,2020-06-15,48.69,120.23,25.95,0.88,12.57,48.39,130.0,Moderate
Delhi,2020-06-16,39.87,107.99,24.58,0.88,12.08,51.4,126.0,Moderate
Delhi,2020-06-17,34.35,92.58,16.94,0.78,10.84,48.72,110.0,Moderate
Delhi,2020-06-18,36.84,100.62,18.32,0.82,12.19,47.98,107.0,Moderate
Delhi,2020-06-19,57.6,205.56,17.78,0.86,11.98,40.95,132.0,Moderate
Delhi,2020-06-20,35.96,108.73,20.37,0.8,10.98,36.24,158.0,Moderate
Delhi,2020-06-21,39.7,95.63,23.7,0.85,11.71,33.92,105.0,Moderate
Delhi,2020-06-22,39.47,77.48,20.61,0.91,11.08,42.76,104.0,Moderate
Delhi,2020-06-23,29.02,64.12,16.39,0.88,11.09,28.64,85.0,Satisfactory
Delhi,2020-06-24,30.91,62.61,16.84,0.89,11.02,24.77,71.0,Satisfactory
Delhi,2020-06-25,38.37,77.76,21.41,1.02,11.28,25.92,86.0,Satisfactory
Delhi,2020-06-26,50.01,112.08,22.06,1.01,11.66,24.82,104.0,Moderate
Delhi,2020-06-27,39.8,155.94,21.46,0.87,10.38,18.88,112.0,Moderate
Delhi,2020-06-28,59.52,308.65,21.6,0.94,10.7,18.05,196.0,Moderate
Delhi,2020-06-29,44.86,184.12,21.57,0.88,11.58,26.61,233.0,Poor
Delhi,2020-06-30,39.8,91.98,17.96,0.84,10.51,37.29,114.0,Moderate
Delhi,2020-07-01,54.01,128.66,21.05,0.97,11.15,29.73,101.0,Moderate
Gurugram,2017-12-31,217.74,395.4,23.48,2.25,7.07,18.47,365.0,Very Poor
Gurugram,2018-01-01,329.12,17.16,24.02,2.31,8.7,19.58,410.0,Severe
Gurugram,2018-01-03,230.85,444.17,19.46,2.26,8.35,16.49,444.0,Severe
Gurugram,2018-01-04,179.21,339.33,21.19,2.27,8.56,18.69,354.0,Very Poor
Gurugram,2018-01-05,240.06,380.12,19.77,2.46,8.1,19.16,371.0,Very Poor
Gurugram,2018-01-06,293.84,434.45,22.95,2.82,8.73,19.47,422.0,Severe
Gurugram,2018-01-07,181.67,408.64,20.24,2.67,7.24,24.91,410.0,Severe
Gurugram,2018-01-08,166.13,342.33,19.77,2.59,7.53,27.37,328.0,Very Poor
Gurugram,2018-01-09,238.69,436.51,19.26,2.65,7.97,26.25,371.0,Very Poor
Gurugram,2018-01-10,159.63,254.48,25.92,2.52,6.53,33.08,367.0,Very Poor
Gurugram,2018-01-11,129.14,226.75,20.41,2.31,7.02,40.11,311.0,Very Poor
Gurugram,2018-01-12,145.9,297.21,17.25,2.38,8.32,28.86,312.0,Very Poor
Gurugram,2018-01-13,191.49,356.04,18.55,2.7,9.71,24.53,356.0,Very Poor
Gurugram,2018-01-14,159.67,315.22,20.07,2.83,8.37,26.16,344.0,Very Poor
Gurugram,2018-01-15,172.6,291.64,20.9,2.13,6.76,34.78,335.0,Very Poor
Gurugram,2018-01-16,84.4,200.5,23.32,1.49,8.21,41.55,231.0,Poor
Gurugram,2018-01-17,204.16,342.67,24.21,1.46,7.14,25.9,300.0,Poor
Gurugram,2018-01-18,214.5,312.18,21.92,1.84,8.63,22.37,382.0,Very Poor
Gurugram,2018-01-19,229.15,666.72,25.37,1.67,7.04,24.74,377.0,Very Poor
Gurugram,2018-01-29,200.38,253.13,19.5,1.58,11.87,19.58,375.0,Very Poor
Gurugram,2018-01-30,133.82,257.28,25.17,1.4,5.29,22.04,309.0,Very Poor
Gurugram,2018-01-31,138.5,286.09,24.49,1.63,7.26,26.68,292.0,Poor
Gurugram,2018-02-01,134.25,253.95,21.94,1.66,8.99,18.05,302.0,Very Poor
Gurugram,2018-02-02,162.5,351.43,20.99,1.52,6.69,20.04,328.0,Very Poor
Gurugram,2018-02-03,116.74,247.25,22.73,1.48,7.93,26.56,279.0,Poor
Gurugram,2018-02-04,125.94,276.56,22.13,1.44,8.47,33.25,257.0,Poor
Gurugram,2018-02-05,138.97,287.61,14.39,1.51,9.21,17.54,288.0,Poor
Gurugram,2018-02-06,145.36,289.85,14.59,1.55,12.27,15.55,316.0,Very Poor
Gurugram,2018-02-07,122.79,245.86,13.9,1.58,10.53,19.19,273.0,Poor
Gurugram,2018-02-08,162.47,298.95,14.57,1.52,12.6,14.92,324.0,Very Poor
Gurugram,2018-02-09,186.96,401.91,14.73,1.89,11.09,19.09,345.0,Very Poor
Gurugram,2018-02-10,160.71,273.52,15.16,1.98,12.14,15.98,339.0,Very Poor
Gurugram,2018-02-11,139.72,247.37,13.5,1.81,10.05,15.6,324.0,Very Poor
Gurugram,2018-02-12,91.94,157.27,18.77,1.51,9.75,22.96,263.0,Poor
Gurugram,2018-02-13,101.11,151.24,19.12,1.63,7.11,37.9,196.0,Moderate
Gurugram,2018-02-14,106.08,123.5,40.25,0.88,1.71,57.6,272.0,Poor
Gurugram,2018-03-07,53.53,132.16,49.61,1.02,1.66,82.67,165.0,Moderate
Gurugram,2018-03-18,72.49,136.34,36.15,0.0,1.87,47.61,172.0,Moderate
Gurugram,2018-03-27,81.94,189.2,37.89,0.75,21.43,57.27,182.0,Moderate
Gurugram,2018-05-01,57.47,137.77,12.64,0.22,1.07,30.91,136.0,Moderate
Gurugram,2018-05-25,127.06,180.86,28.58,0.25,1.71,19.88,308.0,Very Poor
Gurugram,2018-05-26,110.31,183.75,37.96,0.75,2.62,22.34,289.0,Poor
Gurugram,2018-05-27,154.28,175.09,38.3,0.66,2.37,19.37,253.0,Poor
Gurugram,2018-05-28,130.49,224.05,30.64,0.48,1.67,41.57,279.0,Poor
Gurugram,2018-05-29,154.59,248.04,33.08,0.82,1.93,36.16,323.0,Very Poor
Gurugram,2018-05-30,115.04,210.3,28.38,0.69,1.14,37.31,296.0,Poor
Gurugram,2018-05-31,98.26,169.52,31.75,0.8,1.47,27.83,242.0,Poor
Gurugram,2018-06-01,110.07,228.87,27.94,0.81,1.19,40.98,216.0,Poor
Gurugram,2018-06-02,75.9,145.61,27.59,0.75,0.87,47.83,236.0,Poor
Gurugram,2018-06-03,65.38,130.7,27.61,0.82,1.14,44.26,132.0,Moderate
Gurugram,2018-06-04,82.98,159.65,26.74,0.82,0.98,43.96,144.0,Moderate
Gurugram,2018-06-05,69.94,134.44,24.67,0.8,1.05,40.79,162.0,Moderate
Gurugram,2018-06-06,75.87,148.17,26.52,0.82,1.11,32.66,146.0,Moderate
Gurugram,2018-06-07,76.26,139.54,28.71,0.77,0.99,37.78,150.0,Moderate
Gurugram,2018-09-30,81.18,210.02,22.71,0.72,3.57,36.9,211.0,Poor
Gurugram,2018-10-01,73.69,217.73,27.4,0.83,4.36,34.57,183.0,Moderate
Gurugram,2018-10-02,94.13,213.48,27.21,0.85,4.22,36.78,199.0,Moderate
Gurugram,2018-10-03,79.82,183.93,17.98,0.86,6.03,36.83,193.0,Moderate
Gurugram,2018-10-04,109.59,196.31,17.15,1.05,6.63,40.47,240.0,Poor
Gurugram,2018-10-05,157.04,261.61,16.88,1.51,10.76,54.69,286.0,Poor
Gurugram,2018-10-06,117.02,236.07,16.42,0.8,8.04,37.65,307.0,Very Poor
Gurugram,2018-10-07,109.68,258.34,16.92,0.81,14.16,46.08,254.0,Poor
Gurugram,2018-10-08,139.15,309.92,34.39,1.02,7.41,52.99,280.0,Poor
Gurugram,2018-10-09,136.28,237.1,55.75,1.0,8.6,54.83,316.0,Very Poor
Gurugram,2018-10-10,96.1,186.32,57.05,0.99,7.52,50.92,284.0,Poor
Gurugram,2018-10-11,110.19,196.54,55.87,0.8,5.18,33.5,245.0,Poor
Gurugram,2018-10-12,134.13,164.1,52.45,0.97,6.96,39.27,242.0,Poor
Gurugram,2018-10-13,133.97,242.65,44.26,1.03,8.38,43.81,295.0,Poor
Gurugram,2018-10-14,134.47,224.57,47.0,0.93,6.27,44.61,293.0,Poor
Gurugram,2018-10-15,121.49,278.45,56.2,1.34,8.42,47.56,256.0,Poor
Gurugram,2018-10-17,147.66,279.22,57.27,1.44,9.88,39.77,301.0,Very Poor
Gurugram,2018-10-18,162.48,271.89,59.73,1.0,9.53,32.67,329.0,Very Poor
Gurugram,2018-10-19,159.55,292.22,32.5,0.96,7.43,47.01,317.0,Very Poor
Gurugram,2018-10-20,192.38,338.49,39.28,1.11,10.96,41.02,362.0,Very Poor
Gurugram,2018-10-21,233.09,288.47,28.98,1.24,8.66,37.66,386.0,Very Poor
Gurugram,2018-10-22,126.27,251.38,30.62,1.27,8.25,34.98,315.0,Very Poor
Gurugram,2018-10-23,147.67,262.3,42.88,1.02,15.08,32.8,307.0,Very Poor
Gurugram,2018-10-24,176.23,320.25,43.77,1.09,9.78,40.98,329.0,Very Poor
Gurugram,2018-10-25,200.56,305.58,63.88,1.1,12.77,40.18,347.0,Very Poor
Gurugram,2018-10-27,222.63,264.11,68.92,1.1,12.69,40.89,390.0,Very Poor
Gurugram,2018-10-28,244.57,342.22,40.73,0.85,12.22,39.85,393.0,Very Poor
Gurugram,2018-10-29,231.84,333.34,41.14,0.84,12.27,34.63,380.0,Very Poor
Gurugram,2018-10-30,271.91,354.56,57.25,1.11,16.35,38.91,407.0,Severe
Gurugram,2018-10-31,246.16,306.31,54.83,0.95,11.77,35.83,400.0,Very Poor
Gurugram,2018-11-01,236.55,280.89,49.81,1.01,13.67,39.88,402.0,Severe
Gurugram,2018-11-02,218.31,317.43,40.28,0.77,10.39,46.08,382.0,Very Poor
Gurugram,2018-11-03,178.76,295.81,18.37,0.89,7.5,56.68,360.0,Very Poor
Gurugram,2018-11-04,112.17,177.09,14.74,0.63,9.21,55.2,288.0,Poor
Gurugram,2018-11-05,279.25,494.66,27.22,0.83,12.66,32.01,359.0,Very Poor
Gurugram,2018-11-06,161.84,286.56,24.28,1.11,10.0,44.16,379.0,Very Poor
Gurugram,2018-11-07,122.69,229.87,29.92,1.0,9.13,45.72,279.0,Poor
Gurugram,2018-11-08,274.14,323.94,52.77,1.55,19.95,31.18,366.0,Very Poor
Gurugram,2018-11-09,254.56,341.94,47.71,1.07,12.53,34.78,420.0,Severe
Gurugram,2018-11-10,234.57,378.33,56.69,0.89,10.78,33.8,386.0,Very Poor
Gurugram,2018-11-11,186.09,317.01,55.8,0.92,12.31,38.34,375.0,Very Poor
Gurugram,2018-11-12,163.74,343.01,70.85,1.06,14.47,33.9,321.0,Very Poor
Gurugram,2018-11-13,198.94,356.89,63.71,0.93,10.42,27.92,339.0,Very Poor
Gurugram,2018-11-14,115.37,195.14,39.46,1.08,8.28,19.92,329.0,Very Poor
Gurugram,2018-11-15,99.24,155.21,29.47,0.95,7.72,21.79,227.0,Poor
Gurugram,2018-11-16,134.26,227.26,20.84,0.88,7.99,29.97,294.0,Poor
Gurugram,2018-11-17,123.66,218.88,30.37,0.91,10.88,27.47,260.0,Poor
Gurugram,2018-11-18,124.15,200.83,37.57,0.86,11.68,22.4,295.0,Poor
Gurugram,2018-11-19,147.1,261.71,22.95,0.88,12.94,42.72,289.0,Poor
Gurugram,2018-11-20,190.98,327.57,28.02,1.02,10.36,27.8,338.0,Very Poor
Gurugram,2018-11-21,194.91,355.08,31.2,1.15,11.32,21.4,375.0,Very Poor
Gurugram,2018-11-22,121.51,196.83,41.9,1.05,12.98,19.29,306.0,Very Poor
Gurugram,2018-11-23,159.05,262.39,30.75,0.83,10.09,29.13,318.0,Very Poor
Gurugram,2018-11-24,96.86,192.94,18.94,0.61,9.07,38.44,284.0,Poor
Gurugram,2018-11-25,125.26,239.99,32.79,0.41,12.57,45.71,272.0,Poor
Gurugram,2018-11-26,163.8,292.38,41.26,0.63,14.28,44.96,314.0,Very Poor
Gurugram,2018-11-27,149.7,229.99,39.19,0.89,13.85,41.87,337.0,Very Poor
Gurugram,2018-11-28,133.58,235.22,30.8,1.04,11.85,38.0,277.0,Poor
Gurugram,2018-11-29,148.85,303.5,26.66,0.65,11.76,39.95,295.0,Poor
Gurugram,2018-11-30,140.45,318.04,26.11,0.71,9.9,37.26,275.0,Poor
Gurugram,2018-12-01,119.25,255.28,26.8,0.81,12.73,36.36,267.0,Poor
Gurugram,2018-12-02,81.43,107.25,24.59,0.82,11.86,36.75,191.0,Moderate
Gurugram,2018-12-03,113.31,212.23,26.46,0.65,13.5,42.6,222.0,Poor
Gurugram,2018-12-04,147.68,247.54,26.8,1.0,20.13,40.43,299.0,Poor
Gurugram,2018-12-05,144.35,276.72,21.89,0.7,11.2,18.37,307.0,Very Poor
Gurugram,2018-12-06,174.45,263.58,22.51,0.62,21.96,11.67,339.0,Very Poor
Gurugram,2018-12-07,191.18,354.49,22.54,0.59,12.94,13.02,369.0,Very Poor
Gurugram,2018-12-08,163.91,295.23,24.64,0.8,21.53,17.24,368.0,Very Poor
Gurugram,2018-12-09,161.45,345.6,25.46,0.96,13.18,18.39,280.0,Poor
Gurugram,2018-12-10,178.2,348.94,35.31,0.65,9.3,23.87,285.0,Poor
Gurugram,2018-12-11,230.83,345.64,51.35,0.67,12.0,33.31,377.0,Very Poor
Gurugram,2018-12-12,176.72,284.33,51.14,0.67,9.08,27.44,389.0,Very Poor
Gurugram,2018-12-13,87.31,166.85,32.39,0.68,9.14,23.86,222.0,Poor
Gurugram,2018-12-14,79.02,146.35,44.44,0.47,5.51,26.79,189.0,Moderate
Gurugram,2018-12-15,83.98,198.33,59.84,0.43,0.73,27.73,176.0,Moderate
Gurugram,2018-12-16,67.26,205.79,59.54,0.48,5.5,28.54,148.0,Moderate
Gurugram,2018-12-17,94.16,281.59,61.41,0.55,7.93,25.1,172.0,Moderate
Gurugram,2018-12-18,102.5,271.67,34.88,0.46,8.79,30.65,230.0,Poor
Gurugram,2018-12-19,105.02,256.6,47.71,0.4,14.62,30.66,210.0,Poor
Gurugram,2018-12-20,133.58,265.0,80.65,0.45,11.98,31.04,288.0,Poor
Gurugram,2018-12-21,112.7,430.89,79.05,0.49,11.16,32.6,276.0,Poor
Gurugram,2018-12-24,155.15,324.22,104.4,0.65,14.0,28.84,305.0,Very Poor
Gurugram,2018-12-25,177.18,422.25,40.53,0.43,8.0,28.69,362.0,Very Poor
Gurugram,2018-12-26,156.46,277.78,49.95,0.35,9.28,25.04,321.0,Very Poor
Gurugram,2018-12-27,166.81,249.36,46.58,0.37,16.54,26.76,327.0,Very Poor
Gurugram,2018-12-28,194.52,347.86,23.88,1.16,4.91,29.99,353.0,Very Poor
Gurugram,2018-12-29,197.45,339.25,48.11,3.13,9.71,26.66,360.0,Very Poor
Gurugram,2018-12-30,304.47,303.52,80.68,1.71,35.77,26.9,423.0,Severe
Gurugram,2018-12-31,309.14,401.63,68.8,1.83,43.29,23.11,463.0,Severe
Gurugram,2019-01-01,296.93,359.69,58.38,1.2,31.63,23.92,450.0,Severe
Gurugram,2019-01-02,305.58,374.92,40.14,0.82,25.86,26.45,433.0,Severe
Gurugram,2019-01-03,314.48,447.79,39.5,1.48,27.05,22.61,462.0,Severe
Gurugram,2019-01-04,189.0,381.14,29.14,1.42,13.58,15.31,384.0,Very Poor
Gurugram,2019-01-05,218.77,408.1,31.7,1.32,22.35,20.82,392.0,Very Poor
Gurugram,2019-01-06,127.51,244.67,26.48,1.1,28.49,30.05,332.0,Very Poor
Gurugram,2019-01-07,127.98,242.82,20.86,0.97,17.6,20.97,279.0,Poor
Gurugram,2019-01-08,121.68,236.75,19.67,0.79,22.02,30.93,308.0,Very Poor
Gurugram,2019-01-09,100.59,204.36,19.23,0.76,18.62,38.85,271.0,Poor
Gurugram,2019-01-10,91.83,193.45,30.28,0.87,15.92,33.12,210.0,Poor
Gurugram,2019-01-11,179.83,321.81,69.1,1.06,18.72,33.27,313.0,Very Poor
Gurugram,2019-01-12,182.46,273.91,57.5,1.01,20.71,37.12,348.0,Very Poor
Gurugram,2019-01-13,175.61,392.23,33.49,1.12,21.44,39.99,342.0,Very Poor
Gurugram,2019-01-14,69.18,131.77,18.2,1.18,15.57,43.53,275.0,Poor
Gurugram,2019-01-16,163.92,302.49,63.23,1.48,10.28,33.66,298.0,Poor
Gurugram,2019-01-17,237.94,498.8,45.69,2.24,5.18,43.84,367.0,Very Poor
Gurugram,2019-01-18,176.96,370.39,29.56,1.81,9.18,31.96,405.0,Severe
Gurugram,2019-01-19,178.96,444.6,55.67,2.47,12.61,36.36,349.0,Very Poor
Gurugram,2019-01-21,101.19,138.97,27.17,2.23,5.22,36.04,260.0,Poor
Gurugram,2019-01-22,51.48,70.62,24.07,1.91,5.35,32.21,143.0,Moderate
Gurugram,2019-01-23,105.71,212.62,21.02,2.84,6.7,26.46,153.0,Moderate
Gurugram,2019-01-24,114.82,194.17,23.48,2.31,6.31,28.39,294.0,Poor
Gurugram,2019-01-25,58.17,115.89,18.38,1.78,4.68,33.32,161.0,Moderate
Gurugram,2019-01-26,82.66,167.36,17.67,1.96,4.97,42.61,170.0,Moderate
Gurugram,2019-01-27,97.78,181.3,17.93,1.95,4.63,43.9,201.0,Poor
Gurugram,2019-01-28,97.11,151.06,34.71,1.81,5.6,53.27,213.0,Poor
Gurugram,2019-01-29,80.94,161.45,32.89,2.28,5.52,45.07,194.0,Moderate
Gurugram,2019-01-30,125.78,249.16,54.93,2.68,4.37,31.88,255.0,Poor
Gurugram,2019-01-31,129.19,171.03,56.86,2.47,6.28,35.82,309.0,Very Poor
Gurugram,2019-02-01,121.31,223.06,31.17,2.47,2.64,41.25,258.0,Poor
Gurugram,2019-02-02,117.86,241.0,21.52,2.02,4.0,29.17,302.0,Very Poor
Gurugram,2019-02-03,79.97,176.06,18.6,2.63,4.0,28.49,232.0,Poor
Gurugram,2019-02-04,90.9,175.62,29.19,2.86,4.27,29.86,205.0,Poor
Gurugram,2019-02-05,112.5,158.77,11.78,3.5,3.28,40.67,234.0,Poor
Gurugram,2019-02-06,98.51,192.74,95.41,0.46,3.27,33.39,269.0,Poor
Gurugram,2019-02-08,55.96,174.76,40.68,0.23,6.66,19.62,123.0,Moderate
Gurugram,2019-02-09,49.02,121.29,44.31,0.18,3.92,19.92,125.0,Moderate
Gurugram,2019-02-10,98.01,221.36,191.83,0.76,6.11,25.86,113.0,Moderate
Gurugram,2019-02-11,132.14,264.78,114.35,0.66,4.96,23.12,310.0,Very Poor
Gurugram,2019-02-12,144.74,317.26,132.8,0.77,6.33,28.27,302.0,Very Poor
Gurugram,2019-02-13,158.5,326.16,130.46,0.69,9.94,25.3,330.0,Very Poor
Gurugram,2019-02-14,112.92,234.32,125.36,0.45,5.89,30.56,306.0,Very Poor
Gurugram,2019-02-15,78.9,184.28,70.5,0.52,11.57,26.01,186.0,Moderate
Gurugram,2019-02-16,80.01,159.91,53.64,0.41,5.95,29.68,183.0,Moderate
Gurugram,2019-02-17,58.47,120.51,113.18,0.57,5.5,38.84,130.0,Moderate
Gurugram,2019-02-19,76.86,223.97,65.34,0.65,15.84,29.59,149.0,Moderate
Gurugram,2019-02-20,73.53,165.85,24.17,0.46,6.56,19.49,213.0,Poor
Gurugram,2019-02-21,48.94,138.82,20.75,0.45,9.19,31.01,111.0,Moderate
Gurugram,2019-02-22,49.22,115.91,12.79,0.42,12.3,34.53,120.0,Moderate
Gurugram,2019-02-23,36.87,88.1,13.88,0.49,15.09,50.53,90.0,Satisfactory
Gurugram,2019-02-24,51.22,129.97,16.17,0.51,11.36,46.54,103.0,Moderate
Gurugram,2019-02-25,78.68,168.92,24.22,0.47,14.82,38.18,157.0,Moderate
Gurugram,2019-02-26,41.41,93.91,23.54,0.41,26.83,36.35,108.0,Moderate
Gurugram,2019-02-27,36.88,77.26,21.61,0.46,27.58,35.91,86.0,Satisfactory
Gurugram,2019-02-28,55.34,123.54,22.95,0.42,35.53,33.43,103.0,Moderate
Gurugram,2019-03-01,66.43,168.92,23.22,0.32,37.24,31.94,137.0,Moderate
Gurugram,2019-03-02,73.98,163.48,30.6,0.45,38.39,17.01,155.0,Moderate
Gurugram,2019-03-03,31.97,54.32,21.15,0.41,17.31,25.43,104.0,Moderate
Gurugram,2019-03-04,63.58,133.36,16.76,0.38,21.72,28.39,100.0,Satisfactory
Gurugram,2019-03-05,39.9,103.11,13.99,0.39,14.56,31.28,100.0,Satisfactory
Gurugram,2019-03-06,51.93,130.58,12.69,0.33,12.14,29.85,90.0,Satisfactory
Gurugram,2019-03-07,74.89,180.75,15.05,0.28,11.51,33.94,149.0,Moderate
Gurugram,2019-03-08,66.24,174.95,18.99,0.31,8.07,30.34,154.0,Moderate
Gurugram,2019-03-09,65.44,155.62,8.74,0.19,5.67,35.3,153.0,Moderate
Gurugram,2019-03-10,45.61,132.72,10.67,0.2,2.97,44.13,107.0,Moderate
Gurugram,2019-03-11,63.7,176.12,11.68,0.26,3.85,42.08,136.0,Moderate
Gurugram,2019-03-12,59.86,116.73,8.37,0.21,5.02,31.76,126.0,Moderate
Gurugram,2019-03-13,75.29,233.06,11.13,0.3,2.15,25.59,145.0,Moderate
Gurugram,2019-03-14,93.38,217.93,8.36,0.37,0.83,22.05,245.0,Poor
Gurugram,2019-03-15,52.58,139.65,5.98,0.21,1.31,31.69,138.0,Moderate
Gurugram,2019-03-16,59.13,129.58,5.81,0.16,1.55,44.82,116.0,Moderate
Gurugram,2019-03-17,63.26,149.64,5.65,0.23,1.51,40.64,144.0,Moderate
Gurugram,2019-03-18,74.62,172.96,4.63,0.24,11.33,41.42,161.0,Moderate
Gurugram,2019-03-19,90.27,237.1,6.08,0.29,29.28,37.4,197.0,Moderate
Gurugram,2019-03-20,82.34,214.76,7.13,0.26,25.49,34.34,189.0,Moderate
Gurugram,2019-03-21,114.87,257.72,12.36,0.53,28.72,38.21,243.0,Poor
Gurugram,2019-03-22,43.44,124.72,7.56,0.13,14.21,33.52,144.0,Moderate
Gurugram,2019-03-23,52.37,86.44,8.98,0.2,21.99,36.25,99.0,Satisfactory
Gurugram,2019-03-24,43.6,151.22,8.65,0.16,15.36,31.38,103.0,Moderate
Gurugram,2019-03-25,49.62,143.81,8.46,0.19,16.21,25.93,114.0,Moderate
Gurugram,2019-03-26,58.85,156.68,8.17,0.22,13.16,32.12,119.0,Moderate
Gurugram,2019-03-27,60.18,168.05,8.58,0.21,15.87,33.04,127.0,Moderate
Gurugram,2019-03-28,86.86,195.91,8.7,0.3,17.8,28.29,193.0,Moderate
Gurugram,2019-03-29,98.42,257.46,8.79,0.59,18.22,29.86,230.0,Poor
Gurugram,2019-03-30,104.25,128.15,9.91,0.24,20.08,28.7,254.0,Poor
Gurugram,2019-03-31,62.86,148.69,9.79,0.2,12.89,31.86,193.0,Moderate
Gurugram,2019-04-01,45.22,150.52,7.96,0.16,14.3,36.66,114.0,Moderate
Gurugram,2019-04-02,76.87,181.59,8.46,0.21,13.35,36.84,161.0,Moderate
Gurugram,2019-04-03,78.55,150.53,9.11,0.38,11.42,27.0,183.0,Moderate
Gurugram,2019-04-04,100.22,262.82,8.57,0.7,7.39,33.02,187.0,Moderate
Gurugram,2019-04-05,120.41,260.63,8.96,0.68,4.02,37.04,260.0,Poor
Gurugram,2019-04-06,106.43,315.63,7.84,0.36,1.99,47.1,282.0,Poor
Gurugram,2019-04-07,164.12,392.61,8.83,0.33,9.62,34.7,312.0,Very Poor
Gurugram,2019-04-08,121.22,315.02,7.68,0.35,7.52,33.4,320.0,Very Poor
Gurugram,2019-04-09,92.34,212.31,8.57,0.35,7.55,37.7,243.0,Poor
Gurugram,2019-04-10,99.71,248.24,9.29,0.31,7.72,33.75,247.0,Poor
Gurugram,2019-04-11,82.16,194.48,8.56,0.26,5.1,27.93,194.0,Moderate
Gurugram,2019-04-12,79.95,245.17,8.38,0.34,2.7,34.02,220.0,Poor
Gurugram,2019-04-13,59.13,184.49,9.29,0.66,2.82,28.19,180.0,Moderate
Gurugram,2019-04-14,57.02,215.35,13.92,0.51,2.64,28.71,140.0,Moderate
Gurugram,2019-04-15,65.08,200.13,13.85,0.58,3.38,26.62,166.0,Moderate
Gurugram,2019-04-16,98.06,201.19,28.75,0.51,3.39,28.01,257.0,Poor
Gurugram,2019-04-17,25.61,16.77,14.87,0.39,2.93,21.26,76.0,Satisfactory
Gurugram,2019-04-18,31.04,69.43,13.84,0.56,2.45,33.67,58.0,Satisfactory
Gurugram,2019-04-19,72.14,186.18,16.72,0.65,2.13,32.57,120.0,Moderate
Gurugram,2019-04-20,66.43,177.73,16.33,0.6,2.71,38.01,136.0,Moderate
Gurugram,2019-04-21,78.12,201.89,17.96,0.74,2.08,43.16,173.0,Moderate
Gurugram,2019-04-22,94.78,269.76,26.72,1.2,0.61,40.31,201.0,Poor
Gurugram,2019-04-23,98.54,308.24,22.09,0.71,3.36,33.78,234.0,Poor
Gurugram,2019-04-24,104.05,334.26,18.63,0.81,2.4,54.63,253.0,Poor
Gurugram,2019-04-25,103.59,378.49,17.83,0.84,4.65,53.23,313.0,Very Poor
Gurugram,2019-04-26,93.68,286.92,17.98,0.68,3.35,41.76,275.0,Poor
Gurugram,2019-04-27,95.22,392.91,18.44,0.55,3.4,38.66,296.0,Poor
Gurugram,2019-04-29,111.49,281.57,16.91,0.66,5.08,36.38,261.0,Poor
Gurugram,2019-04-30,120.11,293.7,18.57,0.65,5.94,40.79,288.0,Poor
Gurugram,2019-05-01,139.89,395.05,19.29,0.71,4.01,59.08,309.0,Very Poor
Gurugram,2019-05-02,115.75,330.49,18.37,0.61,3.3,47.63,318.0,Very Poor
Gurugram,2019-05-03,62.53,148.15,17.47,0.55,3.76,53.69,209.0,Poor
Gurugram,2019-05-04,83.48,194.57,30.37,0.84,3.9,45.01,147.0,Moderate
Gurugram,2019-05-05,98.84,244.22,22.18,0.68,14.87,47.74,235.0,Poor
Gurugram,2019-05-06,111.45,254.27,20.54,0.61,8.12,43.13,230.0,Poor
Gurugram,2019-05-07,142.31,334.06,22.13,0.64,7.84,31.28,297.0,Poor
Gurugram,2019-05-08,134.8,404.82,26.14,0.99,1.84,29.99,323.0,Very Poor
Gurugram,2019-05-09,147.45,513.33,17.58,0.63,55.43,33.11,395.0,Very Poor
Gurugram,2019-05-10,107.65,294.82,14.47,0.5,15.85,40.67,354.0,Very Poor
Gurugram,2019-05-11,107.3,299.61,17.82,0.57,27.8,50.92,249.0,Poor
Gurugram,2019-05-12,228.22,425.76,18.58,0.71,23.35,51.64,367.0,Very Poor
Gurugram,2019-05-13,140.51,233.83,21.42,0.75,26.7,60.75,344.0,Very Poor
Gurugram,2019-05-14,59.71,101.37,15.8,0.56,9.93,54.44,164.0,Moderate
Gurugram,2019-05-15,79.01,160.23,17.11,0.61,15.92,41.87,173.0,Moderate
Gurugram,2019-05-16,90.77,220.13,17.73,0.58,8.43,43.82,163.0,Moderate
Gurugram,2019-05-17,94.42,234.31,21.48,0.53,11.12,36.83,227.0,Poor
Gurugram,2019-05-18,45.53,87.81,19.77,0.55,4.17,38.05,119.0,Moderate
Gurugram,2019-05-19,71.07,133.88,18.3,0.6,6.44,49.78,120.0,Moderate
Gurugram,2019-05-20,103.4,185.48,19.3,0.64,6.33,43.56,209.0,Poor
Gurugram,2019-05-21,85.19,169.96,18.82,0.61,6.77,44.3,192.0,Moderate
Gurugram,2019-05-22,79.2,172.15,18.85,0.64,6.53,31.52,167.0,Moderate
Gurugram,2019-05-23,89.14,172.04,19.79,0.65,5.92,43.19,195.0,Moderate
Gurugram,2019-05-24,49.57,103.97,19.46,0.59,5.47,38.42,132.0,Moderate
Gurugram,2019-05-25,48.27,95.77,19.3,0.52,3.02,49.63,89.0,Satisfactory
Gurugram,2019-05-26,61.49,122.82,18.81,0.55,14.94,51.54,96.0,Satisfactory
Gurugram,2019-05-27,70.89,140.86,22.86,0.6,9.71,43.77,120.0,Moderate
Gurugram,2019-05-28,72.5,143.32,31.98,0.6,15.42,52.3,163.0,Moderate
Gurugram,2019-05-29,80.45,162.23,44.55,0.58,15.22,63.14,157.0,Moderate
Gurugram,2019-05-30,123.0,238.38,44.09,0.51,12.97,54.46,240.0,Poor
Gurugram,2019-06-13,70.6,205.0,41.29,0.5,5.74,59.11,186.0,Moderate
Gurugram,2019-06-14,65.3,180.99,31.68,0.58,4.8,57.99,150.0,Moderate
Gurugram,2019-06-15,83.99,265.03,8.52,0.11,7.62,51.57,185.0,Moderate
Gurugram,2019-06-16,58.55,199.07,9.43,0.84,12.93,59.95,206.0,Poor
Gurugram,2019-06-23,54.89,107.63,64.06,0.47,6.89,73.16,137.0,Moderate
Gurugram,2019-06-24,30.48,75.2,80.01,0.55,4.67,42.18,90.0,Satisfactory
Gurugram,2019-06-26,66.91,130.33,50.2,0.57,4.33,45.38,123.0,Moderate
Gurugram,2019-06-27,81.9,223.52,29.93,0.49,5.65,52.55,150.0,Moderate
Gurugram,2019-06-28,72.48,230.82,27.17,0.44,8.7,47.31,182.0,Moderate
Gurugram,2019-06-29,78.64,264.71,27.81,0.44,9.47,41.72,191.0,Moderate
Gurugram,2019-06-30,85.29,294.66,26.61,0.5,8.28,46.52,222.0,Poor
Gurugram,2019-07-01,66.52,215.41,26.75,0.48,7.76,49.54,173.0,Moderate
Gurugram,2019-07-02,93.12,277.55,21.77,0.56,10.52,79.6,196.0,Moderate
Gurugram,2019-07-03,48.85,111.72,10.34,0.56,7.16,36.88,166.0,Moderate
Gurugram,2019-07-04,37.9,76.43,13.04,0.6,10.17,22.0,74.0,Satisfactory
Gurugram,2019-07-05,41.09,60.31,7.74,0.58,10.15,18.77,68.0,Satisfactory
Gurugram,2019-07-06,39.12,61.39,9.63,0.57,7.66,30.58,66.0,Satisfactory
Gurugram,2019-07-07,45.29,79.65,13.39,0.55,6.84,33.54,72.0,Satisfactory
Gurugram,2019-07-08,57.24,126.94,13.41,0.6,7.45,29.77,92.0,Satisfactory
Gurugram,2019-07-09,60.89,223.74,10.43,0.54,6.57,19.4,101.0,Moderate
Gurugram,2019-07-10,81.39,277.24,9.62,0.53,7.01,23.4,129.0,Moderate
Gurugram,2019-07-11,101.83,327.81,9.77,0.49,7.17,27.49,258.0,Poor
Gurugram,2019-07-12,92.47,196.26,9.28,0.51,8.86,23.85,238.0,Poor
Gurugram,2019-07-13,85.36,201.93,10.24,0.45,10.61,27.07,197.0,Moderate
Gurugram,2019-07-14,99.31,268.94,9.71,0.37,9.41,32.3,199.0,Moderate
Gurugram,2019-07-15,63.38,170.31,14.76,0.33,6.47,36.03,192.0,Moderate
Gurugram,2019-07-16,47.43,88.05,9.66,0.48,7.5,54.19,135.0,Moderate
Gurugram,2019-07-17,31.41,67.29,10.37,0.45,10.72,26.52,73.0,Satisfactory
Gurugram,2019-07-18,30.89,52.47,10.91,0.45,12.24,22.27,67.0,Satisfactory
Gurugram,2019-07-19,68.38,122.84,15.46,0.44,12.69,26.61,80.0,Satisfactory
Gurugram,2019-07-20,45.04,71.07,19.17,0.32,14.32,26.71,130.0,Moderate
Gurugram,2019-07-21,44.74,85.8,17.04,0.48,14.79,33.8,88.0,Satisfactory
Gurugram,2019-07-22,47.85,71.8,11.46,0.53,14.1,47.05,108.0,Moderate
Gurugram,2019-07-23,42.36,117.66,8.72,0.53,12.6,62.77,109.0,Moderate
Gurugram,2019-07-24,54.71,105.22,8.8,0.5,9.46,62.49,133.0,Moderate
Gurugram,2019-07-25,26.59,36.03,21.33,0.45,8.48,24.59,64.0,Satisfactory
Gurugram,2019-07-26,37.1,27.88,11.59,0.48,6.39,10.08,61.0,Satisfactory
Gurugram,2019-07-27,26.58,34.06,8.68,0.49,5.29,20.75,72.0,Satisfactory
Gurugram,2019-07-28,16.85,37.3,7.95,0.52,13.54,32.22,45.0,Good
Gurugram,2019-07-29,22.51,50.72,6.82,0.52,13.99,27.14,43.0,Good
Gurugram,2019-07-30,24.52,68.42,7.25,0.56,16.39,28.63,50.0,Good
Gurugram,2019-07-31,28.42,65.02,7.51,0.5,16.08,34.68,58.0,Satisfactory
Gurugram,2019-08-01,33.71,68.35,8.5,0.51,14.92,34.48,61.0,Satisfactory
Gurugram,2019-08-02,32.03,82.08,7.11,0.57,19.18,27.73,64.0,Satisfactory
Gurugram,2019-08-03,33.8,69.44,9.7,0.54,22.78,23.44,72.0,Satisfactory
Gurugram,2019-08-04,50.36,69.56,15.44,0.51,21.66,25.24,72.0,Satisfactory
Gurugram,2019-08-05,46.78,46.66,9.98,0.49,20.21,26.75,69.0,Satisfactory
Gurugram,2019-08-06,25.31,49.91,7.81,0.51,10.97,16.37,71.0,Satisfactory
Gurugram,2019-08-07,22.4,60.25,9.79,0.53,10.48,22.32,46.0,Good
Gurugram,2019-08-08,20.7,70.47,9.7,0.48,13.48,22.44,51.0,Satisfactory
Gurugram,2019-08-09,26.31,56.92,16.8,0.4,5.93,31.92,54.0,Satisfactory
Gurugram,2019-08-10,21.99,51.94,18.23,0.34,5.25,30.76,52.0,Satisfactory
Gurugram,2019-08-11,16.25,34.19,6.99,0.42,10.23,29.17,38.0,Good
Gurugram,2019-08-12,30.32,64.5,7.5,0.45,7.09,27.38,48.0,Good
Gurugram,2019-08-13,21.54,60.09,7.46,0.43,7.85,26.48,60.0,Satisfactory
Gurugram,2019-08-14,24.24,51.71,7.31,0.47,8.4,33.82,55.0,Satisfactory
Gurugram,2019-08-15,22.15,56.79,7.53,0.48,7.31,29.88,53.0,Satisfactory
Gurugram,2019-08-17,39.18,39.61,10.97,0.39,72.13,22.75,55.0,Satisfactory
Gurugram,2019-08-19,38.02,117.61,6.77,0.43,70.4,27.8,51.0,Satisfactory
Gurugram,2019-08-20,46.61,100.63,11.76,0.64,77.57,29.39,85.0,Satisfactory
Gurugram,2019-08-21,52.07,153.43,11.54,0.6,89.91,31.7,117.0,Moderate
Gurugram,2019-08-22,46.94,117.96,8.98,0.43,44.16,23.62,107.0,Moderate
Gurugram,2019-08-27,29.99,76.8,6.37,0.36,14.22,33.53,55.0,Satisfactory
Gurugram,2019-08-28,35.45,83.05,7.67,0.43,17.95,33.95,69.0,Satisfactory
Gurugram,2019-08-29,37.09,81.47,7.47,0.43,18.97,32.09,73.0,Satisfactory
Gurugram,2019-08-30,37.16,52.55,7.46,0.43,22.58,27.47,59.0,Satisfactory
Gurugram,2019-08-31,48.42,91.49,7.85,0.47,17.93,36.29,74.0,Satisfactory
Gurugram,2019-09-01,28.57,12.48,7.66,0.49,14.93,29.59,72.0,Satisfactory
Gurugram,2019-09-02,42.78,10.0,7.8,0.54,15.27,35.53,66.0,Satisfactory
Gurugram,2019-09-03,76.15,24.94,9.61,0.62,15.04,37.42,122.0,Moderate
Gurugram,2019-09-04,76.65,142.29,8.51,0.55,16.12,34.66,156.0,Moderate
Gurugram,2019-09-05,30.99,77.31,7.61,0.48,15.59,27.08,104.0,Moderate
Gurugram,2019-09-06,32.93,82.21,7.92,0.48,16.36,25.25,67.0,Satisfactory
Gurugram,2019-09-07,29.49,68.99,7.7,0.47,13.01,22.34,60.0,Satisfactory
Gurugram,2019-09-08,30.78,71.93,7.54,0.47,15.01,36.4,96.0,Satisfactory
Gurugram,2019-09-09,51.34,102.22,8.03,0.52,13.94,29.69,76.0,Satisfactory
Gurugram,2019-09-10,75.84,151.93,8.48,0.61,13.93,47.73,118.0,Moderate
Gurugram,2019-09-11,80.6,166.53,8.79,0.61,13.79,39.01,167.0,Moderate
Gurugram,2019-09-12,65.41,118.66,14.65,1.07,14.48,32.4,165.0,Moderate
Gurugram,2019-09-13,34.04,78.87,14.43,1.53,13.63,24.44,89.0,Satisfactory
Gurugram,2019-09-14,26.72,67.98,7.13,1.54,14.11,29.66,83.0,Satisfactory
Gurugram,2019-09-15,30.04,60.84,6.7,1.58,13.09,29.3,85.0,Satisfactory
Gurugram,2019-09-16,47.23,99.88,10.58,1.73,12.37,32.0,91.0,Satisfactory
Gurugram,2019-09-17,58.53,124.72,7.66,1.77,10.49,38.11,112.0,Moderate
Gurugram,2019-09-18,37.12,84.63,6.5,1.72,9.84,34.61,95.0,Satisfactory
Gurugram,2019-09-19,22.7,54.11,5.55,1.68,10.55,24.05,82.0,Satisfactory
Gurugram,2019-09-20,33.35,76.93,6.76,1.73,9.97,16.88,82.0,Satisfactory
Gurugram,2019-09-21,33.01,92.36,10.52,1.69,10.22,19.62,85.0,Satisfactory
Gurugram,2019-09-22,14.92,29.6,6.06,1.15,9.89,15.38,62.0,Satisfactory
Gurugram,2019-09-23,25.25,65.37,7.34,1.74,10.1,22.41,72.0,Satisfactory
Gurugram,2019-09-24,32.94,71.62,7.82,1.73,9.72,18.54,82.0,Satisfactory
Gurugram,2019-09-25,32.22,82.06,9.46,1.67,10.38,21.18,83.0,Satisfactory
Gurugram,2019-09-26,29.44,94.74,9.29,1.09,9.33,14.4,75.0,Satisfactory
Gurugram,2019-09-27,14.65,45.27,11.12,0.72,9.57,13.83,54.0,Satisfactory
Gurugram,2019-09-28,16.17,51.58,13.12,0.81,10.48,13.44,59.0,Satisfactory
Gurugram,2019-09-29,14.56,42.51,14.35,0.68,16.94,20.21,49.0,Good
Gurugram,2019-09-30,23.99,61.95,13.56,0.53,10.09,17.29,48.0,Good
Gurugram,2019-10-01,33.82,75.21,14.64,0.65,9.95,19.0,76.0,Satisfactory
Gurugram,2019-10-02,38.05,84.2,21.9,0.98,10.12,35.98,89.0,Satisfactory
Gurugram,2019-10-03,51.55,52.26,21.43,0.99,9.61,33.35,98.0,Satisfactory
Gurugram,2019-10-04,37.82,128.94,13.84,1.02,3.4,39.72,97.0,Satisfactory
Gurugram,2019-10-05,32.53,48.34,28.76,1.08,4.53,42.46,86.0,Satisfactory
Gurugram,2019-10-06,47.85,73.05,24.73,1.16,3.42,49.04,96.0,Satisfactory
Gurugram,2019-10-07,50.21,86.44,12.28,0.97,3.5,50.44,91.0,Satisfactory
Gurugram,2019-10-08,38.26,65.49,10.01,0.54,4.16,55.95,95.0,Satisfactory
Gurugram,2019-10-12,79.53,139.69,13.11,1.54,2.07,57.26,172.0,Moderate
Gurugram,2019-10-13,98.05,186.3,22.8,2.55,2.06,47.24,188.0,Moderate
Gurugram,2019-10-14,102.26,210.65,45.65,2.65,4.75,45.54,241.0,Poor
Gurugram,2019-10-15,109.04,205.28,51.69,2.58,3.16,47.62,254.0,Poor
Gurugram,2019-10-16,137.78,261.97,47.39,2.27,1.9,50.6,291.0,Poor
Gurugram,2019-10-17,114.03,217.06,28.53,2.26,3.07,52.32,289.0,Poor
Gurugram,2019-10-18,107.55,197.17,22.28,2.38,3.5,48.88,295.0,Poor
Gurugram,2019-10-19,72.1,170.46,43.65,1.91,2.52,55.13,165.0,Moderate
Gurugram,2019-10-20,92.64,180.87,32.44,2.01,2.92,40.47,223.0,Poor
Gurugram,2019-10-21,109.34,205.75,33.32,2.1,2.1,42.63,225.0,Poor
Gurugram,2019-10-22,92.44,190.02,39.74,1.59,2.13,38.25,232.0,Poor
Gurugram,2019-10-23,108.48,229.29,43.84,0.85,4.29,37.95,223.0,Poor
Gurugram,2019-10-24,151.69,249.81,59.89,1.81,35.59,47.8,292.0,Poor
Gurugram,2019-10-25,117.64,206.1,45.54,0.98,35.03,57.02,308.0,Very Poor
Gurugram,2019-10-26,118.89,212.16,39.52,0.89,11.3,44.97,272.0,Poor
Gurugram,2019-10-27,170.87,219.37,35.42,0.86,10.4,50.71,311.0,Very Poor
Gurugram,2019-10-28,258.67,355.98,34.53,1.33,50.62,46.49,396.0,Very Poor
Gurugram,2019-10-29,217.34,344.33,42.1,1.44,11.12,27.04,375.0,Very Poor
Gurugram,2019-10-30,216.4,361.77,43.74,1.35,14.56,32.35,369.0,Very Poor
Gurugram,2019-10-31,231.37,369.65,46.69,1.69,21.81,35.38,374.0,Very Poor
Gurugram,2019-11-01,394.28,581.44,58.23,1.92,27.89,41.66,476.0,Severe
Gurugram,2019-11-02,314.82,491.79,39.28,1.43,17.94,20.41,431.0,Severe
Gurugram,2019-11-03,473.51,651.05,34.57,1.78,15.13,13.47,607.0,Severe
Gurugram,2019-11-04,219.51,319.29,33.71,0.92,18.77,21.81,448.0,Severe
Gurugram,2019-11-05,152.59,244.2,33.7,0.75,14.77,27.86,360.0,Very Poor
Gurugram,2019-11-06,93.32,158.87,40.46,0.66,17.05,32.48,221.0,Poor
Gurugram,2019-11-07,160.41,279.95,45.65,0.77,8.58,19.44,280.0,Poor
Gurugram,2019-11-08,157.05,255.53,45.85,1.17,0.21,26.65,335.0,Very Poor
Gurugram,2019-11-09,128.98,214.16,34.22,0.82,4.53,23.92,316.0,Very Poor
Gurugram,2019-11-10,157.5,256.26,33.07,0.77,11.01,30.41,300.0,Poor
Gurugram,2019-11-11,210.54,330.45,46.43,1.18,8.95,32.4,340.0,Very Poor
Gurugram,2019-11-12,350.49,481.04,60.71,1.79,1.71,35.2,425.0,Severe
Gurugram,2019-11-13,388.11,513.91,78.03,2.09,3.01,32.69,502.0,Severe
Gurugram,2019-11-14,361.14,573.72,80.51,2.34,11.93,24.67,488.0,Severe
Gurugram,2019-11-15,435.04,638.62,59.63,1.94,34.95,50.9,548.0,Severe
Gurugram,2019-11-16,171.39,299.85,40.67,1.09,38.3,38.4,434.0,Severe
Gurugram,2019-11-17,69.43,124.7,33.71,0.53,31.52,35.4,244.0,Poor
Gurugram,2019-11-18,70.95,111.61,34.47,0.68,21.46,42.12,142.0,Moderate
Gurugram,2019-11-19,86.86,152.86,47.48,0.94,26.14,33.71,148.0,Moderate
Gurugram,2019-11-20,118.97,193.65,55.23,1.38,40.95,44.37,223.0,Poor
Gurugram,2019-11-21,155.84,260.27,59.04,1.82,41.95,47.46,318.0,Very Poor
Gurugram,2019-11-22,164.7,279.87,70.43,2.01,36.62,44.57,331.0,Very Poor
Gurugram,2019-11-23,115.05,201.36,47.16,0.89,20.42,34.2,305.0,Very Poor
Gurugram,2019-11-24,105.21,178.86,35.04,0.71,21.78,47.76,234.0,Poor
Gurugram,2019-11-25,102.12,177.95,54.7,1.23,21.4,35.98,236.0,Poor
Gurugram,2019-11-26,99.75,189.47,54.34,1.09,12.02,30.19,244.0,Poor
Gurugram,2019-11-27,61.45,121.15,50.09,0.78,8.42,31.37,123.0,Moderate
Gurugram,2019-11-28,33.78,66.95,35.91,0.5,3.73,35.71,97.0,Satisfactory
Gurugram,2019-11-29,44.89,107.1,46.33,0.79,6.94,27.64,73.0,Satisfactory
Gurugram,2019-11-30,60.83,127.45,35.83,0.88,8.78,26.31,103.0,Moderate
Gurugram,2019-12-01,76.17,143.66,41.25,0.81,8.13,34.45,148.0,Moderate
Gurugram,2019-12-02,97.16,180.59,44.59,0.93,7.61,34.14,187.0,Moderate
Gurugram,2019-12-03,112.58,198.47,54.1,0.97,4.56,38.16,265.0,Poor
Gurugram,2019-12-04,125.0,212.55,59.0,1.35,6.87,38.59,280.0,Poor
Gurugram,2019-12-05,198.13,296.79,67.56,2.11,8.38,44.68,331.0,Very Poor
Gurugram,2019-12-06,222.5,364.36,57.37,2.01,2.61,36.28,381.0,Very Poor
Gurugram,2019-12-07,208.98,343.16,55.07,1.89,1.53,34.34,369.0,Very Poor
Gurugram,2019-12-08,205.7,315.4,50.18,2.07,0.92,34.74,373.0,Very Poor
Gurugram,2019-12-09,173.25,265.85,53.81,2.16,27.89,33.01,350.0,Very Poor
Gurugram,2019-12-10,192.51,299.38,60.68,2.6,66.06,35.58,347.0,Very Poor
Gurugram,2019-12-11,228.57,342.42,55.31,2.56,71.45,39.18,369.0,Very Poor
Gurugram,2019-12-12,223.29,359.8,56.89,1.84,54.08,40.94,391.0,Very Poor
Gurugram,2019-12-13,65.04,92.12,40.18,1.14,25.3,22.46,250.0,Poor
Gurugram,2019-12-14,59.76,102.19,28.97,1.23,26.89,21.17,97.0,Satisfactory
Gurugram,2019-12-15,76.17,143.09,28.44,1.07,27.74,25.94,144.0,Moderate
Gurugram,2019-12-16,63.2,106.03,22.09,0.96,20.02,25.34,136.0,Moderate
Gurugram,2019-12-17,65.24,115.4,19.26,1.14,21.42,27.62,111.0,Moderate
Gurugram,2019-12-18,93.92,188.12,28.71,1.41,31.97,31.24,168.0,Moderate
Gurugram,2019-12-19,168.88,285.04,35.26,2.11,64.78,28.39,282.0,Poor
Gurugram,2019-12-20,188.91,360.69,49.46,2.07,43.23,31.68,342.0,Very Poor
Gurugram,2019-12-21,164.47,324.47,44.51,2.02,22.78,23.62,352.0,Very Poor
Gurugram,2019-12-22,99.82,183.92,29.66,1.48,14.78,23.49,281.0,Poor
Gurugram,2019-12-23,113.74,220.82,28.13,1.49,14.82,26.71,228.0,Poor
Gurugram,2019-12-24,186.27,422.12,46.67,2.04,22.91,29.28,303.0,Very Poor
Gurugram,2019-12-25,109.59,226.93,27.24,1.45,11.71,21.96,317.0,Very Poor
Gurugram,2019-12-26,152.56,332.22,27.14,1.53,17.07,23.43,272.0,Poor
Gurugram,2019-12-27,161.19,319.08,36.03,1.73,16.78,29.85,334.0,Very Poor
Gurugram,2019-12-28,203.81,398.43,29.88,2.26,19.97,26.6,351.0,Very Poor
Gurugram,2019-12-29,260.02,533.71,47.92,2.55,22.79,31.52,389.0,Very Poor
Gurugram,2019-12-30,201.74,384.26,35.93,3.17,15.63,24.64,423.0,Severe
Gurugram,2019-12-31,175.66,282.1,28.03,2.03,9.83,28.33,341.0,Very Poor
Gurugram,2020-01-01,296.06,357.72,30.83,3.7,16.5,39.32,429.0,Severe
Gurugram,2020-01-02,271.49,281.71,41.86,4.07,19.11,30.0,419.0,Severe
Gurugram,2020-01-03,183.81,216.52,42.51,3.23,3.52,17.93,390.0,Very Poor
Gurugram,2020-01-04,152.96,218.37,38.85,2.38,5.69,20.99,308.0,Very Poor
Gurugram,2020-01-05,144.74,233.92,38.35,2.03,5.0,26.11,326.0,Very Poor
Gurugram,2020-01-06,133.68,201.3,49.18,1.87,7.5,14.87,315.0,Very Poor
Gurugram,2020-01-07,89.97,140.0,36.67,1.52,7.0,19.03,234.0,Poor
Gurugram,2020-01-08,88.95,123.2,37.6,1.75,8.97,9.61,198.0,Moderate
Gurugram,2020-01-09,66.14,101.18,20.39,1.48,7.49,20.76,160.0,Moderate
Gurugram,2020-01-10,89.87,147.3,30.44,1.76,6.89,28.33,160.0,Moderate
Gurugram,2020-01-11,108.44,179.38,37.59,1.78,6.35,32.18,242.0,Poor
Gurugram,2020-01-12,151.11,243.8,38.54,2.29,7.12,28.24,311.0,Very Poor
Gurugram,2020-01-13,161.63,241.22,39.59,2.08,6.02,24.61,328.0,Very Poor
Gurugram,2020-01-14,75.89,119.57,26.1,1.4,7.33,18.3,244.0,Poor
Gurugram,2020-01-15,90.38,162.36,34.76,1.28,8.04,20.05,174.0,Moderate
Gurugram,2020-01-16,117.82,188.91,26.9,1.44,7.02,10.41,247.0,Poor
Gurugram,2020-01-17,79.88,127.02,23.97,1.38,8.26,15.35,259.0,Poor
Gurugram,2020-01-18,93.89,159.55,33.25,1.68,8.48,20.46,176.0,Moderate
Gurugram,2020-01-19,92.62,159.19,22.03,1.16,7.12,39.73,214.0,Poor
Gurugram,2020-01-20,85.13,161.08,23.24,1.3,8.68,31.63,175.0,Moderate
Gurugram,2020-01-21,131.03,222.54,31.26,1.65,7.22,30.6,276.0,Poor
Gurugram,2020-01-22,130.93,216.6,33.45,2.17,7.38,26.71,313.0,Very Poor
Gurugram,2020-01-23,56.38,92.62,28.6,0.87,7.5,44.71,193.0,Moderate
Gurugram,2020-01-24,51.22,92.58,28.98,0.97,8.29,57.14,102.0,Moderate
Gurugram,2020-01-25,84.59,161.1,38.66,1.7,9.3,41.64,138.0,Moderate
Gurugram,2020-01-26,132.02,232.16,35.27,2.29,7.79,28.19,289.0,Poor
Gurugram,2020-01-27,117.46,200.66,43.56,1.89,7.24,18.13,280.0,Poor
Gurugram,2020-01-28,93.01,164.64,36.2,1.35,7.97,17.76,245.0,Poor
Gurugram,2020-01-29,47.0,90.49,29.88,1.23,8.92,23.66,140.0,Moderate
Gurugram,2020-01-30,63.71,130.06,30.2,1.4,8.39,23.65,112.0,Moderate
Gurugram,2020-01-31,62.07,127.12,31.13,1.42,8.79,27.43,112.0,Moderate
Gurugram,2020-02-01,79.58,162.58,35.77,2.18,9.06,25.48,159.0,Moderate
Gurugram,2020-02-02,71.37,137.94,24.32,2.04,8.29,28.89,144.0,Moderate
Gurugram,2020-02-03,87.41,182.76,29.87,2.23,9.01,28.47,174.0,Moderate
Gurugram,2020-02-04,100.75,181.95,34.16,2.33,8.7,26.02,216.0,Poor
Gurugram,2020-02-05,118.41,228.69,28.99,2.39,8.26,39.12,285.0,Poor
Gurugram,2020-02-06,79.42,169.37,26.08,1.76,7.58,44.36,198.0,Moderate
Gurugram,2020-02-07,120.12,230.34,32.6,2.33,9.26,43.74,245.0,Poor
Gurugram,2020-02-08,104.96,210.84,26.63,1.6,8.15,52.62,260.0,Poor
Gurugram,2020-02-09,105.04,199.79,27.22,1.71,8.6,50.82,254.0,Poor
Gurugram,2020-02-10,130.89,256.86,27.42,2.2,9.13,45.46,275.0,Poor
Gurugram,2020-02-11,145.57,249.19,25.02,2.75,9.72,41.76,316.0,Very Poor
Gurugram,2020-02-12,130.82,284.78,21.34,1.87,8.86,52.01,302.0,Very Poor
Gurugram,2020-02-13,63.78,123.14,15.8,1.17,11.56,59.5,190.0,Moderate
Gurugram,2020-02-14,64.17,134.91,12.87,1.38,11.53,60.62,128.0,Moderate
Gurugram,2020-02-15,50.24,112.08,14.87,1.42,11.74,41.7,130.0,Moderate
Gurugram,2020-02-16,93.15,185.61,21.86,1.91,12.36,36.29,182.0,Moderate
Gurugram,2020-02-17,105.65,228.3,26.62,2.34,11.63,25.93,256.0,Poor
Gurugram,2020-02-18,69.82,166.21,25.16,1.89,11.29,23.02,165.0,Moderate
Gurugram,2020-02-19,83.56,166.82,22.08,1.88,11.93,28.43,181.0,Moderate
Gurugram,2020-02-20,85.97,173.5,16.77,1.67,10.66,62.28,170.0,Moderate
Gurugram,2020-02-21,49.47,79.23,13.52,1.82,11.28,37.34,145.0,Moderate
Gurugram,2020-02-22,59.08,96.42,15.42,1.67,6.43,26.27,94.0,Satisfactory
Gurugram,2020-02-23,95.42,167.11,23.87,1.82,3.11,30.42,187.0,Moderate
Gurugram,2020-02-24,66.85,126.64,20.6,1.24,4.51,37.23,144.0,Moderate
Gurugram,2020-02-25,92.36,206.09,25.61,1.29,7.35,32.57,183.0,Moderate
Gurugram,2020-02-26,108.36,231.82,28.0,1.53,10.37,33.78,241.0,Poor
Gurugram,2020-02-27,86.84,158.92,31.91,1.17,8.51,33.45,206.0,Poor
Gurugram,2020-02-28,71.0,130.39,27.01,1.27,5.84,57.46,160.0,Moderate
Gurugram,2020-02-29,55.87,102.76,23.0,1.26,3.91,54.76,127.0,Moderate
Gurugram,2020-03-01,24.29,50.03,26.97,1.07,2.9,58.03,115.0,Moderate
Gurugram,2020-03-02,73.57,139.73,35.93,1.68,6.95,45.68,136.0,Moderate
Gurugram,2020-03-03,80.0,177.56,40.4,1.97,7.88,39.54,175.0,Moderate
Gurugram,2020-03-04,71.23,148.75,35.37,1.69,5.35,44.57,154.0,Moderate
Gurugram,2020-03-05,32.0,57.05,28.84,1.16,4.8,51.61,104.0,Moderate
Gurugram,2020-03-06,19.52,32.59,27.15,1.06,12.3,47.23,95.0,Satisfactory
Gurugram,2020-03-07,35.82,67.45,27.52,0.97,16.04,38.14,79.0,Satisfactory
Gurugram,2020-03-08,56.58,107.07,28.16,0.97,17.83,35.2,115.0,Moderate
Gurugram,2020-03-09,62.38,112.32,23.13,0.77,15.82,42.54,117.0,Moderate
Gurugram,2020-03-10,75.88,144.37,25.83,0.92,16.29,53.14,160.0,Moderate
Gurugram,2020-03-11,52.61,100.26,25.06,0.89,14.62,58.4,114.0,Moderate
Gurugram,2020-03-12,50.17,139.66,30.02,0.88,13.28,40.31,115.0,Moderate
Gurugram,2020-03-13,60.57,182.58,30.6,0.84,12.68,40.26,134.0,Moderate
Gurugram,2020-03-14,43.92,99.84,25.9,0.82,14.36,38.98,118.0,Moderate
Gurugram,2020-03-15,57.48,137.62,27.24,0.97,15.87,50.33,119.0,Moderate
Gurugram,2020-03-16,73.26,152.93,24.94,1.06,15.9,47.56,155.0,Moderate
Gurugram,2020-03-17,76.84,169.8,25.66,1.18,19.73,52.03,181.0,Moderate
Gurugram,2020-03-18,84.93,191.47,30.5,1.28,19.43,46.04,178.0,Moderate
Gurugram,2020-03-19,80.27,200.51,28.31,1.23,19.95,50.39,175.0,Moderate
Gurugram,2020-03-20,85.31,183.37,18.07,1.11,15.81,60.03,176.0,Moderate
Gurugram,2020-03-21,58.09,129.3,16.63,0.88,16.66,57.23,154.0,Moderate
Gurugram,2020-03-22,85.87,150.43,19.83,1.13,17.25,55.11,168.0,Moderate
Gurugram,2020-03-23,51.38,103.56,15.96,0.81,18.26,50.47,124.0,Moderate
Gurugram,2020-03-24,61.21,113.66,17.61,0.97,16.44,43.6,122.0,Moderate
Gurugram,2020-03-25,31.83,60.71,15.06,0.75,16.27,38.79,86.0,Satisfactory
Gurugram,2020-03-26,31.27,65.28,15.96,0.56,16.42,36.85,65.0,Satisfactory
Gurugram,2020-03-27,20.82,41.61,14.19,0.54,15.31,38.52,59.0,Satisfactory
Gurugram,2020-03-28,17.59,35.7,14.65,0.49,14.77,42.37,62.0,Satisfactory
Gurugram,2020-03-29,23.65,56.89,13.75,0.5,18.73,54.46,68.0,Satisfactory
Gurugram,2020-03-30,32.0,57.58,12.76,0.55,18.56,58.39,80.0,Satisfactory
Gurugram,2020-03-31,30.71,57.22,13.39,0.52,17.01,63.43,80.0,Satisfactory
Gurugram,2020-04-01,27.84,55.37,14.94,0.55,15.91,54.79,81.0,Satisfactory
Gurugram,2020-04-02,28.93,59.79,16.0,0.52,15.97,61.46,81.0,Satisfactory
Gurugram,2020-04-03,27.11,48.38,12.75,0.47,15.3,66.52,95.0,Satisfactory
Gurugram,2020-04-04,34.18,61.47,12.52,0.52,14.86,58.64,93.0,Satisfactory
Gurugram,2020-04-05,49.7,87.4,15.9,0.69,15.2,53.97,99.0,Satisfactory
Gurugram,2020-04-06,52.7,94.54,14.5,0.65,15.57,54.3,106.0,Moderate
Gurugram,2020-04-07,31.8,86.25,11.95,0.43,14.66,61.31,94.0,Satisfactory
Gurugram,2020-04-08,28.04,79.84,10.94,0.42,14.11,62.85,96.0,Satisfactory
Gurugram,2020-04-09,31.68,68.97,12.14,0.47,14.14,67.87,101.0,Moderate
Gurugram,2020-04-10,49.34,96.26,18.33,0.68,14.23,50.44,105.0,Moderate
Gurugram,2020-04-11,51.41,103.83,18.3,0.81,14.52,60.63,127.0,Moderate
Gurugram,2020-04-12,32.16,68.78,16.41,0.6,14.0,67.11,107.0,Moderate
Gurugram,2020-04-13,53.33,121.47,17.19,0.76,13.83,53.63,114.0,Moderate
Gurugram,2020-04-14,51.22,131.79,19.88,0.81,13.28,47.71,122.0,Moderate
Gurugram,2020-04-15,59.01,185.92,18.25,0.79,13.21,45.18,138.0,Moderate
Gurugram,2020-04-16,62.75,154.53,17.1,0.83,13.53,55.51,157.0,Moderate
Gurugram,2020-04-17,28.23,79.28,12.66,0.62,12.42,73.94,120.0,Moderate
Gurugram,2020-04-18,26.84,87.29,12.87,0.57,12.12,71.23,107.0,Moderate
Gurugram,2020-04-19,30.21,70.61,15.3,0.65,12.1,62.46,109.0,Moderate
Gurugram,2020-04-20,48.86,93.89,19.64,0.78,12.42,37.77,99.0,Satisfactory
Gurugram,2020-04-21,33.79,72.37,14.88,0.68,10.67,66.92,105.0,Moderate
Gurugram,2020-04-22,49.59,102.91,18.46,0.77,11.29,62.97,120.0,Moderate
Gurugram,2020-04-23,51.55,105.97,18.33,0.79,10.01,55.3,113.0,Moderate
Gurugram,2020-04-24,56.54,100.68,15.69,0.77,9.28,63.8,124.0,Moderate
Gurugram,2020-04-25,26.55,63.78,12.23,0.58,8.55,73.49,121.0,Moderate
Gurugram,2020-04-26,49.26,119.82,13.94,0.67,8.79,62.13,113.0,Moderate
Gurugram,2020-04-27,25.94,46.63,10.35,0.54,7.9,67.03,103.0,Moderate
Gurugram,2020-04-28,34.2,58.26,11.32,0.63,7.02,74.53,118.0,Moderate
Gurugram,2020-04-29,58.64,111.67,13.84,0.75,7.75,66.09,126.0,Moderate
Gurugram,2020-04-30,62.21,122.56,12.84,0.76,7.88,70.1,141.0,Moderate
Gurugram,2020-05-01,62.55,134.75,12.69,0.74,7.45,79.99,155.0,Moderate
Gurugram,2020-05-02,41.11,104.29,10.69,0.7,5.59,91.17,152.0,Moderate
Gurugram,2020-05-03,39.62,86.75,10.84,0.73,6.11,72.95,126.0,Moderate
Gurugram,2020-05-04,23.7,45.29,11.12,0.55,7.71,64.94,94.0,Satisfactory
Gurugram,2020-05-05,55.54,94.42,13.71,0.81,7.78,67.79,130.0,Moderate
Gurugram,2020-05-06,48.01,138.24,14.5,0.72,7.33,74.54,143.0,Moderate
Gurugram,2020-05-07,40.41,89.12,13.66,0.61,6.38,83.29,138.0,Moderate
Gurugram,2020-05-08,56.55,102.78,14.09,0.72,7.37,92.2,144.0,Moderate
Gurugram,2020-05-09,63.16,120.48,13.16,0.77,7.94,100.91,166.0,Moderate
Gurugram,2020-05-10,51.33,112.01,11.14,0.77,7.18,83.27,154.0,Moderate
Gurugram,2020-05-11,43.34,92.6,12.79,0.53,8.76,70.79,113.0,Moderate
Gurugram,2020-05-12,46.22,92.82,13.56,0.68,7.47,78.92,133.0,Moderate
Gurugram,2020-05-13,63.71,140.61,16.23,0.81,13.26,73.47,133.0,Moderate
Gurugram,2020-05-14,51.25,128.05,27.73,0.94,9.38,67.65,147.0,Moderate
Gurugram,2020-05-15,44.84,89.14,36.56,0.76,9.6,77.07,155.0,Moderate
Gurugram,2020-05-16,69.14,111.56,44.32,0.85,11.87,89.44,208.0,Poor
Gurugram,2020-05-17,70.96,149.96,37.52,1.01,12.0,63.65,184.0,Moderate
Gurugram,2020-05-18,59.29,115.94,34.85,0.91,8.51,61.06,160.0,Moderate
Gurugram,2020-05-19,74.62,146.61,35.58,0.99,9.11,61.72,160.0,Moderate
Gurugram,2020-05-20,67.08,124.58,27.33,0.89,10.08,71.92,167.0,Moderate
Gurugram,2020-05-21,51.41,130.77,24.81,0.92,10.07,71.0,141.0,Moderate
Gurugram,2020-05-22,62.53,153.39,24.42,1.06,9.26,53.74,152.0,Moderate
Gurugram,2020-05-23,65.12,187.33,19.3,1.02,8.96,51.48,146.0,Moderate
Gurugram,2020-05-24,56.3,154.36,21.9,0.91,7.56,55.27,150.0,Moderate
Gurugram,2020-05-25,60.53,148.39,18.16,0.93,8.68,55.55,139.0,Moderate
Gurugram,2020-05-26,56.62,184.71,22.71,0.91,6.96,34.74,140.0,Moderate
Gurugram,2020-05-27,68.78,205.39,25.72,0.91,7.33,69.11,162.0,Moderate
Gurugram,2020-05-28,75.32,257.56,16.27,0.88,3.91,73.51,202.0,Poor
Gurugram,2020-05-29,32.39,69.05,15.43,0.67,16.6,70.04,166.0,Moderate
Gurugram,2020-05-30,26.35,56.28,13.94,0.7,8.94,62.58,86.0,Satisfactory
Gurugram,2020-05-31,27.67,63.92,16.09,0.79,9.79,64.29,105.0,Moderate
Gurugram,2020-06-01,36.12,87.51,20.5,0.85,5.42,72.06,133.0,Moderate
Gurugram,2020-06-02,46.04,141.66,14.95,0.77,5.2,64.49,156.0,Moderate
Gurugram,2020-06-03,46.92,117.56,14.13,0.78,5.85,64.22,135.0,Moderate
Gurugram,2020-06-04,58.03,143.56,17.88,0.87,5.78,52.81,130.0,Moderate
Gurugram,2020-06-05,39.79,75.0,15.71,0.82,5.91,57.47,121.0,Moderate
Gurugram,2020-06-06,43.29,91.47,13.55,0.77,5.69,64.64,110.0,Moderate
Gurugram,2020-06-07,48.67,92.32,14.17,0.87,7.4,64.41,122.0,Moderate
Gurugram,2020-06-08,47.11,91.34,15.24,1.0,7.28,64.5,133.0,Moderate
Gurugram,2020-06-09,65.0,141.77,18.55,0.92,7.99,74.49,141.0,Moderate
Gurugram,2020-06-10,50.5,123.83,19.0,0.81,7.07,65.41,135.0,Moderate
Gurugram,2020-06-11,46.61,110.92,15.17,0.72,4.22,67.71,122.0,Moderate
Gurugram,2020-06-12,72.62,157.12,24.0,0.77,6.6,93.6,147.0,Moderate
Gurugram,2020-06-13,61.48,138.26,13.94,0.64,7.16,91.81,158.0,Moderate
Gurugram,2020-06-14,73.88,166.94,10.48,0.68,6.57,93.14,157.0,Moderate
Gurugram,2020-06-15,54.15,117.53,12.44,0.58,5.43,94.84,155.0,Moderate
Gurugram,2020-06-16,49.75,108.22,13.67,0.55,6.29,81.32,128.0,Moderate
Gurugram,2020-06-17,45.21,92.67,11.29,0.53,6.87,79.58,128.0,Moderate
Gurugram,2020-06-18,46.26,119.83,8.86,0.55,5.81,69.32,122.0,Moderate
Gurugram,2020-06-19,65.61,244.35,9.0,0.7,4.15,62.43,148.0,Moderate
Gurugram,2020-06-20,49.08,156.48,8.09,0.53,5.38,55.44,172.0,Moderate
Gurugram,2020-06-21,49.1,103.78,8.75,0.49,5.41,66.63,132.0,Moderate
Gurugram,2020-06-22,48.62,97.08,8.8,0.65,5.13,79.1,134.0,Moderate
Gurugram,2020-06-23,39.63,74.69,8.95,0.69,4.28,54.24,108.0,Moderate
Gurugram,2020-06-24,43.35,75.89,7.9,0.63,4.03,49.35,86.0,Satisfactory
Gurugram,2020-06-25,42.64,111.09,8.14,0.75,4.06,45.86,102.0,Moderate
Gurugram,2020-06-26,56.56,141.92,10.07,0.9,6.42,32.75,122.0,Moderate
Gurugram,2020-06-27,47.82,158.08,8.05,0.66,9.18,19.54,121.0,Moderate
Gurugram,2020-06-28,64.72,261.05,9.65,0.67,7.82,17.28,153.0,Moderate
Gurugram,2020-06-29,46.89,154.0,8.97,0.57,7.86,36.5,140.0,Moderate
Gurugram,2020-06-30,47.27,114.29,10.38,0.78,7.36,58.07,131.0,Moderate
Gurugram,2020-07-01,61.64,174.08,10.58,1.11,7.57,44.14,157.0,Moderate
Hyderabad,2015-09-02,90.29,93.0,11.4,0.67,6.94,22.47,136.0,Moderate
Hyderabad,2015-09-06,59.42,64.55,22.56,0.93,5.71,26.32,237.0,Poor
Hyderabad,2015-09-07,48.83,30.79,22.54,0.86,8.22,29.29,114.0,Moderate
Hyderabad,2015-09-08,91.82,32.94,28.93,0.48,7.98,27.04,179.0,Moderate
Hyderabad,2015-09-09,35.56,40.81,31.15,0.57,4.93,22.48,162.0,Moderate
Hyderabad,2015-09-10,45.64,44.89,28.96,0.73,5.29,24.69,76.0,Satisfactory
Hyderabad,2015-09-11,60.88,51.27,30.64,0.53,5.16,24.11,140.0,Moderate
Hyderabad,2015-09-12,65.61,41.31,26.03,0.57,5.44,25.47,128.0,Moderate
Hyderabad,2015-09-13,60.02,36.67,19.82,0.49,4.02,37.7,164.0,Moderate
Hyderabad,2015-09-14,73.21,35.28,19.94,0.57,5.96,34.11,169.0,Moderate
Hyderabad,2015-09-15,83.87,30.48,20.0,0.59,5.99,25.88,189.0,Moderate
Hyderabad,2015-09-16,56.53,37.06,18.53,0.39,4.97,31.05,142.0,Moderate
Hyderabad,2015-09-17,33.03,29.64,12.01,0.41,2.37,24.33,112.0,Moderate
Hyderabad,2015-10-01,120.75,92.29,21.65,0.64,2.67,15.85,340.0,Very Poor
Hyderabad,2015-10-02,29.66,76.0,25.94,0.6,3.81,17.4,125.0,Moderate
Hyderabad,2015-10-03,36.56,63.06,20.11,0.64,7.58,19.16,75.0,Satisfactory
Hyderabad,2015-10-04,42.69,59.29,17.81,1.22,5.41,21.98,85.0,Satisfactory
Hyderabad,2015-10-05,75.04,81.99,16.05,0.93,6.88,33.52,113.0,Moderate
Hyderabad,2015-10-06,136.45,108.82,11.76,0.66,7.34,32.21,231.0,Poor
Hyderabad,2015-10-07,150.93,110.33,6.52,0.8,11.05,35.73,246.0,Poor
Hyderabad,2015-10-08,116.24,110.09,7.43,0.71,10.16,35.25,244.0,Poor
Hyderabad,2015-10-09,137.28,93.47,7.93,1.03,8.39,36.15,316.0,Very Poor
Hyderabad,2015-10-10,69.24,81.48,2.3,1.09,6.55,33.97,219.0,Poor
Hyderabad,2015-10-11,45.98,62.98,2.28,0.97,5.24,37.06,117.0,Moderate
Hyderabad,2015-10-12,106.66,94.07,2.56,1.43,7.46,32.81,182.0,Moderate
Hyderabad,2015-10-13,58.05,109.03,3.46,1.35,10.15,31.12,125.0,Moderate
Hyderabad,2015-10-14,124.14,105.62,6.46,1.06,6.89,33.14,189.0,Moderate
Hyderabad,2015-10-15,192.41,104.9,3.91,1.31,9.92,40.38,272.0,Poor
Hyderabad,2015-10-16,118.66,116.1,1.87,0.87,7.59,35.3,266.0,Poor
Hyderabad,2015-10-17,155.84,112.22,1.17,0.78,5.37,33.41,230.0,Poor
Hyderabad,2015-10-18,59.6,107.16,0.95,0.61,5.61,33.85,210.0,Poor
Hyderabad,2015-10-19,65.35,102.27,1.05,0.95,6.73,32.63,118.0,Moderate
Hyderabad,2015-10-20,116.35,116.14,2.84,1.05,7.99,29.83,179.0,Moderate
Hyderabad,2015-10-21,84.18,113.0,3.3,1.25,7.79,30.27,212.0,Poor
Hyderabad,2015-10-22,86.98,116.0,1.94,0.62,3.9,35.23,156.0,Moderate
Hyderabad,2015-10-23,73.34,107.94,1.33,0.41,4.64,34.78,191.0,Moderate
Hyderabad,2015-10-24,133.6,104.98,0.85,1.05,6.64,44.17,185.0,Moderate
Hyderabad,2015-10-25,103.01,102.9,0.74,0.86,5.43,51.97,235.0,Poor
Hyderabad,2015-10-26,95.22,101.17,0.74,0.84,7.46,48.38,210.0,Poor
Hyderabad,2015-10-27,122.14,114.7,0.73,1.34,5.66,49.97,226.0,Poor
Hyderabad,2015-10-28,81.18,97.96,0.67,1.28,5.4,44.62,227.0,Poor
Hyderabad,2015-10-29,252.47,64.38,0.64,1.08,6.0,31.4,216.0,Poor
Hyderabad,2015-10-30,516.2,82.97,0.62,1.09,4.77,38.74,487.0,Severe
Hyderabad,2015-10-31,270.21,104.38,0.65,0.94,8.98,43.41,502.0,Severe
Hyderabad,2015-11-01,31.56,94.33,0.71,1.02,6.96,37.57,188.0,Moderate
Hyderabad,2015-11-02,54.91,93.72,0.71,1.15,7.07,38.74,106.0,Moderate
Hyderabad,2015-11-03,56.93,97.74,1.18,0.96,10.7,29.23,120.0,Moderate
Hyderabad,2015-11-04,40.67,90.56,1.72,0.99,13.4,32.02,130.0,Moderate
Hyderabad,2015-11-05,50.03,90.53,4.47,0.96,8.04,36.49,103.0,Moderate
Hyderabad,2015-11-06,89.59,107.82,14.73,1.53,10.99,36.11,179.0,Moderate
Hyderabad,2015-11-07,86.87,105.81,14.84,0.93,11.36,32.53,206.0,Poor
Hyderabad,2015-11-08,51.21,101.07,10.48,1.24,8.8,47.35,145.0,Moderate
Hyderabad,2015-11-09,53.87,118.33,15.98,0.59,8.37,40.12,114.0,Moderate
Hyderabad,2015-11-10,67.45,114.47,18.54,0.55,11.9,32.42,129.0,Moderate
Hyderabad,2015-11-11,85.48,115.5,17.0,0.78,13.68,38.48,135.0,Moderate
Hyderabad,2015-11-12,88.14,106.33,19.56,0.61,12.92,34.67,275.0,Poor
Hyderabad,2015-11-13,72.77,111.94,15.59,0.61,13.17,29.49,157.0,Moderate
Hyderabad,2015-11-14,61.82,99.33,15.61,1.19,13.89,33.99,131.0,Moderate
Hyderabad,2015-11-15,70.51,100.62,16.18,1.2,11.67,33.14,144.0,Moderate
Hyderabad,2015-11-16,69.02,98.3,10.53,1.06,12.49,32.91,130.0,Moderate
Hyderabad,2015-11-17,44.27,107.15,6.38,0.81,9.57,31.61,128.0,Moderate
Hyderabad,2015-11-18,46.31,92.72,6.58,0.84,9.58,30.33,102.0,Moderate
Hyderabad,2015-11-19,37.76,102.3,5.1,0.89,9.16,38.1,110.0,Moderate
Hyderabad,2015-11-20,30.44,74.28,6.96,0.94,8.51,21.91,86.0,Satisfactory
Hyderabad,2015-11-21,38.88,106.93,9.18,0.93,8.8,33.12,92.0,Satisfactory
Hyderabad,2015-11-22,70.96,104.88,7.21,1.25,9.36,43.03,121.0,Moderate
Hyderabad,2015-11-23,46.04,98.22,7.92,0.76,6.44,40.99,97.0,Satisfactory
Hyderabad,2015-11-24,40.59,94.94,10.51,0.92,9.44,36.46,102.0,Moderate
Hyderabad,2015-11-25,69.37,112.36,15.65,1.1,8.3,26.89,119.0,Moderate
Hyderabad,2015-11-26,91.06,108.82,21.0,1.4,11.16,25.38,199.0,Moderate
Hyderabad,2015-11-27,83.12,115.67,16.36,1.1,9.12,33.04,172.0,Moderate
Hyderabad,2015-11-28,81.22,110.9,11.75,1.01,9.53,39.42,172.0,Moderate
Hyderabad,2015-11-29,67.13,109.51,9.39,0.97,8.22,46.11,164.0,Moderate
Hyderabad,2015-11-30,45.49,106.29,8.74,0.92,8.03,31.7,119.0,Moderate
Hyderabad,2015-12-01,38.24,102.51,10.07,0.93,9.1,28.27,101.0,Moderate
Hyderabad,2015-12-02,29.53,80.84,10.13,0.87,7.72,21.04,95.0,Satisfactory
Hyderabad,2015-12-03,45.97,98.69,17.38,0.85,7.09,28.81,99.0,Satisfactory
Hyderabad,2015-12-04,57.22,103.72,19.75,1.28,9.04,31.38,120.0,Moderate
Hyderabad,2015-12-05,61.11,109.53,16.02,1.04,9.25,24.0,127.0,Moderate
Hyderabad,2015-12-07,79.25,105.66,22.09,1.17,8.71,24.41,160.0,Moderate
Hyderabad,2015-12-08,72.74,104.94,17.02,1.14,10.42,28.54,147.0,Moderate
Hyderabad,2015-12-09,60.2,104.11,16.7,1.12,7.05,29.88,137.0,Moderate
Hyderabad,2015-12-10,49.53,117.53,16.6,1.11,7.85,29.88,120.0,Moderate
Hyderabad,2015-12-11,24.85,64.47,12.14,0.91,8.54,20.59,101.0,Moderate
Hyderabad,2015-12-12,42.92,87.86,13.9,1.18,7.02,24.96,111.0,Moderate
Hyderabad,2015-12-13,57.34,93.23,9.76,0.86,8.74,31.37,124.0,Moderate
Hyderabad,2015-12-14,30.53,95.47,10.89,0.81,8.78,31.66,102.0,Moderate
Hyderabad,2015-12-15,30.54,98.14,14.83,0.89,8.37,32.98,100.0,Satisfactory
Hyderabad,2015-12-16,33.68,85.59,12.81,0.85,7.29,30.43,101.0,Moderate
Hyderabad,2015-12-17,33.48,81.25,12.47,0.8,9.02,28.24,92.0,Satisfactory
Hyderabad,2015-12-18,36.17,75.84,12.44,0.94,8.45,27.24,98.0,Satisfactory
Hyderabad,2015-12-19,38.31,103.29,13.32,1.03,7.17,22.6,101.0,Moderate
Hyderabad,2015-12-20,45.87,98.28,8.87,0.88,7.81,27.92,104.0,Moderate
Hyderabad,2015-12-21,30.24,82.51,11.64,0.6,9.7,28.87,93.0,Satisfactory
Hyderabad,2015-12-22,59.23,84.19,13.39,0.92,7.79,31.1,102.0,Moderate
Hyderabad,2015-12-23,38.41,83.4,12.88,0.8,6.71,30.15,115.0,Moderate
Hyderabad,2015-12-24,60.86,108.11,11.42,0.99,8.48,52.28,113.0,Moderate
Hyderabad,2015-12-25,74.08,94.0,8.91,0.91,11.36,72.53,142.0,Moderate
Hyderabad,2015-12-26,79.9,99.88,12.23,1.26,14.13,83.35,174.0,Moderate
Hyderabad,2015-12-27,79.52,97.83,14.89,1.26,17.09,61.51,176.0,Moderate
Hyderabad,2015-12-28,65.91,99.88,21.23,1.57,9.83,30.85,148.0,Moderate
Hyderabad,2015-12-29,68.43,98.43,27.59,1.52,12.64,23.09,147.0,Moderate
Hyderabad,2015-12-30,83.76,102.69,29.6,1.71,13.79,22.94,171.0,Moderate
Hyderabad,2015-12-31,177.62,98.01,25.5,1.73,14.74,25.9,213.0,Poor
Hyderabad,2016-01-01,232.83,108.2,17.35,1.45,8.56,27.64,387.0,Very Poor
Hyderabad,2016-01-02,71.44,111.72,16.6,1.15,8.39,38.01,211.0,Poor
Hyderabad,2016-01-03,66.92,105.15,15.35,1.23,7.77,35.08,145.0,Moderate
Hyderabad,2016-01-04,134.61,109.29,15.94,1.27,9.82,34.33,177.0,Moderate
Hyderabad,2016-01-05,80.83,113.23,16.65,1.21,8.87,34.37,218.0,Poor
Hyderabad,2016-01-06,109.82,105.67,19.71,1.33,8.84,35.03,205.0,Poor
Hyderabad,2016-01-07,66.19,102.61,13.35,0.93,7.82,42.99,195.0,Moderate
Hyderabad,2016-01-08,69.27,100.47,18.17,1.14,7.82,47.4,145.0,Moderate
Hyderabad,2016-01-09,97.2,108.77,20.69,1.26,8.82,46.2,228.0,Poor
Hyderabad,2016-01-10,72.09,101.26,19.99,1.17,8.85,62.68,200.0,Moderate
Hyderabad,2016-01-11,71.44,107.05,19.87,1.21,8.01,51.86,159.0,Moderate
Hyderabad,2016-01-12,129.67,103.49,22.42,1.39,7.62,49.16,219.0,Poor
Hyderabad,2016-01-13,103.44,99.88,21.93,1.22,10.39,53.34,257.0,Poor
Hyderabad,2016-01-14,60.76,98.54,13.38,0.91,7.1,69.54,216.0,Poor
Hyderabad,2016-01-15,56.01,104.73,7.15,0.73,7.28,68.31,155.0,Moderate
Hyderabad,2016-01-16,58.57,93.52,9.91,0.93,7.02,74.69,148.0,Moderate
Hyderabad,2016-01-17,54.12,99.69,8.61,1.05,8.47,74.38,161.0,Moderate
Hyderabad,2016-01-18,43.05,82.25,9.64,0.78,6.51,74.51,171.0,Moderate
Hyderabad,2016-01-19,50.38,79.94,9.39,0.74,7.33,39.71,152.0,Moderate
Hyderabad,2016-01-20,75.11,102.17,12.5,1.02,8.71,19.6,128.0,Moderate
Hyderabad,2016-01-21,62.65,114.92,10.2,0.78,10.16,37.85,147.0,Moderate
Hyderabad,2016-01-22,51.14,103.09,10.0,0.92,13.55,50.35,117.0,Moderate
Hyderabad,2016-01-23,66.16,97.42,13.23,0.99,8.42,48.7,118.0,Moderate
Hyderabad,2016-01-24,73.91,105.01,10.36,0.89,7.65,44.51,149.0,Moderate
Hyderabad,2016-01-25,69.02,103.83,6.65,1.25,9.03,42.29,148.0,Moderate
Hyderabad,2016-01-27,58.2,94.48,2.75,0.81,9.41,28.75,133.0,Moderate
Hyderabad,2016-01-28,66.76,103.98,2.59,1.24,12.97,0.1,117.0,Moderate
Hyderabad,2016-01-29,60.79,101.32,3.01,1.76,13.37,21.78,112.0,Moderate
Hyderabad,2016-01-30,61.3,95.96,2.88,1.94,12.42,20.34,110.0,Moderate
Hyderabad,2016-01-31,77.8,99.57,2.87,1.32,12.31,0.1,139.0,Moderate
Hyderabad,2016-02-01,67.17,104.62,2.76,1.43,11.66,0.1,136.0,Moderate
Hyderabad,2016-02-02,58.73,96.69,2.9,0.86,11.32,0.1,120.0,Moderate
Hyderabad,2016-02-03,57.81,100.26,3.04,1.73,12.69,0.1,112.0,Moderate
Hyderabad,2016-02-04,103.27,95.5,8.26,1.25,12.0,5.79,108.0,Moderate
Hyderabad,2016-02-05,68.56,107.67,13.49,0.98,9.9,35.46,174.0,Moderate
Hyderabad,2016-02-06,61.7,102.86,10.58,1.12,6.51,45.37,137.0,Moderate
Hyderabad,2016-02-07,61.74,101.15,8.97,0.92,3.82,45.44,121.0,Moderate
Hyderabad,2016-02-08,69.72,108.26,10.01,0.86,3.99,37.8,134.0,Moderate
Hyderabad,2016-02-09,72.39,106.72,11.19,1.02,4.32,40.99,149.0,Moderate
Hyderabad,2016-02-10,62.0,99.08,12.15,0.92,4.73,46.72,137.0,Moderate
Hyderabad,2016-02-11,66.95,109.31,10.13,0.92,6.21,51.08,124.0,Moderate
Hyderabad,2016-02-12,61.41,96.56,10.43,0.68,4.48,49.34,122.0,Moderate
Hyderabad,2016-02-13,62.77,102.95,10.25,0.89,4.77,50.96,120.0,Moderate
Hyderabad,2016-02-14,58.29,100.33,7.93,0.94,5.61,38.25,120.0,Moderate
Hyderabad,2016-02-15,56.27,98.59,9.52,0.67,5.45,33.34,116.0,Moderate
Hyderabad,2016-02-16,37.03,72.15,9.96,1.1,5.59,24.56,123.0,Moderate
Hyderabad,2016-02-17,47.56,121.88,12.95,0.93,5.36,35.93,95.0,Satisfactory
Hyderabad,2016-02-18,45.02,107.06,11.18,0.99,5.38,28.3,102.0,Moderate
Hyderabad,2016-02-19,44.95,91.3,12.82,1.06,4.95,25.76,100.0,Satisfactory
Hyderabad,2016-02-20,173.37,113.67,17.14,1.22,6.56,31.91,134.0,Moderate
Hyderabad,2016-02-21,525.09,94.0,19.14,1.57,8.75,37.36,442.0,Severe
Hyderabad,2016-02-22,353.58,95.54,16.83,1.17,9.43,38.86,510.0,Severe
Hyderabad,2016-02-23,65.95,107.3,10.53,0.82,7.15,43.44,235.0,Poor
Hyderabad,2016-02-24,50.22,95.03,9.25,0.79,7.02,41.45,115.0,Moderate
Hyderabad,2016-02-25,53.47,101.93,10.41,0.9,5.88,43.55,113.0,Moderate
Hyderabad,2016-02-26,48.65,96.82,7.94,0.89,6.79,26.1,109.0,Moderate
Hyderabad,2016-02-27,29.42,80.62,8.1,0.87,6.07,24.43,100.0,Satisfactory
Hyderabad,2016-02-28,36.27,91.18,9.6,0.79,5.97,22.35,99.0,Satisfactory
Hyderabad,2016-02-29,33.01,93.99,9.41,0.92,5.34,27.62,98.0,Satisfactory
Hyderabad,2016-03-01,38.91,86.74,8.86,0.88,5.35,33.92,102.0,Moderate
Hyderabad,2016-03-02,48.34,98.72,10.22,1.08,5.22,39.26,106.0,Moderate
Hyderabad,2016-03-03,50.06,88.76,12.11,1.0,7.78,45.55,110.0,Moderate
Hyderabad,2016-03-04,63.29,99.76,12.41,1.08,5.8,44.08,117.0,Moderate
Hyderabad,2016-03-05,65.76,105.71,12.36,1.1,6.89,47.03,129.0,Moderate
Hyderabad,2016-03-06,43.36,96.52,10.03,0.87,5.59,40.23,118.0,Moderate
Hyderabad,2016-03-07,38.93,85.11,8.1,0.77,5.48,40.82,100.0,Satisfactory
Hyderabad,2016-03-08,41.44,75.47,9.64,0.75,5.85,38.46,98.0,Satisfactory
Hyderabad,2016-03-09,50.81,86.52,13.18,1.33,9.26,41.84,118.0,Moderate
Hyderabad,2016-03-10,60.66,98.21,15.99,1.14,5.09,32.62,121.0,Moderate
Hyderabad,2016-03-11,63.93,96.69,16.48,1.11,6.07,36.32,117.0,Moderate
Hyderabad,2016-03-12,63.41,109.62,13.84,0.96,6.19,38.78,135.0,Moderate
Hyderabad,2016-03-13,57.96,98.74,8.84,0.82,6.35,47.36,121.0,Moderate
Hyderabad,2016-03-14,63.41,96.78,8.98,0.86,6.13,46.51,126.0,Moderate
Hyderabad,2016-03-15,48.22,87.46,8.51,0.85,4.96,25.95,109.0,Moderate
Hyderabad,2016-03-16,49.29,83.28,13.73,0.83,5.05,30.63,106.0,Moderate
Hyderabad,2016-03-17,45.8,77.21,13.46,1.05,5.53,28.15,111.0,Moderate
Hyderabad,2016-03-19,52.53,91.79,2.57,1.01,4.48,45.44,95.0,Satisfactory
Hyderabad,2016-03-20,65.12,98.55,2.69,1.37,6.6,36.69,111.0,Moderate
Hyderabad,2016-03-21,56.19,105.42,3.0,1.66,9.28,28.03,112.0,Moderate
Hyderabad,2016-03-22,56.72,103.22,3.09,1.53,12.25,45.66,121.0,Moderate
Hyderabad,2016-03-23,77.4,101.33,14.08,1.68,10.62,42.17,123.0,Moderate
Hyderabad,2016-03-24,73.6,105.96,10.41,0.85,5.67,53.31,160.0,Moderate
Hyderabad,2016-03-25,73.9,104.01,11.53,1.01,6.29,52.35,151.0,Moderate
Hyderabad,2016-03-26,61.09,106.24,11.4,0.91,4.08,49.85,134.0,Moderate
Hyderabad,2016-03-27,69.37,108.55,9.86,1.0,3.7,62.11,141.0,Moderate
Hyderabad,2016-03-28,64.25,111.27,9.19,1.18,4.33,55.42,138.0,Moderate
Hyderabad,2016-03-29,58.28,101.14,11.1,1.12,3.25,50.93,123.0,Moderate
Hyderabad,2016-03-30,55.96,95.45,11.15,1.13,3.89,46.22,125.0,Moderate
Hyderabad,2016-03-31,43.84,89.56,10.39,0.66,4.58,42.02,92.0,Satisfactory
Hyderabad,2016-04-01,57.97,99.89,11.52,0.9,6.58,47.76,103.0,Moderate
Hyderabad,2016-04-03,70.8,100.96,24.28,0.84,4.33,54.71,103.0,Moderate
Hyderabad,2016-04-04,53.75,104.14,24.81,1.21,4.43,50.46,146.0,Moderate
Hyderabad,2016-04-05,52.91,116.28,34.56,0.86,5.58,47.1,103.0,Moderate
Hyderabad,2016-04-06,50.6,114.32,33.59,1.5,4.5,43.43,117.0,Moderate
Hyderabad,2016-04-07,42.22,96.54,31.94,0.96,5.25,45.28,120.0,Moderate
Hyderabad,2016-04-08,31.46,84.57,35.11,0.8,4.88,47.55,88.0,Satisfactory
Hyderabad,2016-04-09,31.88,70.0,32.42,0.87,4.28,35.94,77.0,Satisfactory
Hyderabad,2016-04-10,28.04,75.69,34.6,0.82,6.37,40.03,79.0,Satisfactory
Hyderabad,2016-04-11,46.8,100.44,34.5,1.24,3.38,44.25,99.0,Satisfactory
Hyderabad,2016-04-12,48.99,87.94,34.56,1.61,10.06,41.0,117.0,Moderate
Hyderabad,2016-04-13,55.96,98.92,31.16,1.24,6.89,40.31,116.0,Moderate
Hyderabad,2016-04-14,66.47,109.42,37.0,1.2,10.04,42.49,131.0,Moderate
Hyderabad,2016-04-15,54.58,102.11,23.02,0.83,4.06,50.46,121.0,Moderate
Hyderabad,2016-04-16,70.92,96.84,21.28,1.05,3.85,48.14,125.0,Moderate
Hyderabad,2016-04-17,63.68,95.59,20.25,0.97,5.27,40.9,151.0,Moderate
Hyderabad,2016-04-18,51.86,108.24,28.92,1.2,4.67,27.96,139.0,Moderate
Hyderabad,2016-04-19,37.66,78.68,27.73,1.1,7.1,26.39,107.0,Moderate
Hyderabad,2016-04-20,45.0,93.9,33.13,1.02,7.21,29.12,105.0,Moderate
Hyderabad,2016-04-21,48.65,87.02,33.5,1.3,5.98,36.99,120.0,Moderate
Hyderabad,2016-04-22,41.99,103.25,41.0,1.06,6.03,40.99,100.0,Satisfactory
Hyderabad,2016-04-23,26.0,93.08,21.79,0.6,8.13,58.17,101.0,Moderate
Hyderabad,2016-04-26,56.86,109.0,44.83,0.17,9.29,39.46,102.0,Moderate
Hyderabad,2016-04-27,52.96,108.3,34.44,0.9,7.58,24.33,129.0,Moderate
Hyderabad,2016-04-28,44.3,89.26,34.53,0.51,8.18,34.32,110.0,Moderate
Hyderabad,2016-04-29,40.1,85.11,32.79,0.48,6.71,31.34,99.0,Satisfactory
Hyderabad,2016-04-30,33.33,76.71,31.35,0.47,7.87,47.78,100.0,Satisfactory
Hyderabad,2016-05-01,46.08,107.77,31.1,0.49,6.57,40.05,108.0,Moderate
Hyderabad,2016-05-02,37.28,84.02,26.57,0.43,6.13,52.45,104.0,Moderate
Hyderabad,2016-05-03,40.37,87.52,35.95,0.71,3.05,34.06,116.0,Moderate
Hyderabad,2016-05-04,30.1,56.02,20.72,0.38,5.1,49.45,92.0,Satisfactory
Hyderabad,2016-05-05,29.22,60.54,29.21,0.39,10.13,41.7,67.0,Satisfactory
Hyderabad,2016-05-06,60.88,66.45,44.45,0.7,1.15,26.27,72.0,Satisfactory
Hyderabad,2016-05-07,89.48,94.11,59.85,1.08,2.75,34.35,90.0,Satisfactory
Hyderabad,2016-05-08,40.12,50.94,35.16,1.65,6.65,43.27,156.0,Moderate
Hyderabad,2016-05-09,50.76,82.05,33.2,1.27,5.84,41.24,167.0,Moderate
Hyderabad,2016-05-10,30.45,56.0,44.42,1.27,8.4,35.04,105.0,Moderate
Hyderabad,2016-05-11,60.7,81.89,51.24,1.42,7.73,24.56,105.0,Moderate
Hyderabad,2016-05-12,51.09,96.09,46.69,1.66,15.51,38.0,135.0,Moderate
Hyderabad,2016-05-13,45.67,82.71,38.21,0.94,5.84,44.28,110.0,Moderate
Hyderabad,2016-05-14,46.24,90.98,35.88,0.9,5.23,51.78,110.0,Moderate
Hyderabad,2016-05-15,31.02,65.19,25.0,0.82,5.39,29.69,95.0,Satisfactory
Hyderabad,2016-05-16,28.39,73.3,29.68,0.79,4.71,31.52,92.0,Satisfactory
Hyderabad,2016-05-17,23.03,66.3,28.72,0.69,9.34,22.35,83.0,Satisfactory
Hyderabad,2016-05-18,29.65,72.39,28.29,0.84,7.27,23.33,84.0,Satisfactory
Hyderabad,2016-05-19,34.57,68.51,26.2,0.65,6.7,22.0,86.0,Satisfactory
Hyderabad,2016-05-20,29.56,53.7,19.21,0.6,3.26,32.38,92.0,Satisfactory
Hyderabad,2016-05-21,32.82,71.8,16.81,0.48,5.56,16.96,105.0,Moderate
Hyderabad,2016-05-22,34.45,87.0,22.97,0.67,5.71,18.1,93.0,Satisfactory
Hyderabad,2016-05-23,30.51,66.12,22.26,0.58,5.2,18.19,95.0,Satisfactory
Hyderabad,2016-05-24,31.95,72.51,24.79,0.63,5.62,20.13,87.0,Satisfactory
Hyderabad,2016-05-25,48.62,67.89,23.86,0.59,5.85,19.21,104.0,Moderate
Hyderabad,2016-05-26,42.25,44.45,22.65,0.52,4.88,22.3,147.0,Moderate
Hyderabad,2016-05-27,26.64,57.84,19.09,0.51,5.22,28.01,85.0,Satisfactory
Hyderabad,2016-05-28,25.43,63.82,20.32,0.53,6.0,29.17,80.0,Satisfactory
Hyderabad,2016-05-29,26.04,76.71,21.04,0.57,5.33,27.41,85.0,Satisfactory
Hyderabad,2016-08-09,8.86,41.75,8.99,0.68,6.51,10.1,86.0,Satisfactory
Hyderabad,2016-08-10,9.41,38.77,8.64,0.45,6.92,9.76,84.0,Satisfactory
Hyderabad,2016-08-11,7.81,26.51,9.11,0.44,6.2,9.13,63.0,Satisfactory
Hyderabad,2016-09-02,6.31,28.63,44.71,0.39,7.71,13.53,87.0,Satisfactory
Hyderabad,2016-09-03,10.4,30.27,57.09,0.45,10.59,14.46,78.0,Satisfactory
Hyderabad,2016-09-04,23.0,62.17,46.21,0.07,3.71,14.74,49.0,Good
Hyderabad,2016-09-06,28.28,87.32,74.51,0.27,16.38,14.26,85.0,Satisfactory
Hyderabad,2016-09-07,37.15,99.05,84.52,0.39,8.3,13.15,97.0,Satisfactory
Hyderabad,2016-09-08,25.0,82.86,78.74,0.2,12.95,15.26,93.0,Satisfactory
Hyderabad,2016-09-10,37.09,82.11,78.98,0.37,13.91,15.02,92.0,Satisfactory
Hyderabad,2016-09-11,24.59,59.97,70.69,0.32,4.45,16.52,66.0,Satisfactory
Hyderabad,2016-09-12,30.49,69.68,59.25,0.28,12.54,15.39,65.0,Satisfactory
Hyderabad,2016-09-13,23.2,43.26,42.07,0.31,9.58,22.48,66.0,Satisfactory
Hyderabad,2016-09-14,23.25,46.02,42.44,0.13,12.68,21.14,55.0,Satisfactory
Hyderabad,2016-09-15,15.79,36.7,46.68,0.15,11.29,18.76,70.0,Satisfactory
Hyderabad,2016-09-16,10.75,22.54,35.0,0.27,2.6,8.26,59.0,Satisfactory
Hyderabad,2016-09-20,9.93,21.82,31.44,0.25,1.98,24.77,62.0,Satisfactory
Hyderabad,2016-09-21,17.82,31.93,38.08,0.11,2.83,21.43,52.0,Satisfactory
Hyderabad,2016-09-22,13.08,34.21,37.98,0.1,4.39,26.59,52.0,Satisfactory
Hyderabad,2016-09-23,7.0,11.0,43.87,0.09,15.62,17.76,34.0,Good
Hyderabad,2016-09-25,21.28,37.15,43.64,0.17,4.1,21.7,66.0,Satisfactory
Hyderabad,2016-09-26,31.01,71.78,49.62,0.24,16.22,21.89,82.0,Satisfactory
Hyderabad,2016-09-27,33.84,76.67,51.19,0.3,7.71,23.63,78.0,Satisfactory
Hyderabad,2016-09-28,42.99,91.44,57.36,0.11,9.43,25.64,86.0,Satisfactory
Hyderabad,2016-09-29,39.5,103.83,53.2,0.17,7.08,27.93,100.0,Satisfactory
Hyderabad,2016-09-30,37.67,101.49,45.98,0.01,6.55,35.03,103.0,Moderate
Hyderabad,2016-10-01,16.68,31.02,42.12,0.24,8.03,29.57,70.0,Satisfactory
Hyderabad,2016-10-02,13.57,24.85,41.65,0.11,2.73,30.28,55.0,Satisfactory
Hyderabad,2016-10-03,12.72,33.72,26.93,0.19,9.91,25.02,72.0,Satisfactory
Hyderabad,2016-10-04,11.98,35.51,42.12,0.03,6.74,22.95,47.0,Good
Hyderabad,2016-10-05,9.83,32.3,35.58,0.07,5.53,23.2,73.0,Satisfactory
Hyderabad,2016-10-06,15.29,52.36,47.47,0.1,6.85,20.62,56.0,Satisfactory
Hyderabad,2016-10-07,15.45,57.53,40.95,0.2,6.22,23.05,63.0,Satisfactory
Hyderabad,2016-10-08,16.38,37.54,39.15,0.08,3.2,22.36,55.0,Satisfactory
Hyderabad,2016-10-09,12.88,45.38,45.99,0.05,1.55,30.7,65.0,Satisfactory
Hyderabad,2016-10-12,48.55,108.27,45.48,0.43,19.26,27.61,106.0,Moderate
Hyderabad,2016-10-13,50.52,99.86,63.89,0.65,15.29,26.79,104.0,Moderate
Hyderabad,2016-10-14,44.48,94.36,73.13,0.62,22.54,33.44,97.0,Satisfactory
Hyderabad,2016-10-15,45.06,101.0,61.79,0.59,15.96,38.65,97.0,Satisfactory
Hyderabad,2016-10-16,56.83,104.28,75.39,0.79,21.55,33.68,108.0,Moderate
Hyderabad,2016-10-17,54.95,94.42,87.44,0.53,23.06,26.69,100.0,Satisfactory
Hyderabad,2016-10-18,60.17,94.51,92.33,0.59,27.92,25.99,97.0,Satisfactory
Hyderabad,2016-10-19,58.85,101.67,75.82,0.97,29.86,35.87,103.0,Moderate
Hyderabad,2016-10-20,61.53,106.2,77.75,0.81,34.73,35.26,104.0,Moderate
Hyderabad,2016-10-21,59.04,100.29,71.09,0.51,35.22,35.03,102.0,Moderate
Hyderabad,2016-10-22,54.48,108.28,79.11,0.39,29.12,34.31,104.0,Moderate
Hyderabad,2016-10-24,58.23,108.26,66.72,0.3,30.29,29.52,107.0,Moderate
Hyderabad,2016-10-25,64.18,103.01,68.11,0.38,18.9,27.18,114.0,Moderate
Hyderabad,2016-10-26,61.11,105.64,60.83,0.33,32.05,38.81,107.0,Moderate
Hyderabad,2016-10-27,64.35,101.48,50.97,0.33,44.21,56.45,117.0,Moderate
Hyderabad,2016-10-28,62.16,99.01,41.2,0.38,47.38,70.1,116.0,Moderate
Hyderabad,2016-10-29,73.11,104.96,49.76,0.5,46.17,56.15,130.0,Moderate
Hyderabad,2016-10-30,63.6,97.16,25.39,0.33,19.58,55.87,129.0,Moderate
Hyderabad,2016-10-31,58.15,84.2,24.36,0.54,23.55,46.88,106.0,Moderate
Hyderabad,2016-11-01,73.45,106.62,35.18,0.57,47.02,58.59,118.0,Moderate
Hyderabad,2016-11-02,64.93,100.92,22.8,0.35,45.54,68.19,134.0,Moderate
Hyderabad,2016-11-03,61.75,97.54,23.49,0.35,35.06,58.34,104.0,Moderate
Hyderabad,2016-11-04,65.1,101.16,13.74,0.36,31.95,58.26,113.0,Moderate
Hyderabad,2016-11-05,67.23,100.75,31.41,0.26,31.89,66.88,151.0,Moderate
Hyderabad,2016-11-06,65.76,104.57,25.01,0.36,31.29,66.89,119.0,Moderate
Hyderabad,2016-11-07,66.65,112.8,18.35,0.35,40.78,72.73,124.0,Moderate
Hyderabad,2016-11-08,60.51,107.1,36.85,0.47,38.63,66.96,112.0,Moderate
Hyderabad,2016-11-09,65.33,103.8,42.02,0.45,35.56,74.13,147.0,Moderate
Hyderabad,2016-11-10,71.55,106.32,56.07,0.45,46.68,79.48,144.0,Moderate
Hyderabad,2016-11-11,62.24,97.74,52.96,0.92,46.54,79.89,129.0,Moderate
Hyderabad,2016-11-12,61.83,104.38,53.12,0.61,35.55,92.1,152.0,Moderate
Hyderabad,2016-11-13,60.96,98.46,48.17,0.64,28.22,91.75,163.0,Moderate
Hyderabad,2016-11-14,61.46,99.72,45.51,0.74,16.38,59.28,122.0,Moderate
Hyderabad,2016-11-15,67.56,102.5,35.21,0.54,25.31,55.35,125.0,Moderate
Hyderabad,2016-11-16,59.73,101.38,36.72,0.59,51.36,78.43,140.0,Moderate
Hyderabad,2016-11-17,63.35,103.32,38.09,0.49,42.96,75.33,104.0,Moderate
Hyderabad,2016-11-18,61.71,95.29,41.53,0.45,37.9,76.18,133.0,Moderate
Hyderabad,2016-11-19,61.8,98.96,58.71,0.52,44.93,67.7,141.0,Moderate
Hyderabad,2016-11-20,61.0,96.5,63.32,0.57,30.3,64.43,122.0,Moderate
Hyderabad,2016-11-21,55.76,85.33,59.47,0.51,36.43,53.54,105.0,Moderate
Hyderabad,2016-11-22,60.32,89.17,65.82,0.5,31.34,42.62,98.0,Satisfactory
Hyderabad,2016-11-23,62.65,91.64,51.12,0.52,34.96,63.49,124.0,Moderate
Hyderabad,2016-11-24,64.38,95.85,60.39,0.64,31.07,67.2,162.0,Moderate
Hyderabad,2016-11-25,63.41,102.09,37.87,0.59,41.97,50.88,136.0,Moderate
Hyderabad,2016-11-26,52.96,90.29,8.25,0.55,38.34,32.64,109.0,Moderate
Hyderabad,2016-11-27,59.95,98.75,5.3,0.5,48.96,51.89,106.0,Moderate
Hyderabad,2016-11-28,63.92,103.2,5.31,0.49,42.29,57.06,105.0,Moderate
Hyderabad,2016-11-29,55.4,95.5,27.3,0.3,41.03,49.06,113.0,Moderate
Hyderabad,2016-11-30,58.98,95.61,72.0,0.43,37.54,44.92,100.0,Satisfactory
Hyderabad,2016-12-01,58.86,97.97,54.03,0.38,23.1,49.67,103.0,Moderate
Hyderabad,2016-12-02,61.32,101.59,54.28,0.17,35.08,38.95,96.0,Satisfactory
Hyderabad,2016-12-03,57.06,89.69,38.29,0.28,8.7,33.69,112.0,Moderate
Hyderabad,2016-12-04,59.44,94.88,40.89,0.41,20.04,32.84,94.0,Satisfactory
Hyderabad,2016-12-05,66.0,104.04,46.01,0.49,38.17,39.49,112.0,Moderate
Hyderabad,2016-12-06,65.98,100.21,43.82,0.46,39.34,62.06,115.0,Moderate
Hyderabad,2016-12-07,58.07,91.26,58.31,0.32,44.6,47.96,109.0,Moderate
Hyderabad,2016-12-08,60.69,102.1,64.12,0.36,36.91,53.68,110.0,Moderate
Hyderabad,2016-12-09,63.73,106.83,60.81,0.29,30.48,62.7,126.0,Moderate
Hyderabad,2016-12-10,61.83,103.12,60.63,0.38,34.5,54.68,117.0,Moderate
Hyderabad,2016-12-11,61.79,97.38,68.61,0.37,45.32,50.84,104.0,Moderate
Hyderabad,2016-12-12,48.86,104.26,58.18,0.45,46.34,45.44,103.0,Moderate
Hyderabad,2016-12-13,60.56,103.88,55.27,0.26,41.86,37.38,105.0,Moderate
Hyderabad,2016-12-14,44.66,62.82,27.18,0.28,7.84,36.95,82.0,Satisfactory
Hyderabad,2016-12-15,57.33,93.83,49.45,0.25,13.93,27.81,96.0,Satisfactory
Hyderabad,2016-12-16,64.61,96.25,48.99,0.28,33.63,44.11,133.0,Moderate
Hyderabad,2016-12-17,56.65,95.79,60.92,0.47,34.23,40.88,117.0,Moderate
Hyderabad,2016-12-18,54.74,94.68,62.77,0.33,38.49,40.87,96.0,Satisfactory
Hyderabad,2016-12-19,61.36,96.74,65.8,0.32,43.85,46.78,102.0,Moderate
Hyderabad,2016-12-20,60.03,94.81,67.81,0.34,49.63,56.91,117.0,Moderate
Hyderabad,2016-12-21,54.24,95.55,73.32,0.42,45.43,49.4,106.0,Moderate
Hyderabad,2016-12-22,58.12,96.04,67.71,0.36,44.42,49.82,102.0,Moderate
Hyderabad,2016-12-23,60.2,95.54,67.78,0.33,37.44,42.22,101.0,Moderate
Hyderabad,2016-12-24,60.28,103.11,70.51,0.43,31.91,55.7,104.0,Moderate
Hyderabad,2016-12-25,61.28,103.5,58.82,0.51,11.31,63.02,106.0,Moderate
Hyderabad,2016-12-26,53.5,99.82,55.26,0.73,19.3,51.25,106.0,Moderate
Hyderabad,2016-12-27,54.32,92.67,69.63,0.74,42.58,49.14,95.0,Satisfactory
Hyderabad,2016-12-28,62.67,101.25,73.53,0.45,39.57,74.29,160.0,Moderate
Hyderabad,2016-12-29,60.05,98.82,58.31,0.48,10.11,57.89,124.0,Moderate
Hyderabad,2016-12-30,61.49,104.8,49.74,0.37,15.23,80.55,160.0,Moderate
Hyderabad,2016-12-31,61.98,110.38,40.04,0.28,6.27,83.19,173.0,Moderate
Hyderabad,2017-01-01,61.25,100.46,39.37,0.25,6.08,69.11,110.0,Moderate
Hyderabad,2017-01-02,47.21,80.12,52.0,0.33,20.73,47.61,103.0,Moderate
Hyderabad,2017-01-03,65.45,132.09,58.68,0.31,22.99,50.37,103.0,Moderate
Hyderabad,2017-01-04,116.03,197.89,58.2,0.15,37.31,56.42,215.0,Poor
Hyderabad,2017-01-05,96.21,162.27,57.6,0.0,25.88,45.66,276.0,Poor
Hyderabad,2017-01-06,75.89,147.99,69.76,0.0,34.18,36.8,158.0,Moderate
Hyderabad,2017-01-07,63.83,104.25,37.49,0.0,7.83,58.44,137.0,Moderate
Hyderabad,2017-01-08,62.34,100.56,34.38,0.0,3.21,52.76,102.0,Moderate
Hyderabad,2017-01-09,51.67,80.46,30.24,0.0,3.56,60.3,96.0,Satisfactory
Hyderabad,2017-01-10,61.42,112.53,36.21,0.0,6.6,53.49,98.0,Satisfactory
Hyderabad,2017-01-11,82.34,168.93,49.71,0.0,29.68,49.64,163.0,Moderate
Hyderabad,2017-01-12,115.47,212.64,55.94,0.0,55.61,51.68,236.0,Poor
Hyderabad,2017-01-13,108.41,166.25,49.01,0.0,16.8,43.54,281.0,Poor
Hyderabad,2017-01-14,73.75,114.17,38.15,0.0,7.78,47.92,183.0,Moderate
Hyderabad,2017-01-15,81.72,120.38,39.02,0.0,3.77,42.95,164.0,Moderate
Hyderabad,2017-01-16,83.39,140.24,52.77,0.0,21.93,30.43,184.0,Moderate
Hyderabad,2017-01-17,64.14,116.31,49.49,0.0,5.32,32.75,133.0,Moderate
Hyderabad,2017-01-18,54.56,81.16,34.26,0.0,4.16,58.14,126.0,Moderate
Hyderabad,2017-01-19,67.09,109.2,38.78,0.0,3.76,66.33,104.0,Moderate
Hyderabad,2017-01-20,76.51,135.24,49.29,0.0,9.0,55.29,150.0,Moderate
Hyderabad,2017-01-21,69.51,137.83,63.8,0.0,7.19,48.08,156.0,Moderate
Hyderabad,2017-01-22,60.61,111.85,49.44,0.0,6.68,53.25,113.0,Moderate
Hyderabad,2017-01-23,83.79,150.97,52.58,0.0,13.58,53.54,156.0,Moderate
Hyderabad,2017-01-24,71.49,148.62,50.58,0.0,12.35,53.29,151.0,Moderate
Hyderabad,2017-01-25,76.94,144.81,47.79,0.0,9.19,58.67,149.0,Moderate
Hyderabad,2017-01-26,64.21,108.56,32.92,0.0,4.04,75.82,132.0,Moderate
Hyderabad,2017-01-27,56.14,100.4,41.9,0.0,7.88,51.86,100.0,Satisfactory
Hyderabad,2017-01-28,68.79,131.75,43.74,0.0,12.09,43.59,115.0,Moderate
Hyderabad,2017-01-29,85.73,157.28,53.72,0.0,34.99,49.54,199.0,Moderate
Hyderabad,2017-01-30,62.96,124.01,60.35,0.0,19.96,56.94,129.0,Moderate
Hyderabad,2017-01-31,54.98,115.66,46.64,0.0,12.33,53.74,110.0,Moderate
Hyderabad,2017-02-01,44.56,87.45,35.7,0.0,5.74,74.98,151.0,Moderate
Hyderabad,2017-02-02,52.36,96.1,37.44,0.0,3.48,68.59,102.0,Moderate
Hyderabad,2017-02-03,58.81,109.98,42.23,0.0,8.29,76.03,113.0,Moderate
Hyderabad,2017-02-04,68.29,141.85,52.03,0.0,13.7,82.95,149.0,Moderate
Hyderabad,2017-02-05,56.73,117.29,45.95,0.0,11.04,98.75,164.0,Moderate
Hyderabad,2017-02-06,64.14,136.36,52.4,0.0,18.17,61.34,118.0,Moderate
Hyderabad,2017-02-07,93.54,188.21,60.66,0.0,25.9,42.44,185.0,Moderate
Hyderabad,2017-02-08,83.13,163.13,51.31,0.0,17.22,45.33,180.0,Moderate
Hyderabad,2017-02-09,70.3,134.14,45.89,0.0,7.48,50.11,161.0,Moderate
Hyderabad,2017-02-10,64.97,108.1,35.98,0.0,5.02,67.42,121.0,Moderate
Hyderabad,2017-02-14,62.32,115.04,35.19,0.0,10.09,57.4,137.0,Moderate
Hyderabad,2017-02-15,66.1,129.76,40.94,0.08,10.89,38.79,123.0,Moderate
Hyderabad,2017-02-16,85.12,173.28,46.28,0.11,23.38,40.55,158.0,Moderate
Hyderabad,2017-02-17,82.76,203.34,46.37,0.28,29.72,37.61,193.0,Moderate
Hyderabad,2017-02-18,75.46,197.99,46.97,0.24,33.86,39.71,179.0,Moderate
Hyderabad,2017-02-19,63.58,163.83,40.25,0.23,27.84,50.72,141.0,Moderate
Hyderabad,2017-02-20,57.61,157.84,35.93,0.25,22.31,39.94,160.0,Moderate
Hyderabad,2017-02-21,53.34,144.79,44.31,0.24,25.23,39.26,128.0,Moderate
Hyderabad,2017-02-22,65.52,167.51,46.93,0.27,20.72,49.52,161.0,Moderate
Hyderabad,2017-02-23,72.0,184.43,48.13,0.28,24.77,52.2,164.0,Moderate
Hyderabad,2017-02-24,68.68,178.16,44.73,0.21,30.71,56.79,183.0,Moderate
Hyderabad,2017-02-25,80.73,198.07,46.49,0.21,40.3,51.85,165.0,Moderate
Hyderabad,2017-02-26,64.09,163.99,44.5,0.22,26.83,57.97,165.0,Moderate
Hyderabad,2017-02-27,55.13,148.99,39.79,0.28,17.65,64.27,179.0,Moderate
Hyderabad,2017-02-28,69.06,177.21,45.33,0.23,27.21,64.43,197.0,Moderate
Hyderabad,2017-03-01,63.3,161.94,38.86,0.24,15.45,38.61,166.0,Moderate
Hyderabad,2017-03-02,57.86,130.83,29.63,0.19,10.31,42.14,147.0,Moderate
Hyderabad,2017-03-03,28.95,87.02,25.79,0.14,7.43,51.83,142.0,Moderate
Hyderabad,2017-03-04,32.73,90.8,25.01,0.16,10.15,68.85,116.0,Moderate
Hyderabad,2017-03-05,31.06,69.14,19.79,0.14,14.85,55.32,102.0,Moderate
Hyderabad,2017-03-06,42.16,106.15,28.0,0.17,9.61,50.93,106.0,Moderate
Hyderabad,2017-03-07,35.62,80.09,17.76,0.14,12.29,55.68,109.0,Moderate
Hyderabad,2017-03-08,45.6,118.95,28.85,0.13,13.64,57.87,124.0,Moderate
Hyderabad,2017-03-09,77.14,189.5,45.09,0.2,19.6,47.16,181.0,Moderate
Hyderabad,2017-03-10,30.97,89.71,24.09,0.12,9.13,42.43,113.0,Moderate
Hyderabad,2017-03-11,30.33,111.84,33.13,0.11,12.9,43.3,108.0,Moderate
Hyderabad,2017-03-12,43.8,146.18,41.87,0.16,22.58,44.15,117.0,Moderate
Hyderabad,2017-03-13,63.7,181.89,42.87,0.21,25.87,52.81,143.0,Moderate
Hyderabad,2017-03-14,50.64,132.94,37.51,0.16,17.73,50.11,161.0,Moderate
Hyderabad,2017-03-15,21.27,57.52,18.26,0.11,7.85,41.95,95.0,Satisfactory
Hyderabad,2017-03-16,27.44,44.62,24.38,0.11,7.14,42.8,76.0,Satisfactory
Hyderabad,2017-03-17,54.73,118.8,45.98,0.16,17.35,39.39,97.0,Satisfactory
Hyderabad,2017-03-18,67.57,186.0,52.24,0.2,21.64,34.77,146.0,Moderate
Hyderabad,2017-03-19,63.1,216.97,54.07,0.19,24.11,29.02,167.0,Moderate
Hyderabad,2017-03-20,52.04,186.28,43.35,0.19,24.0,25.22,144.0,Moderate
Hyderabad,2017-03-21,61.33,191.22,50.59,0.17,29.93,41.21,145.0,Moderate
Hyderabad,2017-03-22,60.92,175.69,52.0,0.17,21.17,68.16,171.0,Moderate
Hyderabad,2017-03-23,60.33,158.98,48.25,0.23,10.61,64.54,175.0,Moderate
Hyderabad,2017-03-24,54.59,135.47,42.79,0.17,11.49,64.9,148.0,Moderate
Hyderabad,2017-03-25,60.55,148.34,41.27,0.19,14.86,63.64,137.0,Moderate
Hyderabad,2017-03-26,62.45,152.69,38.24,0.17,12.7,65.94,140.0,Moderate
Hyderabad,2017-03-27,57.61,144.64,39.4,0.16,13.08,66.96,164.0,Moderate
Hyderabad,2017-03-28,51.42,128.17,38.28,0.16,10.89,57.96,154.0,Moderate
Hyderabad,2017-03-29,49.28,117.75,33.72,0.16,6.55,57.0,127.0,Moderate
Hyderabad,2017-03-30,47.02,122.96,35.07,0.17,8.66,54.3,114.0,Moderate
Hyderabad,2017-03-31,45.77,119.32,35.7,0.15,8.68,62.1,150.0,Moderate
Hyderabad,2017-04-01,44.15,117.72,30.98,0.14,6.09,59.95,136.0,Moderate
Hyderabad,2017-04-02,51.9,144.41,41.35,0.16,8.48,49.08,123.0,Moderate
Hyderabad,2017-04-03,50.37,125.87,34.02,0.15,7.24,53.76,132.0,Moderate
Hyderabad,2017-04-04,43.52,105.3,30.44,0.14,10.83,55.87,123.0,Moderate
Hyderabad,2017-04-05,47.15,98.46,29.71,0.15,7.18,43.12,103.0,Moderate
Hyderabad,2017-04-06,44.33,118.21,36.95,0.16,9.13,39.14,92.0,Satisfactory
Hyderabad,2017-04-07,48.68,119.71,32.91,0.14,9.66,48.79,136.0,Moderate
Hyderabad,2017-04-08,68.34,186.2,38.38,0.2,16.14,41.4,128.0,Moderate
Hyderabad,2017-04-09,77.56,193.33,49.22,0.29,14.15,36.76,175.0,Moderate
Hyderabad,2017-04-10,67.48,184.29,39.61,0.21,17.04,46.58,164.0,Moderate
Hyderabad,2017-04-11,77.94,235.99,52.07,0.23,30.86,41.49,192.0,Moderate
Hyderabad,2017-04-12,158.04,485.88,70.52,0.3,70.39,10.79,199.0,Moderate
Hyderabad,2017-04-13,59.32,161.14,37.36,0.15,18.52,64.29,173.0,Moderate
Hyderabad,2017-04-14,60.92,155.57,32.52,0.17,16.51,53.34,165.0,Moderate
Hyderabad,2017-04-15,57.68,161.11,29.2,0.16,15.79,46.79,152.0,Moderate
Hyderabad,2017-04-16,56.31,172.7,28.75,0.15,14.29,41.88,148.0,Moderate
Hyderabad,2017-04-17,68.97,221.35,41.41,0.23,23.3,41.35,173.0,Moderate
Hyderabad,2017-04-18,70.99,219.74,45.1,0.25,22.43,56.8,191.0,Moderate
Hyderabad,2017-04-19,57.04,157.84,27.79,0.14,9.25,50.43,166.0,Moderate
Hyderabad,2017-04-20,49.73,155.18,35.29,0.12,15.24,48.24,131.0,Moderate
Hyderabad,2017-04-21,45.5,146.01,37.88,0.13,15.64,48.44,136.0,Moderate
Hyderabad,2017-04-22,53.51,173.04,42.5,0.19,19.01,42.89,143.0,Moderate
Hyderabad,2017-04-23,58.3,187.29,42.34,0.16,23.97,36.37,156.0,Moderate
Hyderabad,2017-04-24,57.26,195.54,40.89,0.17,19.79,33.12,162.0,Moderate
Hyderabad,2017-04-25,55.63,186.41,42.61,0.18,27.37,35.6,156.0,Moderate
Hyderabad,2017-04-26,61.48,178.52,51.82,0.06,19.33,26.72,151.0,Moderate
Hyderabad,2017-04-27,63.36,195.29,45.42,0.19,22.7,48.36,171.0,Moderate
Hyderabad,2017-04-28,37.64,90.98,23.58,0.09,5.2,70.21,142.0,Moderate
Hyderabad,2017-04-29,27.39,97.09,29.07,0.09,10.98,59.6,127.0,Moderate
Hyderabad,2017-04-30,24.73,71.82,25.71,0.1,11.4,55.85,99.0,Satisfactory
Hyderabad,2017-05-01,24.54,68.79,26.4,0.09,11.13,45.05,99.0,Satisfactory
Hyderabad,2017-05-02,29.34,70.91,21.73,0.1,5.69,64.01,110.0,Moderate
Hyderabad,2017-05-03,37.31,85.68,25.09,0.11,4.14,54.45,118.0,Moderate
Hyderabad,2017-05-04,43.24,111.88,26.06,0.15,8.28,52.6,130.0,Moderate
Hyderabad,2017-05-05,40.48,113.26,24.97,0.15,8.41,65.03,138.0,Moderate
Hyderabad,2017-05-06,38.11,89.14,25.56,0.11,11.54,50.37,122.0,Moderate
Hyderabad,2017-05-07,29.4,80.54,12.86,0.09,6.91,67.42,98.0,Satisfactory
Hyderabad,2017-05-08,27.81,82.02,18.72,0.06,10.16,62.99,131.0,Moderate
Hyderabad,2017-05-09,32.95,91.33,41.36,0.06,10.25,53.25,109.0,Moderate
Hyderabad,2017-05-10,31.54,71.48,56.78,0.16,5.59,93.07,165.0,Moderate
Hyderabad,2017-05-11,30.22,66.24,72.96,0.14,3.96,57.35,123.0,Moderate
Hyderabad,2017-05-12,34.8,77.97,36.6,0.15,4.51,53.61,86.0,Satisfactory
Hyderabad,2017-05-13,36.41,94.82,38.77,0.14,5.92,45.63,84.0,Satisfactory
Hyderabad,2017-05-14,40.68,101.34,42.42,0.15,4.93,44.74,107.0,Moderate
Hyderabad,2017-05-15,35.14,80.34,30.94,0.11,6.38,49.94,85.0,Satisfactory
Hyderabad,2017-05-16,37.13,108.52,41.07,0.11,9.81,37.77,98.0,Satisfactory
Hyderabad,2017-05-17,37.23,102.58,38.74,0.11,8.88,38.04,102.0,Moderate
Hyderabad,2017-05-18,48.21,159.97,50.64,0.13,11.25,32.17,118.0,Moderate
Hyderabad,2017-05-19,45.73,153.81,49.46,0.11,12.25,32.93,148.0,Moderate
Hyderabad,2017-05-20,41.91,143.04,48.49,0.11,10.89,36.62,126.0,Moderate
Hyderabad,2017-05-21,35.78,119.47,47.98,0.16,10.0,39.06,131.0,Moderate
Hyderabad,2017-05-22,38.13,117.36,51.56,0.13,8.43,44.56,115.0,Moderate
Hyderabad,2017-05-23,49.56,173.1,66.04,0.15,12.73,29.12,130.0,Moderate
Hyderabad,2017-05-24,57.16,177.19,70.75,0.17,9.6,30.25,156.0,Moderate
Hyderabad,2017-05-25,39.09,115.26,45.01,0.09,4.46,47.08,127.0,Moderate
Hyderabad,2017-05-26,43.73,135.42,47.81,0.1,7.28,45.06,119.0,Moderate
Hyderabad,2017-05-27,26.99,79.38,30.37,0.07,4.17,43.41,103.0,Moderate
Hyderabad,2017-05-28,26.35,79.05,35.91,0.09,6.47,53.11,93.0,Satisfactory
Hyderabad,2017-05-29,19.02,78.46,42.99,0.06,5.75,41.03,76.0,Satisfactory
Hyderabad,2017-05-30,17.31,78.58,46.38,0.06,10.87,36.63,82.0,Satisfactory
Hyderabad,2017-05-31,11.35,45.33,22.84,0.05,2.78,45.72,80.0,Satisfactory
Hyderabad,2017-06-01,10.04,35.01,25.83,0.06,1.66,48.75,79.0,Satisfactory
Hyderabad,2017-06-02,13.75,45.45,22.7,0.07,3.03,57.96,109.0,Moderate
Hyderabad,2017-06-03,13.78,42.98,19.42,0.07,2.33,53.33,103.0,Moderate
Hyderabad,2017-06-04,14.36,40.42,24.08,0.08,4.09,46.26,84.0,Satisfactory
Hyderabad,2017-06-05,16.11,54.35,19.2,0.07,6.0,54.74,106.0,Moderate
Hyderabad,2017-06-06,17.77,57.12,21.89,0.09,4.06,54.65,97.0,Satisfactory
Hyderabad,2017-06-07,12.3,31.28,11.7,0.07,3.66,48.45,74.0,Satisfactory
Hyderabad,2017-06-08,11.78,27.93,19.22,0.08,2.68,36.3,67.0,Satisfactory
Hyderabad,2017-06-09,17.05,39.07,20.03,0.08,5.5,33.48,69.0,Satisfactory
Hyderabad,2017-06-10,7.84,21.21,15.62,0.1,3.68,36.93,68.0,Satisfactory
Hyderabad,2017-06-11,7.85,18.39,15.56,0.09,2.04,27.75,61.0,Satisfactory
Hyderabad,2017-06-12,5.56,11.67,8.47,0.07,3.57,27.08,50.0,Good
Hyderabad,2017-06-13,6.92,16.59,17.19,0.13,4.03,42.25,63.0,Satisfactory
Hyderabad,2017-06-14,19.65,42.88,16.5,0.25,3.87,54.73,84.0,Satisfactory
Hyderabad,2017-06-15,13.54,30.33,18.12,0.21,3.98,48.18,75.0,Satisfactory
Hyderabad,2017-06-16,9.71,21.19,14.66,0.19,3.1,50.2,72.0,Satisfactory
Hyderabad,2017-06-17,13.07,35.43,16.86,0.23,4.67,52.04,94.0,Satisfactory
Hyderabad,2017-06-18,12.88,33.71,15.24,0.17,4.33,54.45,86.0,Satisfactory
Hyderabad,2017-06-19,7.61,18.66,11.6,0.17,3.95,40.17,82.0,Satisfactory
Hyderabad,2017-06-20,7.38,23.73,12.26,0.14,3.67,39.37,83.0,Satisfactory
Hyderabad,2017-06-21,8.66,29.59,14.39,0.14,11.12,37.42,70.0,Satisfactory
Hyderabad,2017-06-22,11.4,39.16,18.0,0.16,4.17,27.54,59.0,Satisfactory
Hyderabad,2017-06-23,11.48,37.59,15.64,0.18,5.22,29.81,67.0,Satisfactory
Hyderabad,2017-06-24,10.85,39.43,11.31,0.16,5.26,34.33,63.0,Satisfactory
Hyderabad,2017-06-25,11.81,37.65,13.1,0.15,5.17,35.59,60.0,Satisfactory
Hyderabad,2017-06-26,11.79,38.79,10.8,0.14,5.22,33.43,63.0,Satisfactory
Hyderabad,2017-06-27,11.82,36.34,11.63,0.09,5.31,31.88,53.0,Satisfactory
Hyderabad,2017-06-28,8.84,29.13,14.13,0.09,13.04,31.16,60.0,Satisfactory
Hyderabad,2017-06-29,10.38,39.46,12.42,0.18,5.66,32.42,62.0,Satisfactory
Hyderabad,2017-06-30,13.08,53.54,11.15,0.14,5.22,33.21,61.0,Satisfactory
Hyderabad,2017-07-01,10.98,42.56,12.28,0.14,3.86,32.5,63.0,Satisfactory
Hyderabad,2017-07-02,9.75,37.86,11.87,0.13,6.13,31.55,66.0,Satisfactory
Hyderabad,2017-07-03,11.8,46.69,13.33,0.17,6.91,32.11,66.0,Satisfactory
Hyderabad,2017-07-04,15.53,48.65,13.28,0.15,13.54,29.3,57.0,Satisfactory
Hyderabad,2017-07-05,10.4,37.0,12.88,0.16,13.72,30.35,58.0,Satisfactory
Hyderabad,2017-07-06,14.66,45.03,14.12,0.18,7.07,29.56,57.0,Satisfactory
Hyderabad,2017-07-07,14.77,43.48,16.09,0.17,5.99,30.48,63.0,Satisfactory
Hyderabad,2017-07-08,18.19,55.27,15.37,0.15,6.05,34.11,66.0,Satisfactory
Hyderabad,2017-07-09,18.1,47.47,14.82,0.16,6.71,32.87,61.0,Satisfactory
Hyderabad,2017-07-10,15.0,39.94,17.03,0.19,7.42,29.39,60.0,Satisfactory
Hyderabad,2017-07-11,19.31,59.13,16.31,0.16,6.56,26.9,60.0,Satisfactory
Hyderabad,2017-07-12,14.29,47.25,15.3,0.15,5.86,29.41,66.0,Satisfactory
Hyderabad,2017-07-13,14.49,42.92,12.53,0.17,5.98,28.55,58.0,Satisfactory
Hyderabad,2017-07-14,13.9,35.06,13.56,0.14,5.01,27.6,53.0,Satisfactory
Hyderabad,2017-07-15,16.53,63.46,11.48,0.14,6.85,29.24,74.0,Satisfactory
Hyderabad,2017-07-16,10.24,34.05,8.45,0.17,6.48,34.63,86.0,Satisfactory
Hyderabad,2017-07-17,10.78,27.38,12.06,0.16,4.3,31.84,93.0,Satisfactory
Hyderabad,2017-07-18,8.48,18.17,10.62,0.15,2.97,26.27,47.0,Good
Hyderabad,2017-07-19,5.72,14.48,12.4,0.15,3.27,25.0,46.0,Good
Hyderabad,2017-07-20,6.54,16.81,9.5,0.14,3.09,26.17,48.0,Good
Hyderabad,2017-07-21,10.83,34.66,9.71,0.15,4.23,28.25,50.0,Good
Hyderabad,2017-07-22,13.37,53.26,10.08,0.15,5.05,29.49,55.0,Satisfactory
Hyderabad,2017-07-23,15.97,66.76,11.72,0.15,2.96,31.42,71.0,Satisfactory
Hyderabad,2017-07-24,15.62,52.3,12.84,0.15,4.5,29.9,65.0,Satisfactory
Hyderabad,2017-07-25,14.04,56.61,10.9,0.17,4.66,25.83,55.0,Satisfactory
Hyderabad,2017-07-26,16.55,61.4,12.98,0.18,4.65,28.42,62.0,Satisfactory
Hyderabad,2017-07-27,14.43,49.0,13.97,0.16,6.12,28.62,60.0,Satisfactory
Hyderabad,2017-07-28,12.62,41.75,14.04,0.17,3.6,26.67,56.0,Satisfactory
Hyderabad,2017-07-29,15.28,47.66,14.93,0.17,4.23,29.08,55.0,Satisfactory
Hyderabad,2017-07-30,17.5,60.16,16.64,0.2,5.83,27.97,63.0,Satisfactory
Hyderabad,2017-07-31,17.42,57.47,18.87,0.21,5.04,28.83,69.0,Satisfactory
Hyderabad,2017-08-01,16.85,49.6,17.0,0.21,5.57,27.81,60.0,Satisfactory
Hyderabad,2017-08-02,16.78,54.83,13.74,0.2,10.67,26.03,61.0,Satisfactory
Hyderabad,2017-08-03,11.79,34.3,10.34,0.17,5.77,22.38,51.0,Satisfactory
Hyderabad,2017-08-04,13.35,44.95,18.12,0.17,5.55,24.55,49.0,Good
Hyderabad,2017-08-05,20.34,64.87,20.12,0.18,6.57,27.34,67.0,Satisfactory
Hyderabad,2017-08-06,23.03,80.57,22.47,0.17,14.85,28.27,75.0,Satisfactory
Hyderabad,2017-08-07,26.22,81.09,21.64,0.23,4.69,25.05,90.0,Satisfactory
Hyderabad,2017-08-08,24.87,68.32,19.65,0.22,6.76,24.75,83.0,Satisfactory
Hyderabad,2017-08-09,20.47,43.45,16.75,0.27,3.85,25.82,80.0,Satisfactory
Hyderabad,2017-08-10,14.91,32.93,11.51,0.19,5.41,23.33,71.0,Satisfactory
Hyderabad,2017-08-11,17.76,44.97,15.61,0.24,6.22,32.72,65.0,Satisfactory
Hyderabad,2017-08-12,15.1,36.13,14.19,0.25,5.1,32.06,67.0,Satisfactory
Hyderabad,2017-08-13,17.08,37.86,15.64,0.22,4.33,26.67,55.0,Satisfactory
Hyderabad,2017-08-14,20.36,40.24,14.29,0.23,5.62,29.5,60.0,Satisfactory
Hyderabad,2017-08-15,16.4,44.14,13.37,0.22,5.23,28.81,58.0,Satisfactory
Hyderabad,2017-08-16,20.12,56.17,12.73,0.18,4.97,32.41,63.0,Satisfactory
Hyderabad,2017-08-17,21.77,76.01,15.13,0.17,5.32,32.76,70.0,Satisfactory
Hyderabad,2017-08-18,26.6,80.23,16.09,0.17,4.95,29.62,85.0,Satisfactory
Hyderabad,2017-08-19,17.35,36.53,11.78,0.12,4.84,32.33,65.0,Satisfactory
Hyderabad,2017-08-20,7.42,10.54,8.85,0.15,4.18,37.5,59.0,Satisfactory
Hyderabad,2017-08-21,10.89,26.2,11.31,0.16,4.88,38.36,62.0,Satisfactory
Hyderabad,2017-08-22,12.56,37.28,15.13,0.19,6.04,31.68,60.0,Satisfactory
Hyderabad,2017-08-23,15.41,54.16,16.07,0.16,5.01,31.8,62.0,Satisfactory
Hyderabad,2017-08-24,23.63,60.91,17.43,0.21,4.59,31.39,72.0,Satisfactory
Hyderabad,2017-08-25,13.53,32.41,11.42,0.18,3.8,33.12,72.0,Satisfactory
Hyderabad,2017-08-26,11.58,21.88,9.53,0.12,3.99,31.66,55.0,Satisfactory
Hyderabad,2017-08-27,13.1,22.77,10.5,0.17,4.87,30.92,52.0,Satisfactory
Hyderabad,2017-08-28,8.26,12.31,9.12,0.17,4.25,31.84,56.0,Satisfactory
Hyderabad,2017-08-29,6.57,11.4,9.26,0.12,4.4,35.24,56.0,Satisfactory
Hyderabad,2017-08-30,12.26,33.08,10.14,0.17,4.36,32.5,56.0,Satisfactory
Hyderabad,2017-08-31,14.63,49.77,13.14,0.21,12.8,30.67,60.0,Satisfactory
Hyderabad,2017-09-01,19.92,63.66,14.34,0.23,5.16,35.74,71.0,Satisfactory
Hyderabad,2017-09-02,24.42,75.72,16.47,0.22,13.58,32.11,87.0,Satisfactory
Hyderabad,2017-09-03,12.96,37.21,12.0,0.17,6.44,33.41,64.0,Satisfactory
Hyderabad,2017-09-04,17.26,49.36,16.95,0.21,4.92,33.5,59.0,Satisfactory
Hyderabad,2017-09-05,19.86,62.12,14.47,0.18,5.04,41.28,79.0,Satisfactory
Hyderabad,2017-09-06,29.32,70.96,19.22,0.19,4.97,24.76,86.0,Satisfactory
Hyderabad,2017-09-07,40.82,80.64,19.8,0.21,5.23,32.88,82.0,Satisfactory
Hyderabad,2017-09-08,32.63,58.94,19.17,0.18,4.57,39.66,74.0,Satisfactory
Hyderabad,2017-09-09,32.88,57.8,15.23,0.19,5.02,41.62,72.0,Satisfactory
Hyderabad,2017-09-10,18.58,41.91,15.66,0.09,3.32,31.82,60.0,Satisfactory
Hyderabad,2017-09-11,12.34,30.25,15.36,0.21,4.19,32.15,51.0,Satisfactory
Hyderabad,2017-09-12,10.33,27.36,15.27,0.11,4.17,33.02,55.0,Satisfactory
Hyderabad,2017-09-13,17.29,36.34,17.06,0.07,5.03,30.88,55.0,Satisfactory
Hyderabad,2017-09-14,10.44,17.55,15.62,0.05,5.09,34.13,60.0,Satisfactory
Hyderabad,2017-09-15,12.64,27.69,15.22,0.06,4.68,38.0,56.0,Satisfactory
Hyderabad,2017-09-16,10.27,19.92,13.77,0.06,13.08,34.23,56.0,Satisfactory
Hyderabad,2017-09-17,15.67,27.18,12.72,0.04,3.3,31.75,39.0,Good
Hyderabad,2017-09-18,9.17,16.29,10.48,0.04,4.37,34.2,53.0,Satisfactory
Hyderabad,2017-09-19,10.28,19.23,10.5,0.05,4.24,38.84,54.0,Satisfactory
Hyderabad,2017-09-20,9.76,24.64,10.86,0.05,5.12,41.74,57.0,Satisfactory
Hyderabad,2017-09-21,14.88,28.99,11.41,0.05,4.06,37.47,59.0,Satisfactory
Hyderabad,2017-09-22,20.5,35.75,15.36,0.03,4.59,36.6,58.0,Satisfactory
Hyderabad,2017-09-23,29.61,63.17,17.97,0.0,5.13,30.97,54.0,Satisfactory
Hyderabad,2017-09-24,42.0,108.57,19.98,0.0,5.99,29.73,95.0,Satisfactory
Hyderabad,2017-09-25,39.68,87.46,20.38,0.0,5.73,29.35,99.0,Satisfactory
Hyderabad,2017-09-26,45.69,98.84,20.98,0.0,7.2,29.15,80.0,Satisfactory
Hyderabad,2017-09-27,50.36,108.16,23.27,0.0,6.41,28.45,107.0,Moderate
Hyderabad,2017-09-28,45.9,74.16,20.69,0.0,5.29,28.01,98.0,Satisfactory
Hyderabad,2017-09-29,41.57,58.36,18.5,0.0,4.87,31.95,74.0,Satisfactory
Hyderabad,2017-09-30,41.26,61.2,17.45,0.0,5.4,34.25,70.0,Satisfactory
Hyderabad,2017-10-01,31.08,50.52,11.81,0.26,5.12,29.4,110.0,Moderate
Hyderabad,2017-10-03,24.16,36.84,18.96,0.34,6.88,34.69,53.0,Satisfactory
Hyderabad,2017-10-04,49.75,77.06,22.44,0.66,10.46,39.92,102.0,Moderate
Hyderabad,2017-10-05,55.88,89.52,22.79,0.33,8.94,43.05,164.0,Moderate
Hyderabad,2017-10-06,28.48,54.04,19.44,0.21,5.7,32.82,102.0,Moderate
Hyderabad,2017-10-07,22.6,46.38,24.12,0.57,7.36,43.87,94.0,Satisfactory
Hyderabad,2017-10-08,32.08,42.02,24.14,0.29,19.21,36.8,100.0,Satisfactory
Hyderabad,2017-10-09,25.79,41.72,17.7,0.36,4.24,41.5,111.0,Moderate
Hyderabad,2017-10-10,28.04,46.53,24.18,0.1,8.63,70.62,103.0,Moderate
Hyderabad,2017-10-11,27.38,51.78,25.01,0.19,4.3,43.76,113.0,Moderate
Hyderabad,2017-10-12,41.74,69.1,26.83,0.11,4.2,54.35,102.0,Moderate
Hyderabad,2017-10-13,20.48,39.46,19.29,0.08,2.36,79.99,147.0,Moderate
Hyderabad,2017-10-14,33.32,60.37,25.1,0.1,2.46,63.15,123.0,Moderate
Hyderabad,2017-10-15,35.59,61.1,22.1,0.06,4.4,57.62,97.0,Satisfactory
Hyderabad,2017-10-17,72.18,133.53,36.5,0.15,11.19,67.21,154.0,Moderate
Hyderabad,2017-10-18,69.53,137.82,34.49,0.12,4.82,56.47,150.0,Moderate
Hyderabad,2017-10-19,75.46,144.81,30.6,0.31,5.43,57.92,151.0,Moderate
Hyderabad,2017-10-20,78.69,112.82,20.04,0.06,2.02,84.66,247.0,Poor
Hyderabad,2017-10-21,67.18,105.44,18.74,0.1,10.49,81.47,141.0,Moderate
Hyderabad,2017-10-22,65.39,98.82,17.27,0.07,3.29,68.38,121.0,Moderate
Hyderabad,2017-10-23,53.78,83.34,21.46,0.19,5.28,53.28,113.0,Moderate
Hyderabad,2017-10-24,63.35,97.66,24.35,0.06,5.02,40.66,111.0,Moderate
Hyderabad,2017-10-29,70.46,147.82,25.47,0.12,7.7,58.83,145.0,Moderate
Hyderabad,2017-10-31,63.38,141.15,43.37,0.79,16.79,53.67,128.0,Moderate
Hyderabad,2017-11-01,68.21,149.12,46.37,1.19,14.94,58.62,150.0,Moderate
Hyderabad,2017-11-02,69.73,141.02,37.68,1.06,17.59,63.67,156.0,Moderate
Hyderabad,2017-11-03,66.51,126.96,37.44,1.04,20.33,55.23,158.0,Moderate
Hyderabad,2017-11-04,49.62,97.93,35.86,0.58,13.5,51.23,114.0,Moderate
Hyderabad,2017-11-05,32.45,68.47,31.18,0.52,13.78,47.67,91.0,Satisfactory
Hyderabad,2017-11-06,29.33,67.08,39.1,0.58,15.11,43.64,80.0,Satisfactory
Hyderabad,2017-11-07,34.96,81.64,43.63,0.68,11.95,43.46,94.0,Satisfactory
Hyderabad,2017-11-08,38.84,82.74,40.59,0.57,17.4,54.87,105.0,Moderate
Hyderabad,2017-11-09,39.57,84.55,39.12,0.59,16.53,50.7,95.0,Satisfactory
Hyderabad,2017-11-10,44.44,83.57,35.39,0.59,22.05,55.83,100.0,Satisfactory
Hyderabad,2017-11-11,61.84,115.98,42.21,0.63,27.55,71.54,123.0,Moderate
Hyderabad,2017-11-12,57.58,109.26,42.84,0.74,21.15,53.74,123.0,Moderate
Hyderabad,2017-11-13,55.36,107.88,37.83,0.74,17.25,59.62,111.0,Moderate
Hyderabad,2017-11-14,58.41,118.47,39.01,0.83,20.01,44.16,111.0,Moderate
Hyderabad,2017-11-15,51.08,100.21,36.07,0.68,16.76,48.8,104.0,Moderate
Hyderabad,2017-11-16,41.31,82.13,34.29,0.58,13.31,43.11,92.0,Satisfactory
Hyderabad,2017-11-17,37.72,80.34,33.87,0.61,14.81,37.36,82.0,Satisfactory
Hyderabad,2017-11-18,66.82,71.59,32.58,0.65,11.42,37.79,106.0,Moderate
Hyderabad,2017-11-19,36.53,77.41,34.18,0.72,10.46,39.81,112.0,Moderate
Hyderabad,2017-11-20,43.64,89.51,36.84,0.82,10.05,42.8,86.0,Satisfactory
Hyderabad,2017-11-21,44.65,87.99,39.07,0.81,8.34,40.93,106.0,Moderate
Hyderabad,2017-11-22,40.48,75.97,32.25,0.7,14.21,51.0,102.0,Moderate
Hyderabad,2017-11-23,96.83,88.36,37.91,0.76,18.61,39.92,133.0,Moderate
Hyderabad,2017-11-24,69.5,125.61,35.4,0.76,12.78,60.26,149.0,Moderate
Hyderabad,2017-11-25,70.91,133.01,37.5,0.71,13.35,68.38,140.0,Moderate
Hyderabad,2017-11-26,84.08,137.59,50.36,0.9,10.47,52.91,147.0,Moderate
Hyderabad,2017-11-27,73.25,145.39,52.99,0.86,15.16,55.76,166.0,Moderate
Hyderabad,2017-11-28,91.39,144.06,54.18,0.9,16.7,56.56,171.0,Moderate
Hyderabad,2017-11-29,66.49,122.5,45.7,0.81,15.0,67.32,164.0,Moderate
Hyderabad,2017-11-30,64.72,121.51,45.03,0.82,14.09,60.26,140.0,Moderate
Hyderabad,2017-12-01,70.03,128.64,37.15,0.8,14.25,59.62,139.0,Moderate
Hyderabad,2017-12-02,69.44,123.66,35.14,0.76,10.97,65.3,135.0,Moderate
Hyderabad,2017-12-03,70.83,125.86,38.05,0.8,9.54,63.84,140.0,Moderate
Hyderabad,2017-12-04,70.47,119.15,37.31,0.78,12.21,67.63,144.0,Moderate
Hyderabad,2017-12-05,58.07,96.64,29.67,0.7,13.2,60.14,128.0,Moderate
Hyderabad,2017-12-06,51.81,85.9,30.32,0.72,13.15,48.64,100.0,Satisfactory
Hyderabad,2017-12-07,69.33,127.59,40.86,0.91,16.11,48.33,122.0,Moderate
Hyderabad,2017-12-08,74.79,153.15,39.18,0.8,24.61,61.72,145.0,Moderate
Hyderabad,2017-12-09,67.7,149.05,38.26,0.77,19.03,59.43,142.0,Moderate
Hyderabad,2017-12-10,48.99,108.63,37.26,0.69,22.76,39.78,120.0,Moderate
Hyderabad,2017-12-11,55.7,117.26,48.48,1.05,22.48,44.73,117.0,Moderate
Hyderabad,2017-12-12,66.78,140.38,62.23,1.19,12.94,54.6,144.0,Moderate
Hyderabad,2017-12-13,69.33,136.56,50.13,1.0,8.51,48.7,143.0,Moderate
Hyderabad,2017-12-14,66.12,120.92,39.48,0.92,7.88,48.56,132.0,Moderate
Hyderabad,2017-12-15,68.48,119.88,38.85,0.77,7.52,42.62,126.0,Moderate
Hyderabad,2017-12-16,68.87,131.11,48.12,0.88,8.56,42.31,133.0,Moderate
Hyderabad,2017-12-17,71.38,142.76,47.26,0.8,12.3,46.91,136.0,Moderate
Hyderabad,2017-12-18,73.33,143.78,37.36,0.59,22.04,56.42,140.0,Moderate
Hyderabad,2017-12-19,59.35,130.67,49.48,0.7,24.06,45.37,138.0,Moderate
Hyderabad,2017-12-20,88.14,152.17,67.71,1.33,21.88,43.0,151.0,Moderate
Hyderabad,2017-12-21,74.94,148.17,68.63,1.4,16.67,51.64,164.0,Moderate
Hyderabad,2017-12-22,130.23,162.0,73.32,1.4,16.21,50.01,195.0,Moderate
Hyderabad,2017-12-23,82.05,170.76,65.66,1.26,15.01,57.5,180.0,Moderate
Hyderabad,2017-12-24,79.19,156.46,63.74,1.14,10.11,47.69,169.0,Moderate
Hyderabad,2017-12-25,76.47,144.94,56.9,1.13,8.51,38.5,163.0,Moderate
Hyderabad,2017-12-26,76.08,151.9,53.18,0.87,18.35,53.45,164.0,Moderate
Hyderabad,2017-12-27,63.18,129.4,55.68,0.85,16.26,47.38,136.0,Moderate
Hyderabad,2017-12-28,68.65,139.18,60.71,0.93,14.18,47.22,132.0,Moderate
Hyderabad,2017-12-29,112.35,152.12,67.12,1.09,10.66,49.58,184.0,Moderate
Hyderabad,2017-12-30,65.09,132.99,67.32,1.1,9.62,41.64,156.0,Moderate
Hyderabad,2017-12-31,68.45,126.76,62.26,1.02,8.17,39.55,138.0,Moderate
Hyderabad,2018-01-01,57.7,119.64,54.46,0.99,11.25,38.93,122.0,Moderate
Hyderabad,2018-01-02,68.55,135.87,51.51,0.92,9.44,51.26,126.0,Moderate
Hyderabad,2018-01-03,77.77,149.51,46.8,0.83,10.52,56.84,163.0,Moderate
Hyderabad,2018-01-04,79.18,164.76,60.89,1.0,17.34,58.03,174.0,Moderate
Hyderabad,2018-01-05,76.33,160.28,63.88,1.05,15.67,52.74,164.0,Moderate
Hyderabad,2018-01-06,73.15,150.95,63.11,1.1,12.81,47.04,158.0,Moderate
Hyderabad,2018-01-07,72.41,144.54,55.39,1.03,11.62,50.17,146.0,Moderate
Hyderabad,2018-01-08,72.66,141.46,51.85,0.98,9.28,52.61,146.0,Moderate
Hyderabad,2018-01-09,77.65,160.44,53.96,0.95,10.51,57.35,160.0,Moderate
Hyderabad,2018-01-10,74.08,158.74,53.36,1.03,12.71,56.34,165.0,Moderate
Hyderabad,2018-01-11,76.19,162.88,59.3,1.04,17.13,55.98,160.0,Moderate
Hyderabad,2018-01-12,74.76,159.96,64.97,1.09,17.29,52.03,155.0,Moderate
Hyderabad,2018-01-13,70.48,157.0,59.98,1.19,20.89,49.6,150.0,Moderate
Hyderabad,2018-01-14,72.38,141.02,54.79,1.16,13.76,48.64,140.0,Moderate
Hyderabad,2018-01-15,70.98,115.26,37.89,0.83,7.43,50.02,143.0,Moderate
Hyderabad,2018-01-16,65.1,126.51,39.7,0.92,9.12,43.58,132.0,Moderate
Hyderabad,2018-01-17,64.2,128.06,45.06,0.87,10.5,45.85,125.0,Moderate
Hyderabad,2018-01-18,65.86,141.85,55.84,0.99,13.02,37.53,129.0,Moderate
Hyderabad,2018-01-19,61.1,139.54,56.03,0.9,17.29,38.71,129.0,Moderate
Hyderabad,2018-01-20,64.18,143.85,60.93,1.0,23.32,45.46,131.0,Moderate
Hyderabad,2018-01-21,68.52,140.77,56.67,0.95,13.76,44.16,133.0,Moderate
Hyderabad,2018-01-22,72.01,142.1,50.74,0.89,9.28,52.29,142.0,Moderate
Hyderabad,2018-01-23,60.4,117.57,46.04,0.71,6.93,47.74,125.0,Moderate
Hyderabad,2018-01-24,67.07,131.41,42.71,0.71,9.52,45.11,121.0,Moderate
Hyderabad,2018-01-25,68.8,155.17,54.52,0.89,16.47,45.4,139.0,Moderate
Hyderabad,2018-01-26,66.84,155.11,56.49,0.91,19.6,52.7,146.0,Moderate
Hyderabad,2018-01-27,69.43,156.79,55.38,1.45,13.62,52.9,167.0,Moderate
Hyderabad,2018-01-28,68.84,145.17,49.3,0.85,9.02,48.76,138.0,Moderate
Hyderabad,2018-01-29,67.69,149.79,46.08,0.84,8.69,50.19,140.0,Moderate
Hyderabad,2018-01-30,59.46,152.71,51.91,0.68,16.9,51.92,137.0,Moderate
Hyderabad,2018-01-31,53.45,141.76,59.99,1.0,20.33,40.67,130.0,Moderate
Hyderabad,2018-02-01,50.88,129.95,67.8,1.1,22.37,36.26,129.0,Moderate
Hyderabad,2018-02-02,47.46,120.39,68.01,0.99,16.85,36.32,125.0,Moderate
Hyderabad,2018-02-03,43.48,115.8,53.31,0.8,9.51,50.3,114.0,Moderate
Hyderabad,2018-02-04,39.14,105.44,41.49,0.73,9.46,54.21,104.0,Moderate
Hyderabad,2018-02-05,41.79,112.02,43.96,0.73,8.16,56.47,111.0,Moderate
Hyderabad,2018-02-06,48.86,124.69,58.09,0.86,9.68,36.51,111.0,Moderate
Hyderabad,2018-02-07,56.76,135.34,72.8,0.99,13.6,39.53,125.0,Moderate
Hyderabad,2018-02-08,46.18,105.04,59.37,0.84,13.52,34.55,114.0,Moderate
Hyderabad,2018-02-09,50.05,116.97,55.81,0.87,13.92,35.92,108.0,Moderate
Hyderabad,2018-02-10,52.28,119.66,53.5,0.82,13.07,29.39,113.0,Moderate
Hyderabad,2018-02-11,50.55,88.76,28.9,0.6,8.55,34.88,100.0,Satisfactory
Hyderabad,2018-02-12,54.34,87.6,20.55,0.61,6.61,38.74,102.0,Moderate
Hyderabad,2018-02-13,46.38,85.63,31.98,0.61,6.53,44.34,94.0,Satisfactory
Hyderabad,2018-02-14,50.52,100.95,44.77,0.76,8.3,46.28,100.0,Satisfactory
Hyderabad,2018-02-15,52.88,118.54,48.93,0.84,12.88,46.88,113.0,Moderate
Hyderabad,2018-02-16,51.84,116.94,51.24,0.81,17.02,41.68,110.0,Moderate
Hyderabad,2018-02-17,49.86,121.32,60.23,0.92,20.36,39.46,108.0,Moderate
Hyderabad,2018-02-18,55.87,126.08,58.63,1.02,10.27,47.42,116.0,Moderate
Hyderabad,2018-02-19,46.22,112.55,44.16,0.77,7.39,53.02,111.0,Moderate
Hyderabad,2018-02-20,47.64,101.62,41.75,0.74,6.36,50.85,103.0,Moderate
Hyderabad,2018-02-21,54.76,118.2,46.91,0.85,7.37,47.88,107.0,Moderate
Hyderabad,2018-02-22,57.85,131.06,49.21,0.88,8.69,46.5,114.0,Moderate
Hyderabad,2018-02-23,56.99,125.93,48.0,0.85,8.18,48.94,123.0,Moderate
Hyderabad,2018-02-24,43.57,112.47,43.62,0.7,8.22,45.22,106.0,Moderate
Hyderabad,2018-02-25,43.37,105.66,51.65,0.76,7.54,33.06,104.0,Moderate
Hyderabad,2018-02-26,56.87,119.73,65.82,1.09,9.89,40.48,118.0,Moderate
Hyderabad,2018-02-27,57.66,123.59,67.65,1.16,14.95,40.86,134.0,Moderate
Hyderabad,2018-02-28,62.25,139.53,70.43,1.3,12.91,41.99,129.0,Moderate
Hyderabad,2018-03-01,54.84,127.04,65.26,1.12,11.14,37.91,124.0,Moderate
Hyderabad,2018-03-02,52.72,120.49,56.01,1.06,10.18,43.91,118.0,Moderate
Hyderabad,2018-03-03,51.59,122.0,45.04,0.88,9.79,53.05,119.0,Moderate
Hyderabad,2018-03-04,54.72,116.74,49.19,0.94,9.17,50.33,122.0,Moderate
Hyderabad,2018-03-05,47.44,111.76,45.37,0.89,8.88,48.64,114.0,Moderate
Hyderabad,2018-03-06,47.97,104.93,38.91,0.74,9.83,56.45,106.0,Moderate
Hyderabad,2018-03-07,50.78,101.89,43.04,0.79,7.58,53.66,108.0,Moderate
Hyderabad,2018-03-08,53.81,114.59,49.93,0.92,7.22,45.08,107.0,Moderate
Hyderabad,2018-03-09,57.28,120.43,52.67,0.96,6.03,45.57,118.0,Moderate
Hyderabad,2018-03-10,66.37,133.3,49.74,1.02,7.24,50.9,122.0,Moderate
Hyderabad,2018-03-11,53.02,108.18,35.56,0.79,6.94,57.23,124.0,Moderate
Hyderabad,2018-03-12,38.87,96.19,40.44,0.67,5.14,44.39,95.0,Satisfactory
Hyderabad,2018-03-13,39.69,87.82,41.84,0.71,5.62,42.72,88.0,Satisfactory
Hyderabad,2018-03-14,47.34,101.24,45.05,0.85,7.43,49.57,103.0,Moderate
Hyderabad,2018-03-15,47.88,103.11,37.4,0.77,8.79,48.41,96.0,Satisfactory
Hyderabad,2018-03-16,60.25,134.44,39.37,0.86,14.59,43.99,115.0,Moderate
Hyderabad,2018-03-17,51.0,78.33,33.36,0.76,5.86,47.12,105.0,Moderate
Hyderabad,2018-03-18,41.38,71.63,32.85,0.7,4.84,37.7,80.0,Satisfactory
Hyderabad,2018-03-19,48.07,92.55,41.03,0.83,5.87,48.04,93.0,Satisfactory
Hyderabad,2018-03-20,54.74,102.17,47.03,0.87,7.01,47.14,103.0,Moderate
Hyderabad,2018-03-21,57.87,118.46,45.49,0.89,11.32,45.92,108.0,Moderate
Hyderabad,2018-03-22,57.07,139.34,52.52,0.86,13.35,32.33,126.0,Moderate
Hyderabad,2018-03-23,56.64,146.7,58.35,1.01,16.25,36.12,128.0,Moderate
Hyderabad,2018-03-24,59.91,149.81,63.27,1.05,16.63,39.62,131.0,Moderate
Hyderabad,2018-03-25,71.4,150.7,49.1,0.98,10.47,43.09,135.0,Moderate
Hyderabad,2018-03-26,61.47,126.86,39.51,0.84,7.69,44.76,126.0,Moderate
Hyderabad,2018-03-27,59.53,124.78,44.63,0.79,9.57,50.92,123.0,Moderate
Hyderabad,2018-03-28,53.11,113.07,40.84,0.75,9.65,51.24,116.0,Moderate
Hyderabad,2018-03-29,62.27,135.91,48.19,0.91,9.33,48.28,122.0,Moderate
Hyderabad,2018-03-30,54.62,114.81,40.32,0.81,7.54,45.56,120.0,Moderate
Hyderabad,2018-03-31,50.15,112.36,41.99,0.83,7.47,49.61,110.0,Moderate
Hyderabad,2018-04-01,43.05,89.8,31.47,0.63,5.79,48.2,103.0,Moderate
Hyderabad,2018-04-02,37.91,75.96,38.98,0.72,5.28,44.0,84.0,Satisfactory
Hyderabad,2018-04-03,51.35,97.31,40.96,0.78,5.64,41.0,99.0,Satisfactory
Hyderabad,2018-04-04,44.94,91.88,39.39,0.72,5.82,50.85,101.0,Moderate
Hyderabad,2018-04-05,41.51,86.82,36.55,0.67,4.72,43.49,92.0,Satisfactory
Hyderabad,2018-04-06,46.87,103.01,42.39,0.74,5.68,46.02,98.0,Satisfactory
Hyderabad,2018-04-07,35.9,79.03,50.76,0.76,9.13,49.0,93.0,Satisfactory
Hyderabad,2018-04-08,30.27,61.55,35.94,0.67,5.05,44.24,85.0,Satisfactory
Hyderabad,2018-04-09,40.26,91.86,41.16,0.71,6.94,47.22,95.0,Satisfactory
Hyderabad,2018-04-10,35.54,97.46,38.69,0.79,6.42,37.75,98.0,Satisfactory
Hyderabad,2018-04-11,27.63,72.09,31.01,0.68,6.12,31.17,88.0,Satisfactory
Hyderabad,2018-04-12,31.58,79.04,42.54,0.67,7.29,38.29,83.0,Satisfactory
Hyderabad,2018-04-13,25.24,66.21,33.9,0.56,5.19,38.8,83.0,Satisfactory
Hyderabad,2018-04-14,23.05,58.22,30.02,0.69,4.9,40.13,79.0,Satisfactory
Hyderabad,2018-04-15,29.71,63.54,31.86,0.83,5.47,27.82,73.0,Satisfactory
Hyderabad,2018-04-16,45.86,103.38,45.36,0.9,8.34,36.09,100.0,Satisfactory
Hyderabad,2018-04-17,34.29,90.45,38.79,0.72,5.64,41.82,99.0,Satisfactory
Hyderabad,2018-04-18,37.19,92.25,35.18,0.61,9.98,45.82,93.0,Satisfactory
Hyderabad,2018-04-19,43.52,118.3,44.05,0.77,10.51,39.18,108.0,Moderate
Hyderabad,2018-04-20,42.38,120.61,44.88,0.86,9.2,37.27,117.0,Moderate
Hyderabad,2018-04-21,49.14,139.55,51.13,0.9,10.1,31.15,122.0,Moderate
Hyderabad,2018-04-22,42.97,110.65,39.3,0.75,7.55,43.31,117.0,Moderate
Hyderabad,2018-04-23,33.12,80.06,28.02,0.56,6.52,49.31,90.0,Satisfactory
Hyderabad,2018-04-24,33.09,95.19,35.48,0.54,6.92,51.74,90.0,Satisfactory
Hyderabad,2018-04-25,35.61,86.24,29.59,0.6,6.07,53.56,104.0,Moderate
Hyderabad,2018-04-26,38.11,92.67,35.66,0.62,6.99,52.61,94.0,Satisfactory
Hyderabad,2018-04-27,39.78,99.47,35.85,0.68,7.12,52.49,101.0,Moderate
Hyderabad,2018-04-28,39.85,86.22,30.66,0.52,6.84,46.38,94.0,Satisfactory
Hyderabad,2018-04-29,43.44,95.6,30.99,0.59,7.72,49.28,102.0,Moderate
Hyderabad,2018-04-30,44.84,106.84,39.52,0.7,9.74,44.31,103.0,Moderate
Hyderabad,2018-05-01,43.83,133.09,32.08,0.57,7.94,45.47,116.0,Moderate
Hyderabad,2018-05-02,36.08,95.82,31.21,0.7,5.92,48.88,101.0,Moderate
Hyderabad,2018-05-03,31.39,86.12,27.73,0.56,5.45,48.87,98.0,Satisfactory
Hyderabad,2018-05-04,19.59,48.18,31.67,0.62,6.1,50.95,81.0,Satisfactory
Hyderabad,2018-05-05,28.81,68.37,30.11,0.6,5.94,51.31,74.0,Satisfactory
Hyderabad,2018-05-06,31.91,81.65,28.95,0.58,6.47,47.6,83.0,Satisfactory
Hyderabad,2018-05-07,33.68,93.43,28.72,0.58,6.91,51.78,93.0,Satisfactory
Hyderabad,2018-05-08,43.05,110.15,43.5,0.97,7.8,46.9,111.0,Moderate
Hyderabad,2018-05-09,44.32,101.87,37.73,0.67,6.11,43.87,112.0,Moderate
Hyderabad,2018-05-10,33.83,74.91,31.53,0.63,5.28,45.59,101.0,Moderate
Hyderabad,2018-05-11,32.76,80.97,31.48,0.66,6.44,50.78,95.0,Satisfactory
Hyderabad,2018-05-12,33.05,81.54,31.04,0.64,5.79,50.32,96.0,Satisfactory
Hyderabad,2018-05-13,31.85,76.51,32.48,0.74,6.11,61.46,101.0,Moderate
Hyderabad,2018-05-14,29.86,67.84,26.02,0.64,5.38,56.79,100.0,Satisfactory
Hyderabad,2018-05-15,24.49,46.54,24.04,0.68,4.84,51.51,87.0,Satisfactory
Hyderabad,2018-05-16,41.89,90.88,33.42,0.78,8.26,48.44,85.0,Satisfactory
Hyderabad,2018-05-17,43.47,103.29,41.31,0.9,9.18,39.03,106.0,Moderate
Hyderabad,2018-05-18,37.31,88.67,35.51,0.62,6.93,45.12,89.0,Satisfactory
Hyderabad,2018-05-19,47.42,136.63,37.25,0.69,8.04,46.38,103.0,Moderate
Hyderabad,2018-05-20,38.59,106.87,29.22,0.62,6.25,62.1,117.0,Moderate
Hyderabad,2018-05-21,48.33,137.04,32.24,0.91,6.97,59.66,132.0,Moderate
Hyderabad,2018-05-22,42.68,108.84,27.06,0.69,7.04,56.37,120.0,Moderate
Hyderabad,2018-05-23,47.5,122.16,33.71,0.83,6.22,52.86,110.0,Moderate
Hyderabad,2018-05-24,36.41,93.09,32.39,0.78,6.42,47.17,104.0,Moderate
Hyderabad,2018-05-25,42.17,108.46,31.54,0.76,6.99,55.12,119.0,Moderate
Hyderabad,2018-05-26,23.65,67.93,25.79,0.69,4.39,36.5,91.0,Satisfactory
Hyderabad,2018-05-27,26.11,69.28,26.65,0.78,6.26,49.07,83.0,Satisfactory
Hyderabad,2018-05-28,31.17,76.56,25.45,0.72,5.77,45.6,87.0,Satisfactory
Hyderabad,2018-05-29,34.68,91.62,28.48,0.64,6.41,46.07,84.0,Satisfactory
Hyderabad,2018-05-30,31.7,80.59,26.77,0.58,6.53,44.57,89.0,Satisfactory
Hyderabad,2018-05-31,32.57,83.68,25.25,0.83,5.81,45.54,93.0,Satisfactory
Hyderabad,2018-06-01,37.26,77.09,31.53,0.64,6.76,52.89,110.0,Moderate
Hyderabad,2018-06-02,36.7,63.45,35.45,0.77,6.87,35.35,82.0,Satisfactory
Hyderabad,2018-06-03,34.85,73.89,29.14,0.62,7.11,44.34,83.0,Satisfactory
Hyderabad,2018-06-04,30.95,64.8,26.22,0.56,7.1,57.7,89.0,Satisfactory
Hyderabad,2018-06-05,31.51,67.42,30.16,0.62,7.18,48.4,83.0,Satisfactory
Hyderabad,2018-06-06,31.33,62.83,29.59,0.64,7.06,47.76,84.0,Satisfactory
Hyderabad,2018-06-07,19.68,25.82,22.53,0.61,5.17,47.94,69.0,Satisfactory
Hyderabad,2018-06-08,19.43,33.87,22.16,0.71,6.1,40.15,68.0,Satisfactory
Hyderabad,2018-06-09,20.03,42.57,22.16,0.68,6.84,33.8,64.0,Satisfactory
Hyderabad,2018-06-10,16.49,32.8,20.62,0.64,7.35,22.52,52.0,Satisfactory
Hyderabad,2018-06-11,22.31,55.94,23.24,0.66,8.45,18.82,53.0,Satisfactory
Hyderabad,2018-06-12,29.92,88.06,23.7,0.66,10.11,17.16,70.0,Satisfactory
Hyderabad,2018-06-13,30.85,89.47,21.31,0.6,7.58,19.6,84.0,Satisfactory
Hyderabad,2018-06-14,34.44,92.58,23.31,0.54,8.26,17.53,86.0,Satisfactory
Hyderabad,2018-06-15,27.83,86.25,20.05,0.57,9.66,20.79,86.0,Satisfactory
Hyderabad,2018-06-16,22.9,63.65,20.48,0.6,8.96,22.0,67.0,Satisfactory
Hyderabad,2018-06-17,21.99,66.18,20.32,0.57,9.83,19.71,67.0,Satisfactory
Hyderabad,2018-06-18,17.2,48.97,20.17,0.58,8.6,19.88,59.0,Satisfactory
Hyderabad,2018-06-19,14.61,29.85,18.2,0.53,6.94,23.9,50.0,Good
Hyderabad,2018-06-20,15.27,26.79,21.39,0.44,6.5,27.49,58.0,Satisfactory
Hyderabad,2018-06-21,10.31,33.35,22.02,0.46,6.21,27.79,52.0,Satisfactory
Hyderabad,2018-06-22,21.26,45.55,28.03,0.49,6.19,25.78,56.0,Satisfactory
Hyderabad,2018-06-23,20.07,34.46,23.78,0.36,6.35,23.59,56.0,Satisfactory
Hyderabad,2018-06-24,16.99,37.87,20.56,0.23,6.42,19.13,41.0,Good
Hyderabad,2018-06-25,16.31,41.38,20.7,0.27,6.36,17.31,41.0,Good
Hyderabad,2018-06-26,16.23,41.54,23.21,0.26,5.93,17.5,41.0,Good
Hyderabad,2018-06-27,17.64,46.04,28.07,0.26,4.6,15.07,44.0,Good
Hyderabad,2018-06-28,18.93,50.36,24.39,0.28,5.05,17.65,46.0,Good
Hyderabad,2018-06-29,18.18,57.2,22.68,0.3,5.38,23.37,65.0,Satisfactory
Hyderabad,2018-06-30,20.85,57.03,26.4,0.33,6.64,22.0,62.0,Satisfactory
Hyderabad,2018-07-01,16.91,39.49,27.03,0.3,7.1,25.21,60.0,Satisfactory
Hyderabad,2018-07-02,16.48,42.25,24.21,0.24,5.74,23.96,53.0,Satisfactory
Hyderabad,2018-07-03,16.28,41.16,23.43,0.26,5.56,22.53,59.0,Satisfactory
Hyderabad,2018-07-04,15.97,58.87,22.07,0.35,5.95,21.98,71.0,Satisfactory
Hyderabad,2018-07-05,13.22,40.07,22.74,0.25,6.07,20.08,68.0,Satisfactory
Hyderabad,2018-07-06,20.05,48.6,26.0,0.3,5.06,18.73,49.0,Good
Hyderabad,2018-07-07,22.74,51.43,27.25,0.34,5.19,18.53,59.0,Satisfactory
Hyderabad,2018-07-08,19.92,45.9,25.11,0.28,5.61,20.17,62.0,Satisfactory
Hyderabad,2018-07-09,16.63,36.37,23.21,0.22,5.45,18.43,44.0,Good
Hyderabad,2018-07-10,19.7,44.03,21.7,0.25,5.47,16.26,48.0,Good
Hyderabad,2018-07-11,19.05,45.74,23.04,0.3,4.83,19.91,54.0,Satisfactory
Hyderabad,2018-07-12,11.93,16.09,22.14,0.25,4.96,20.46,49.0,Good
Hyderabad,2018-07-13,13.21,26.26,20.22,0.27,6.21,15.7,37.0,Good
Hyderabad,2018-07-14,17.97,40.97,26.02,0.28,6.88,15.88,42.0,Good
Hyderabad,2018-07-15,16.12,39.28,25.58,0.31,6.66,21.52,58.0,Satisfactory
Hyderabad,2018-07-16,11.04,20.0,21.19,0.37,8.75,16.13,72.0,Satisfactory
Hyderabad,2018-07-17,12.14,26.59,20.54,0.26,6.46,14.86,38.0,Good
Hyderabad,2018-07-18,14.13,36.01,22.64,0.27,6.95,13.58,33.0,Good
Hyderabad,2018-07-19,14.39,38.34,21.97,0.26,7.32,14.75,45.0,Good
Hyderabad,2018-07-20,12.58,32.59,22.18,0.31,9.52,13.12,37.0,Good
Hyderabad,2018-07-21,19.61,51.45,23.18,0.3,9.11,15.35,41.0,Good
Hyderabad,2018-07-22,19.54,54.49,22.42,0.28,9.22,14.36,55.0,Satisfactory
Hyderabad,2018-07-23,17.69,53.6,21.69,0.26,7.41,15.37,49.0,Good
Hyderabad,2018-07-24,15.64,44.78,21.03,0.32,5.87,15.58,54.0,Satisfactory
Hyderabad,2018-07-25,17.88,53.74,20.4,0.26,6.55,16.66,52.0,Satisfactory
Hyderabad,2018-07-26,14.41,42.62,20.64,0.29,7.06,16.19,54.0,Satisfactory
Hyderabad,2018-07-27,14.52,43.56,24.38,0.27,6.46,17.72,54.0,Satisfactory
Hyderabad,2018-07-28,18.23,55.98,22.38,0.28,6.09,18.44,53.0,Satisfactory
Hyderabad,2018-07-29,26.09,74.2,28.86,0.38,7.2,16.26,72.0,Satisfactory
Hyderabad,2018-07-30,26.02,84.97,25.61,0.32,6.79,17.7,87.0,Satisfactory
Hyderabad,2018-07-31,19.21,66.84,25.13,0.27,6.8,17.22,73.0,Satisfactory
Hyderabad,2018-08-01,21.88,75.6,25.54,0.28,6.2,16.38,72.0,Satisfactory
Hyderabad,2018-08-02,25.77,76.03,27.27,0.36,6.61,13.63,72.0,Satisfactory
Hyderabad,2018-08-03,30.8,101.48,28.85,0.31,7.02,15.42,92.0,Satisfactory
Hyderabad,2018-08-04,23.43,76.16,25.39,0.28,6.63,16.46,90.0,Satisfactory
Hyderabad,2018-08-05,20.2,55.76,27.06,0.31,6.37,16.05,66.0,Satisfactory
Hyderabad,2018-08-06,26.91,71.45,23.75,0.29,7.05,16.55,72.0,Satisfactory
Hyderabad,2018-08-07,18.92,55.72,24.24,0.3,8.15,13.97,54.0,Satisfactory
Hyderabad,2018-08-08,16.17,46.48,24.82,0.28,7.42,13.81,53.0,Satisfactory
Hyderabad,2018-08-09,18.07,37.67,27.7,0.36,5.9,12.64,49.0,Good
Hyderabad,2018-08-10,17.09,41.09,24.89,0.31,6.07,14.98,48.0,Good
Hyderabad,2018-08-11,16.39,29.84,24.46,0.28,6.09,11.86,43.0,Good
Hyderabad,2018-08-12,11.98,28.35,18.71,0.31,6.15,14.52,47.0,Good
Hyderabad,2018-08-13,11.66,24.68,17.79,0.32,6.65,13.69,42.0,Good
Hyderabad,2018-08-14,16.97,46.65,27.16,0.31,7.29,10.2,41.0,Good
Hyderabad,2018-08-15,22.11,68.81,17.62,0.35,10.13,11.99,65.0,Satisfactory
Hyderabad,2018-08-16,7.78,10.87,19.87,0.3,5.69,15.01,40.0,Good
Hyderabad,2018-08-17,18.56,46.57,20.71,0.3,7.17,18.05,35.0,Good
Hyderabad,2018-08-18,15.3,41.14,17.73,0.29,8.0,18.6,44.0,Good
Hyderabad,2018-08-19,15.28,34.82,24.8,0.32,6.84,15.02,48.0,Good
Hyderabad,2018-08-20,13.19,31.47,21.95,0.27,5.98,14.53,47.0,Good
Hyderabad,2018-08-21,10.08,23.02,19.61,0.25,6.73,14.24,34.0,Good
Hyderabad,2018-08-22,10.33,29.62,22.71,0.29,8.08,13.14,39.0,Good
Hyderabad,2018-08-23,12.51,38.94,23.7,0.29,8.73,11.2,40.0,Good
Hyderabad,2018-08-24,14.36,56.52,24.14,0.31,8.55,12.62,48.0,Good
Hyderabad,2018-08-25,15.34,55.37,25.68,0.29,7.55,12.26,52.0,Satisfactory
Hyderabad,2018-08-26,14.61,45.18,24.79,0.27,7.85,11.18,50.0,Good
Hyderabad,2018-08-27,15.31,40.27,27.1,0.3,7.61,9.29,48.0,Good
Hyderabad,2018-08-28,16.51,45.72,27.6,0.28,6.97,12.08,48.0,Good
Hyderabad,2018-08-29,20.98,64.42,26.87,0.29,8.39,15.33,53.0,Satisfactory
Hyderabad,2018-08-30,24.66,82.96,26.52,0.29,8.85,18.68,68.0,Satisfactory
Hyderabad,2018-08-31,22.43,75.11,27.25,0.3,7.13,15.88,77.0,Satisfactory
Hyderabad,2018-09-01,23.16,71.26,26.37,0.31,8.74,15.43,70.0,Satisfactory
Hyderabad,2018-09-02,18.51,47.92,25.86,0.34,6.4,14.04,50.0,Good
Hyderabad,2018-09-03,15.84,39.37,23.73,0.34,7.13,13.7,48.0,Good
Hyderabad,2018-09-04,20.36,66.88,25.6,0.31,7.74,13.86,50.0,Good
Hyderabad,2018-09-05,27.05,87.39,26.36,0.38,8.05,14.3,72.0,Satisfactory
Hyderabad,2018-09-06,25.36,83.21,26.76,0.31,7.84,14.29,76.0,Satisfactory
Hyderabad,2018-09-07,25.42,79.97,22.74,0.32,7.79,17.95,82.0,Satisfactory
Hyderabad,2018-09-08,21.61,55.67,18.35,0.33,9.3,19.94,62.0,Satisfactory
Hyderabad,2018-09-09,34.85,91.9,24.19,0.42,8.8,23.55,79.0,Satisfactory
Hyderabad,2018-09-10,38.35,94.94,32.15,0.46,7.75,27.14,86.0,Satisfactory
Hyderabad,2018-09-11,33.85,66.55,38.45,0.57,6.42,25.02,79.0,Satisfactory
Hyderabad,2018-09-12,35.06,53.38,35.45,0.59,5.67,20.9,71.0,Satisfactory
Hyderabad,2018-09-13,41.83,77.55,36.44,0.6,6.0,21.97,78.0,Satisfactory
Hyderabad,2018-09-14,42.24,85.86,36.56,0.53,7.04,30.31,85.0,Satisfactory
Hyderabad,2018-09-15,43.69,89.53,36.45,0.51,6.77,27.22,92.0,Satisfactory
Hyderabad,2018-09-16,48.98,89.05,33.93,0.5,7.78,22.86,101.0,Moderate
Hyderabad,2018-09-17,35.58,61.65,22.67,0.41,8.41,24.49,85.0,Satisfactory
Hyderabad,2018-09-18,39.68,63.97,25.48,0.45,6.81,21.89,68.0,Satisfactory
Hyderabad,2018-09-19,38.6,84.63,31.56,0.45,6.9,21.57,79.0,Satisfactory
Hyderabad,2018-09-20,40.88,97.71,30.3,0.42,7.14,23.53,81.0,Satisfactory
Hyderabad,2018-09-21,37.91,78.9,27.55,0.38,8.39,21.72,91.0,Satisfactory
Hyderabad,2018-09-22,27.29,58.1,23.11,0.34,6.23,27.07,62.0,Satisfactory
Hyderabad,2018-09-23,32.25,62.49,27.46,0.44,6.13,28.19,65.0,Satisfactory
Hyderabad,2018-09-24,34.94,68.68,36.88,0.62,5.85,21.51,62.0,Satisfactory
Hyderabad,2018-09-25,41.46,86.95,38.18,0.66,6.42,20.19,84.0,Satisfactory
Hyderabad,2018-09-26,53.68,107.41,44.83,0.8,8.2,16.94,108.0,Moderate
Hyderabad,2018-09-27,43.09,78.57,36.52,0.54,6.93,24.45,95.0,Satisfactory
Hyderabad,2018-09-28,45.92,99.06,38.03,0.58,7.03,15.53,92.0,Satisfactory
Hyderabad,2018-09-29,55.39,107.62,38.38,0.64,7.08,17.26,100.0,Satisfactory
Hyderabad,2018-09-30,67.69,129.23,37.28,0.62,9.16,24.96,118.0,Moderate
Hyderabad,2018-10-01,63.16,122.8,38.16,0.5,7.78,23.41,128.0,Moderate
Hyderabad,2018-10-02,37.8,80.37,33.16,0.49,5.89,22.58,94.0,Satisfactory
Hyderabad,2018-10-03,36.5,79.0,32.41,0.45,5.74,23.91,72.0,Satisfactory
Hyderabad,2018-10-04,39.63,85.85,33.83,0.45,5.14,24.63,79.0,Satisfactory
Hyderabad,2018-10-05,39.8,103.38,34.47,0.43,6.26,29.57,84.0,Satisfactory
Hyderabad,2018-10-06,56.36,136.25,42.33,0.56,8.43,29.21,109.0,Moderate
Hyderabad,2018-10-07,65.91,139.95,39.75,0.5,6.99,29.27,124.0,Moderate
Hyderabad,2018-10-08,64.44,144.33,40.33,0.56,9.45,28.65,130.0,Moderate
Hyderabad,2018-10-09,60.07,146.71,46.53,0.54,17.26,23.73,124.0,Moderate
Hyderabad,2018-10-10,56.5,150.65,48.32,0.48,13.82,21.94,128.0,Moderate
Hyderabad,2018-10-11,52.63,148.36,43.03,0.46,14.89,25.52,120.0,Moderate
Hyderabad,2018-10-12,54.39,132.24,42.79,0.53,13.5,27.9,121.0,Moderate
Hyderabad,2018-10-13,58.56,130.27,46.54,0.64,10.8,21.39,118.0,Moderate
Hyderabad,2018-10-14,54.35,111.45,36.76,0.47,9.08,27.41,108.0,Moderate
Hyderabad,2018-10-15,58.24,107.55,35.21,0.53,9.14,28.29,100.0,Satisfactory
Hyderabad,2018-10-16,53.26,90.41,32.39,0.46,4.76,26.04,105.0,Moderate
Hyderabad,2018-10-17,41.03,53.89,34.67,0.58,4.21,19.11,83.0,Satisfactory
Hyderabad,2018-10-18,40.35,57.72,31.81,0.55,3.64,21.12,73.0,Satisfactory
Hyderabad,2018-10-19,43.99,80.57,37.92,0.52,3.92,24.15,74.0,Satisfactory
Hyderabad,2018-10-20,58.44,128.56,47.2,0.68,6.19,26.5,105.0,Moderate
Hyderabad,2018-10-21,61.34,131.27,44.57,0.61,5.23,26.96,119.0,Moderate
Hyderabad,2018-10-22,66.82,144.33,51.4,0.72,9.47,27.86,125.0,Moderate
Hyderabad,2018-10-23,67.12,139.91,45.12,0.67,6.04,30.64,133.0,Moderate
Hyderabad,2018-10-24,67.52,125.13,46.11,0.89,6.88,28.14,142.0,Moderate
Hyderabad,2018-10-25,60.72,124.74,45.35,0.61,8.39,28.84,128.0,Moderate
Hyderabad,2018-10-26,48.68,123.62,47.97,0.46,11.76,31.72,107.0,Moderate
Hyderabad,2018-10-27,57.44,145.22,60.75,0.68,16.45,27.8,117.0,Moderate
Hyderabad,2018-10-28,56.51,134.88,46.84,0.55,14.29,36.66,120.0,Moderate
Hyderabad,2018-10-29,56.02,130.4,46.3,0.5,19.41,41.62,110.0,Moderate
Hyderabad,2018-10-30,57.32,121.32,47.35,0.58,14.14,41.46,115.0,Moderate
Hyderabad,2018-10-31,56.98,120.91,47.69,0.56,14.98,34.51,117.0,Moderate
Hyderabad,2018-11-01,50.87,109.17,45.19,0.59,11.42,26.9,106.0,Moderate
Hyderabad,2018-11-02,34.07,76.12,37.54,0.56,6.15,19.95,86.0,Satisfactory
Hyderabad,2018-11-03,25.96,59.8,32.84,0.48,4.13,23.14,58.0,Satisfactory
Hyderabad,2018-11-04,24.88,48.95,30.95,0.51,3.89,25.91,55.0,Satisfactory
Hyderabad,2018-11-05,32.8,68.87,36.41,0.53,4.62,27.53,64.0,Satisfactory
Hyderabad,2018-11-06,44.66,94.97,39.76,0.58,5.76,31.15,80.0,Satisfactory
Hyderabad,2018-11-07,54.63,103.16,38.84,0.52,8.73,34.91,95.0,Satisfactory
Hyderabad,2018-11-08,59.82,109.93,35.89,0.55,7.39,41.0,107.0,Moderate
Hyderabad,2018-11-09,64.36,125.75,42.33,0.54,10.52,36.77,114.0,Moderate
Hyderabad,2018-11-10,69.5,136.07,44.02,0.58,16.11,42.35,129.0,Moderate
Hyderabad,2018-11-11,61.15,129.81,44.85,0.58,18.58,44.0,131.0,Moderate
Hyderabad,2018-11-12,62.68,148.54,50.55,0.58,27.46,43.16,127.0,Moderate
Hyderabad,2018-11-13,66.08,150.01,56.68,0.68,32.99,34.36,134.0,Moderate
Hyderabad,2018-11-14,67.28,159.01,60.17,0.76,28.68,35.17,139.0,Moderate
Hyderabad,2018-11-15,58.4,140.37,52.31,0.73,23.55,30.37,133.0,Moderate
Hyderabad,2018-11-16,46.2,115.57,45.12,0.61,14.26,25.38,118.0,Moderate
Hyderabad,2018-11-17,23.09,59.77,32.04,0.47,4.64,20.36,76.0,Satisfactory
Hyderabad,2018-11-18,19.06,50.4,29.19,0.43,4.63,18.99,57.0,Satisfactory
Hyderabad,2018-11-19,26.04,61.77,32.18,0.45,4.53,21.05,53.0,Satisfactory
Hyderabad,2018-11-20,52.12,112.36,43.52,0.58,9.77,29.47,86.0,Satisfactory
Hyderabad,2018-11-21,63.08,139.98,44.09,0.58,13.92,36.71,129.0,Moderate
Hyderabad,2018-11-22,66.0,137.89,46.07,0.6,9.72,34.42,131.0,Moderate
Hyderabad,2018-11-23,71.81,147.11,47.8,0.65,15.7,32.72,133.0,Moderate
Hyderabad,2018-11-24,72.98,155.13,53.95,0.72,15.99,36.63,148.0,Moderate
Hyderabad,2018-11-25,69.28,149.67,50.29,0.64,16.75,46.4,140.0,Moderate
Hyderabad,2018-11-26,63.01,150.75,53.44,0.67,18.36,44.11,135.0,Moderate
Hyderabad,2018-11-27,69.91,152.94,59.24,0.74,11.85,41.07,138.0,Moderate
Hyderabad,2018-11-28,73.48,155.16,59.43,0.77,8.85,43.73,142.0,Moderate
Hyderabad,2018-11-29,72.26,153.14,65.02,0.81,14.12,34.93,146.0,Moderate
Hyderabad,2018-11-30,67.69,145.96,56.72,0.67,20.32,40.48,139.0,Moderate
Hyderabad,2018-12-01,69.94,147.06,56.11,0.72,13.09,35.54,135.0,Moderate
Hyderabad,2018-12-02,71.17,145.82,52.98,0.74,9.29,34.25,137.0,Moderate
Hyderabad,2018-12-03,74.62,145.29,48.78,0.75,7.79,36.37,140.0,Moderate
Hyderabad,2018-12-04,77.72,147.65,47.55,0.76,8.53,37.26,154.0,Moderate
Hyderabad,2018-12-05,67.3,118.13,40.48,0.7,5.66,33.84,146.0,Moderate
Hyderabad,2018-12-06,62.87,111.3,41.39,0.74,4.21,29.75,123.0,Moderate
Hyderabad,2018-12-07,61.66,92.8,32.11,0.64,4.65,31.2,108.0,Moderate
Hyderabad,2018-12-08,76.14,122.93,34.16,0.71,4.23,36.84,132.0,Moderate
Hyderabad,2018-12-09,78.36,131.2,33.76,0.74,5.66,36.66,159.0,Moderate
Hyderabad,2018-12-10,77.94,132.25,30.74,0.63,5.63,36.29,161.0,Moderate
Hyderabad,2018-12-11,76.22,145.09,39.51,0.73,7.25,31.26,158.0,Moderate
Hyderabad,2018-12-12,74.78,134.84,36.07,0.68,5.85,36.7,153.0,Moderate
Hyderabad,2018-12-13,74.19,123.7,37.39,0.67,4.46,34.73,145.0,Moderate
Hyderabad,2018-12-14,74.48,119.8,41.82,0.8,6.86,24.87,144.0,Moderate
Hyderabad,2018-12-15,75.15,134.26,38.42,0.62,13.68,37.42,157.0,Moderate
Hyderabad,2018-12-16,76.15,149.24,39.24,0.61,16.29,49.21,151.0,Moderate
Hyderabad,2018-12-17,59.61,95.42,33.95,0.53,12.91,34.28,141.0,Moderate
Hyderabad,2018-12-18,22.35,34.08,29.09,0.4,9.12,20.98,67.0,Satisfactory
Hyderabad,2018-12-19,32.77,62.25,33.97,0.47,9.12,23.73,54.0,Satisfactory
Hyderabad,2018-12-20,44.72,93.15,43.69,0.67,11.57,22.1,76.0,Satisfactory
Hyderabad,2018-12-21,55.1,107.95,48.47,0.64,12.56,27.57,104.0,Moderate
Hyderabad,2018-12-22,72.66,139.71,52.59,0.67,10.82,36.75,127.0,Moderate
Hyderabad,2018-12-23,78.01,138.69,41.45,0.68,7.12,42.72,151.0,Moderate
Hyderabad,2018-12-24,76.81,154.46,44.67,0.68,10.6,34.26,159.0,Moderate
Hyderabad,2018-12-25,73.18,149.61,46.1,0.61,8.93,43.56,153.0,Moderate
Hyderabad,2018-12-26,67.91,119.15,36.25,0.69,6.85,39.08,136.0,Moderate
Hyderabad,2018-12-27,68.06,134.16,38.87,0.63,10.27,28.38,126.0,Moderate
Hyderabad,2018-12-28,64.1,138.43,44.84,0.62,16.12,36.78,131.0,Moderate
Hyderabad,2018-12-29,68.76,140.93,44.93,0.62,20.66,45.65,132.0,Moderate
Hyderabad,2018-12-30,71.7,142.41,45.42,0.67,17.59,44.23,139.0,Moderate
Hyderabad,2018-12-31,65.24,136.91,52.86,0.7,19.97,38.19,134.0,Moderate
Hyderabad,2019-01-01,66.79,143.42,63.82,0.94,22.51,31.99,132.0,Moderate
Hyderabad,2019-01-02,71.55,153.99,67.44,1.03,13.44,33.44,133.0,Moderate
Hyderabad,2019-01-03,69.7,146.69,67.01,0.97,13.01,32.47,141.0,Moderate
Hyderabad,2019-01-04,75.25,158.34,63.58,0.88,12.51,34.39,142.0,Moderate
Hyderabad,2019-01-05,73.03,140.13,50.4,0.78,8.17,40.43,148.0,Moderate
Hyderabad,2019-01-06,77.71,153.78,40.96,0.73,6.61,46.03,149.0,Moderate
Hyderabad,2019-01-07,76.5,157.71,49.16,0.76,9.93,40.13,155.0,Moderate
Hyderabad,2019-01-08,73.78,165.61,62.35,0.92,15.09,27.73,151.0,Moderate
Hyderabad,2019-01-09,74.7,164.93,71.55,0.94,24.2,28.57,146.0,Moderate
Hyderabad,2019-01-10,75.43,161.34,64.0,0.82,15.91,34.38,146.0,Moderate
Hyderabad,2019-01-11,75.77,143.85,47.6,0.74,6.42,39.24,153.0,Moderate
Hyderabad,2019-01-12,78.62,146.0,39.74,0.68,5.24,40.02,154.0,Moderate
Hyderabad,2019-01-13,72.03,120.93,37.2,0.62,4.84,40.0,154.0,Moderate
Hyderabad,2019-01-14,74.37,132.9,39.21,0.66,5.55,37.84,146.0,Moderate
Hyderabad,2019-01-15,75.13,145.13,42.04,0.75,10.91,35.6,147.0,Moderate
Hyderabad,2019-01-16,75.55,150.46,44.72,0.74,13.59,35.82,152.0,Moderate
Hyderabad,2019-01-17,73.51,156.89,57.06,0.83,9.96,30.21,150.0,Moderate
Hyderabad,2019-01-18,75.34,154.77,53.23,0.78,9.28,30.69,148.0,Moderate
Hyderabad,2019-01-19,78.12,159.37,51.49,0.72,11.05,31.88,153.0,Moderate
Hyderabad,2019-01-20,70.0,148.16,58.07,0.76,11.84,29.49,155.0,Moderate
Hyderabad,2019-01-21,66.4,129.97,46.24,0.68,6.44,33.19,132.0,Moderate
Hyderabad,2019-01-22,47.29,93.9,33.37,0.46,5.3,32.82,105.0,Moderate
Hyderabad,2019-01-23,60.93,106.81,37.74,0.53,4.71,33.93,105.0,Moderate
Hyderabad,2019-01-24,59.22,112.52,40.03,0.58,5.47,29.43,112.0,Moderate
Hyderabad,2019-01-25,36.51,80.89,29.33,0.46,4.8,26.51,96.0,Satisfactory
Hyderabad,2019-01-26,36.21,62.98,28.89,0.52,6.04,23.49,73.0,Satisfactory
Hyderabad,2019-01-27,51.29,74.22,32.05,0.55,9.21,13.14,72.0,Satisfactory
Hyderabad,2019-01-28,71.62,104.9,38.41,0.62,10.45,18.86,124.0,Moderate
Hyderabad,2019-01-29,64.42,114.66,39.62,0.54,12.83,29.15,136.0,Moderate
Hyderabad,2019-01-30,55.6,118.88,49.58,0.57,16.51,33.69,108.0,Moderate
Hyderabad,2019-01-31,63.8,121.95,51.35,0.66,9.26,29.69,114.0,Moderate
Hyderabad,2019-02-01,66.44,115.34,45.36,0.64,5.43,34.07,131.0,Moderate
Hyderabad,2019-02-02,62.22,117.17,47.27,0.64,6.77,29.72,118.0,Moderate
Hyderabad,2019-02-03,60.26,107.15,41.85,0.59,5.07,34.63,120.0,Moderate
Hyderabad,2019-02-04,63.75,115.35,42.48,0.64,5.28,38.6,110.0,Moderate
Hyderabad,2019-02-05,63.26,120.36,45.85,0.67,7.07,38.11,115.0,Moderate
Hyderabad,2019-02-06,68.06,130.57,45.84,0.71,6.27,34.76,130.0,Moderate
Hyderabad,2019-02-07,58.46,110.45,35.49,0.54,6.17,40.27,120.0,Moderate
Hyderabad,2019-02-08,58.24,133.58,48.41,0.64,10.22,29.95,114.0,Moderate
Hyderabad,2019-02-09,55.67,157.47,43.21,0.59,13.22,35.28,128.0,Moderate
Hyderabad,2019-02-10,58.82,162.47,39.43,0.54,28.83,34.46,130.0,Moderate
Hyderabad,2019-02-11,58.64,119.01,35.55,0.57,7.38,32.49,118.0,Moderate
Hyderabad,2019-02-12,64.14,119.19,46.13,0.63,5.18,30.71,122.0,Moderate
Hyderabad,2019-02-13,64.94,137.41,56.54,0.65,6.0,29.39,130.0,Moderate
Hyderabad,2019-02-14,62.79,128.51,47.79,0.68,4.32,35.52,127.0,Moderate
Hyderabad,2019-02-15,38.84,86.91,38.74,0.54,3.41,28.5,102.0,Moderate
Hyderabad,2019-02-16,48.34,103.18,46.78,0.64,8.0,28.7,91.0,Satisfactory
Hyderabad,2019-02-17,45.12,94.43,44.87,0.55,6.81,26.53,101.0,Moderate
Hyderabad,2019-02-18,65.14,136.33,51.92,0.73,9.02,34.67,109.0,Moderate
Hyderabad,2019-02-19,55.8,113.45,38.85,0.56,5.59,31.04,123.0,Moderate
Hyderabad,2019-02-20,35.07,79.95,31.3,0.47,3.81,22.5,87.0,Satisfactory
Hyderabad,2019-02-21,39.32,89.56,35.72,0.54,4.09,27.44,82.0,Satisfactory
Hyderabad,2019-02-22,44.63,107.69,43.43,0.64,5.25,29.65,94.0,Satisfactory
Hyderabad,2019-02-23,57.13,133.36,51.31,0.71,6.7,32.58,115.0,Moderate
Hyderabad,2019-02-24,46.64,104.32,39.75,0.57,5.81,33.16,114.0,Moderate
Hyderabad,2019-02-25,49.41,119.44,37.02,0.52,11.5,35.68,100.0,Satisfactory
Hyderabad,2019-02-26,54.83,136.81,46.58,0.58,11.07,28.01,117.0,Moderate
Hyderabad,2019-02-27,57.06,126.1,44.72,0.62,11.17,25.47,111.0,Moderate
Hyderabad,2019-02-28,50.34,127.96,37.89,0.52,9.8,29.24,112.0,Moderate
Hyderabad,2019-03-01,55.59,129.12,45.3,0.6,9.83,26.37,120.0,Moderate
Hyderabad,2019-03-02,33.05,72.5,30.47,0.44,3.78,23.5,85.0,Satisfactory
Hyderabad,2019-03-03,35.27,68.92,28.79,0.5,4.01,25.1,68.0,Satisfactory
Hyderabad,2019-03-04,40.97,95.61,34.92,0.6,8.92,33.65,80.0,Satisfactory
Hyderabad,2019-03-05,59.27,160.94,42.82,0.64,14.57,26.83,117.0,Moderate
Hyderabad,2019-03-06,62.5,160.54,51.51,0.74,20.09,32.22,136.0,Moderate
Hyderabad,2019-03-07,66.8,166.23,57.64,0.88,23.3,36.21,143.0,Moderate
Hyderabad,2019-03-08,66.34,154.68,45.68,0.67,13.99,32.16,143.0,Moderate
Hyderabad,2019-03-09,49.68,118.38,39.57,0.62,5.59,26.07,122.0,Moderate
Hyderabad,2019-03-10,45.2,108.68,32.1,0.44,4.96,26.28,102.0,Moderate
Hyderabad,2019-03-11,36.59,95.23,29.5,0.41,4.82,26.75,92.0,Satisfactory
Hyderabad,2019-03-12,40.84,105.87,30.23,0.41,5.24,29.0,97.0,Satisfactory
Hyderabad,2019-03-13,41.23,112.41,30.87,0.5,5.42,35.6,101.0,Moderate
Hyderabad,2019-03-14,41.63,110.33,34.6,0.44,7.95,32.13,101.0,Moderate
Hyderabad,2019-03-15,48.94,121.89,35.69,0.57,9.87,32.17,104.0,Moderate
Hyderabad,2019-03-16,39.06,110.0,31.2,0.71,5.68,33.27,101.0,Moderate
Hyderabad,2019-03-17,37.73,95.18,31.16,0.54,4.56,25.92,97.0,Satisfactory
Hyderabad,2019-03-18,39.82,102.44,36.09,0.57,7.62,30.19,93.0,Satisfactory
Hyderabad,2019-03-19,30.77,74.26,29.56,0.58,4.31,26.68,85.0,Satisfactory
Hyderabad,2019-03-20,41.63,94.54,30.7,0.58,4.37,27.83,86.0,Satisfactory
Hyderabad,2019-03-21,41.06,90.51,26.62,0.66,5.08,31.53,95.0,Satisfactory
Hyderabad,2019-03-22,36.35,86.97,28.41,0.59,7.76,30.83,87.0,Satisfactory
Hyderabad,2019-03-23,43.36,111.13,37.47,0.73,6.14,31.37,101.0,Moderate
Hyderabad,2019-03-24,50.52,118.89,36.62,0.69,7.32,34.52,111.0,Moderate
Hyderabad,2019-03-25,50.06,117.86,38.91,0.71,7.35,34.56,107.0,Moderate
Hyderabad,2019-03-26,51.5,123.44,40.1,0.74,7.21,31.57,113.0,Moderate
Hyderabad,2019-03-27,48.51,115.06,36.61,0.65,6.45,34.62,107.0,Moderate
Hyderabad,2019-03-28,55.2,136.99,40.49,0.74,9.55,36.1,114.0,Moderate
Hyderabad,2019-03-29,59.8,146.25,47.46,0.79,10.09,37.07,127.0,Moderate
Hyderabad,2019-03-30,59.21,140.7,37.75,0.81,7.18,41.34,132.0,Moderate
Hyderabad,2019-03-31,48.49,137.92,34.71,0.71,5.63,38.94,124.0,Moderate
Hyderabad,2019-04-01,37.8,115.93,36.39,0.56,7.18,36.69,106.0,Moderate
Hyderabad,2019-04-02,43.82,119.4,35.96,0.59,6.48,40.44,114.0,Moderate
Hyderabad,2019-04-03,45.6,116.3,34.95,0.67,5.57,36.41,106.0,Moderate
Hyderabad,2019-04-04,39.01,104.02,32.84,0.58,5.26,34.99,102.0,Moderate
Hyderabad,2019-04-05,31.28,84.24,27.38,0.46,7.11,53.76,93.0,Satisfactory
Hyderabad,2019-04-06,37.69,80.2,34.78,0.57,8.13,43.5,89.0,Satisfactory
Hyderabad,2019-04-07,33.48,79.56,25.54,0.48,5.59,41.68,78.0,Satisfactory
Hyderabad,2019-04-08,33.08,85.8,34.43,0.68,6.35,34.53,80.0,Satisfactory
Hyderabad,2019-04-09,40.63,99.2,41.49,0.75,8.36,29.18,91.0,Satisfactory
Hyderabad,2019-04-10,42.14,105.98,41.35,0.77,8.54,31.83,100.0,Satisfactory
Hyderabad,2019-04-11,31.45,73.52,29.76,0.51,8.56,32.91,87.0,Satisfactory
Hyderabad,2019-04-12,36.35,98.89,32.58,0.54,9.78,42.54,82.0,Satisfactory
Hyderabad,2019-04-13,32.69,82.36,40.08,0.63,7.85,46.0,91.0,Satisfactory
Hyderabad,2019-04-14,41.0,102.32,41.38,0.67,8.61,37.66,102.0,Moderate
Hyderabad,2019-04-15,37.57,97.74,35.15,0.54,6.78,39.51,95.0,Satisfactory
Hyderabad,2019-04-16,39.47,111.85,34.63,0.55,7.05,47.0,104.0,Moderate
Hyderabad,2019-04-17,33.26,87.34,28.9,0.5,5.59,40.01,91.0,Satisfactory
Hyderabad,2019-04-18,43.07,109.83,33.19,0.61,6.17,42.42,96.0,Satisfactory
Hyderabad,2019-04-19,30.74,67.2,30.7,0.51,2.86,42.07,94.0,Satisfactory
Hyderabad,2019-04-20,25.52,60.36,28.22,0.54,3.16,37.92,69.0,Satisfactory
Hyderabad,2019-04-21,24.77,59.67,25.56,0.5,3.73,39.44,69.0,Satisfactory
Hyderabad,2019-04-22,27.5,61.15,26.94,0.53,3.66,42.82,70.0,Satisfactory
Hyderabad,2019-04-23,34.65,83.12,38.86,0.77,6.3,45.19,96.0,Satisfactory
Hyderabad,2019-04-24,29.87,81.6,32.63,0.6,4.16,46.82,92.0,Satisfactory
Hyderabad,2019-04-25,36.16,98.68,34.65,0.65,4.87,49.41,102.0,Moderate
Hyderabad,2019-04-26,43.87,116.45,30.94,0.6,5.83,61.91,108.0,Moderate
Hyderabad,2019-04-27,51.92,134.45,37.2,0.71,6.0,54.12,124.0,Moderate
Hyderabad,2019-04-28,41.82,112.97,27.4,0.6,7.03,46.78,112.0,Moderate
Hyderabad,2019-04-29,39.66,98.53,26.75,0.63,6.19,48.48,103.0,Moderate
Hyderabad,2019-04-30,38.87,101.79,24.08,0.58,6.81,45.87,98.0,Satisfactory
Hyderabad,2019-05-01,36.43,111.66,24.25,0.56,5.57,40.78,96.0,Satisfactory
Hyderabad,2019-05-02,38.41,141.06,26.61,0.49,8.07,41.64,111.0,Moderate
Hyderabad,2019-05-03,36.05,146.83,23.87,0.43,9.12,47.23,119.0,Moderate
Hyderabad,2019-05-04,32.12,123.19,25.55,0.48,11.55,42.01,110.0,Moderate
Hyderabad,2019-05-05,36.53,126.81,32.84,0.53,12.2,36.18,106.0,Moderate
Hyderabad,2019-05-06,43.68,135.12,41.05,0.8,13.57,33.27,118.0,Moderate
Hyderabad,2019-05-07,52.95,152.18,54.4,1.08,12.38,33.49,130.0,Moderate
Hyderabad,2019-05-08,47.23,152.96,42.65,0.78,11.17,39.92,133.0,Moderate
Hyderabad,2019-05-09,46.82,139.1,40.85,0.76,11.69,35.35,132.0,Moderate
Hyderabad,2019-05-10,46.39,139.05,44.32,0.8,16.44,35.22,125.0,Moderate
Hyderabad,2019-05-11,48.29,136.64,27.81,0.72,9.88,47.78,121.0,Moderate
Hyderabad,2019-05-12,37.24,95.62,24.18,0.59,5.39,52.22,104.0,Moderate
Hyderabad,2019-05-13,41.34,108.46,26.81,0.62,6.61,52.29,109.0,Moderate
Hyderabad,2019-05-14,38.89,105.12,24.57,0.5,5.5,55.14,98.0,Satisfactory
Hyderabad,2019-05-15,42.5,110.8,28.26,0.63,5.83,45.58,110.0,Moderate
Hyderabad,2019-05-16,36.62,102.17,28.08,0.61,8.98,38.79,93.0,Satisfactory
Hyderabad,2019-05-17,43.35,123.1,25.97,0.59,7.43,42.46,109.0,Moderate
Hyderabad,2019-05-18,48.5,144.54,29.47,0.63,10.74,37.63,112.0,Moderate
Hyderabad,2019-05-19,55.84,158.9,39.35,0.84,13.51,40.31,134.0,Moderate
Hyderabad,2019-05-20,48.9,124.74,22.09,0.58,6.3,52.92,120.0,Moderate
Hyderabad,2019-05-21,43.6,114.83,20.39,0.5,5.97,53.16,111.0,Moderate
Hyderabad,2019-05-22,36.78,94.33,22.19,0.51,6.41,56.64,109.0,Moderate
Hyderabad,2019-05-23,44.73,111.01,21.49,0.53,5.38,53.87,104.0,Moderate
Hyderabad,2019-05-24,37.62,92.55,24.68,0.63,6.35,50.74,92.0,Satisfactory
Hyderabad,2019-05-25,46.56,128.82,33.57,0.68,7.62,41.11,112.0,Moderate
Hyderabad,2019-05-26,49.91,144.06,44.65,0.82,9.65,36.25,124.0,Moderate
Hyderabad,2019-05-27,41.93,124.03,32.43,0.56,7.74,38.17,114.0,Moderate
Hyderabad,2019-05-28,41.88,128.79,33.95,0.6,5.92,42.15,112.0,Moderate
Hyderabad,2019-05-29,52.22,148.7,41.52,0.79,7.43,47.71,124.0,Moderate
Hyderabad,2019-05-30,42.3,120.31,23.98,0.56,6.04,55.34,119.0,Moderate
Hyderabad,2019-05-31,39.47,107.63,24.28,0.59,4.32,48.05,105.0,Moderate
Hyderabad,2019-06-01,34.95,95.7,25.81,0.54,4.88,45.42,95.0,Satisfactory
Hyderabad,2019-06-02,44.33,127.37,30.78,0.66,5.89,42.0,111.0,Moderate
Hyderabad,2019-06-03,27.67,71.14,19.27,0.44,4.86,39.38,91.0,Satisfactory
Hyderabad,2019-06-04,24.01,54.95,23.84,0.42,4.5,49.99,75.0,Satisfactory
Hyderabad,2019-06-05,35.63,92.7,30.32,0.61,5.33,46.52,86.0,Satisfactory
Hyderabad,2019-06-06,35.67,104.77,23.98,0.43,4.84,52.02,103.0,Moderate
Hyderabad,2019-06-07,28.41,68.55,22.08,0.47,5.89,59.34,89.0,Satisfactory
Hyderabad,2019-06-08,32.08,65.33,30.99,0.69,5.04,50.4,78.0,Satisfactory
Hyderabad,2019-06-09,31.14,67.58,23.4,0.45,5.98,54.96,88.0,Satisfactory
Hyderabad,2019-06-10,23.71,54.49,20.71,0.43,6.06,54.44,75.0,Satisfactory
Hyderabad,2019-06-11,12.39,38.63,19.18,0.36,5.11,38.66,60.0,Satisfactory
Hyderabad,2019-06-12,8.7,31.33,15.47,0.32,5.25,34.8,48.0,Good
Hyderabad,2019-06-13,11.21,28.99,17.24,0.32,5.75,25.66,39.0,Good
Hyderabad,2019-06-14,15.94,40.79,14.46,0.32,4.75,25.63,40.0,Good
Hyderabad,2019-06-15,22.29,62.18,13.52,0.31,5.46,25.28,55.0,Satisfactory
Hyderabad,2019-06-16,19.58,61.02,9.26,0.29,4.29,25.32,57.0,Satisfactory
Hyderabad,2019-06-17,23.78,73.19,12.02,0.32,5.56,22.92,60.0,Satisfactory
Hyderabad,2019-06-18,22.29,62.52,10.98,0.32,4.82,25.52,60.0,Satisfactory
Hyderabad,2019-06-19,21.59,63.26,11.54,0.33,6.26,26.23,60.0,Satisfactory
Hyderabad,2019-06-20,18.96,56.2,11.05,0.32,6.32,27.66,54.0,Satisfactory
Hyderabad,2019-06-21,28.11,64.68,16.83,0.42,4.86,29.42,65.0,Satisfactory
Hyderabad,2019-06-22,24.75,40.82,15.01,0.36,4.34,33.89,60.0,Satisfactory
Hyderabad,2019-06-23,26.44,48.17,19.64,0.46,4.77,25.89,60.0,Satisfactory
Hyderabad,2019-06-24,25.45,48.67,19.86,0.48,5.04,31.78,62.0,Satisfactory
Hyderabad,2019-06-25,27.0,52.03,23.58,0.56,5.03,28.48,62.0,Satisfactory
Hyderabad,2019-06-26,18.07,38.92,13.79,0.29,4.29,25.99,60.0,Satisfactory
Hyderabad,2019-06-27,9.85,25.11,11.88,0.27,4.55,26.41,38.0,Good
Hyderabad,2019-06-28,9.89,21.02,9.71,0.34,3.51,24.92,35.0,Good
Hyderabad,2019-06-29,12.75,24.02,13.54,0.34,3.99,21.45,35.0,Good
Hyderabad,2019-06-30,18.55,35.16,16.94,0.34,5.0,24.0,39.0,Good
Hyderabad,2019-07-01,18.32,38.86,14.66,0.35,5.62,21.07,44.0,Good
Hyderabad,2019-07-02,17.75,29.98,14.34,0.36,3.99,17.96,36.0,Good
Hyderabad,2019-07-03,20.08,45.27,12.48,0.35,3.65,19.24,46.0,Good
Hyderabad,2019-07-04,17.71,38.88,13.84,0.36,4.07,18.73,49.0,Good
Hyderabad,2019-07-05,16.27,33.26,13.5,0.37,3.39,17.83,46.0,Good
Hyderabad,2019-07-06,15.95,38.56,8.82,0.39,3.28,19.48,42.0,Good
Hyderabad,2019-07-07,15.22,37.91,7.09,0.36,3.48,20.16,47.0,Good
Hyderabad,2019-07-08,16.51,44.22,10.33,0.34,4.35,16.37,36.0,Good
Hyderabad,2019-07-09,15.35,34.76,10.7,0.35,4.2,16.83,43.0,Good
Hyderabad,2019-07-10,12.67,31.67,9.99,0.33,4.32,16.24,36.0,Good
Hyderabad,2019-07-11,16.54,39.46,12.01,0.35,5.19,16.63,40.0,Good
Hyderabad,2019-07-12,18.41,39.59,15.07,0.42,8.4,16.69,45.0,Good
Hyderabad,2019-07-13,12.8,34.14,12.2,0.35,9.88,17.36,46.0,Good
Hyderabad,2019-07-14,14.43,42.52,14.78,0.39,4.59,16.68,36.0,Good
Hyderabad,2019-07-15,15.96,40.84,13.46,0.39,5.51,18.62,44.0,Good
Hyderabad,2019-07-16,24.07,72.98,15.32,0.43,10.41,18.08,60.0,Satisfactory
Hyderabad,2019-07-17,22.29,61.44,13.96,0.36,9.63,22.08,68.0,Satisfactory
Hyderabad,2019-07-18,26.43,83.02,14.91,0.41,9.44,25.61,70.0,Satisfactory
Hyderabad,2019-07-19,31.27,73.21,17.52,0.46,9.68,30.58,89.0,Satisfactory
Hyderabad,2019-07-20,20.12,38.84,13.94,0.43,5.41,30.44,64.0,Satisfactory
Hyderabad,2019-07-21,14.08,36.16,13.32,0.41,6.12,25.58,54.0,Satisfactory
Hyderabad,2019-07-22,12.01,37.69,15.41,0.46,5.78,21.49,48.0,Good
Hyderabad,2019-07-23,8.13,27.42,10.58,0.35,5.06,22.08,48.0,Good
Hyderabad,2019-07-24,10.24,33.46,11.32,0.37,6.43,21.22,47.0,Good
Hyderabad,2019-07-25,12.86,34.31,12.51,0.42,7.48,18.8,49.0,Good
Hyderabad,2019-07-26,14.72,37.9,14.61,0.38,9.89,15.66,50.0,Good
Hyderabad,2019-07-27,12.96,32.82,11.87,0.36,6.52,19.4,47.0,Good
Hyderabad,2019-07-28,13.46,32.98,11.57,0.36,4.07,19.12,47.0,Good
Hyderabad,2019-07-29,8.99,24.55,11.77,0.37,4.02,18.19,42.0,Good
Hyderabad,2019-07-30,8.48,16.54,12.12,0.3,6.56,17.98,35.0,Good
Hyderabad,2019-07-31,10.95,24.67,13.33,0.37,9.55,16.46,37.0,Good
Hyderabad,2019-08-01,10.31,22.89,14.94,0.42,6.72,14.78,41.0,Good
Hyderabad,2019-08-02,8.01,14.41,13.12,0.36,5.84,13.76,37.0,Good
Hyderabad,2019-08-03,6.75,12.53,11.92,0.33,4.24,14.61,39.0,Good
Hyderabad,2019-08-04,6.24,12.61,12.57,0.3,5.03,17.5,36.0,Good
Hyderabad,2019-08-05,7.95,16.23,12.93,0.33,5.9,17.12,37.0,Good
Hyderabad,2019-08-06,10.01,21.56,15.18,0.46,5.97,13.9,51.0,Satisfactory
Hyderabad,2019-08-07,9.72,20.37,16.76,0.38,5.86,12.08,46.0,Good
Hyderabad,2019-08-08,12.45,31.7,19.4,0.42,5.75,14.47,47.0,Good
Hyderabad,2019-08-09,12.46,36.39,13.58,0.36,10.95,18.47,46.0,Good
Hyderabad,2019-08-10,11.94,36.04,15.1,0.32,9.39,19.37,45.0,Good
Hyderabad,2019-08-11,17.37,49.51,16.94,0.37,11.43,18.34,50.0,Good
Hyderabad,2019-08-12,24.17,66.23,19.45,0.45,12.18,16.93,63.0,Satisfactory
Hyderabad,2019-08-13,29.79,83.11,29.89,0.42,9.62,13.8,72.0,Satisfactory
Hyderabad,2019-08-14,23.12,65.91,25.02,0.36,9.85,16.9,75.0,Satisfactory
Hyderabad,2019-08-15,19.11,52.66,21.68,0.31,13.65,15.36,58.0,Satisfactory
Hyderabad,2019-08-16,17.17,56.16,24.22,0.38,9.61,14.63,53.0,Satisfactory
Hyderabad,2019-08-17,23.03,78.62,24.44,0.38,8.87,17.03,69.0,Satisfactory
Hyderabad,2019-08-18,29.92,96.6,32.88,0.42,8.41,14.02,89.0,Satisfactory
Hyderabad,2019-08-19,25.94,75.83,30.57,0.37,8.72,15.29,85.0,Satisfactory
Hyderabad,2019-08-20,31.38,86.73,29.66,0.48,9.0,13.77,82.0,Satisfactory
Hyderabad,2019-08-21,27.23,79.58,23.96,0.53,11.3,15.79,75.0,Satisfactory
Hyderabad,2019-08-22,20.35,56.42,19.28,0.52,8.82,18.38,67.0,Satisfactory
Hyderabad,2019-08-23,23.71,61.82,16.82,0.43,11.22,18.8,65.0,Satisfactory
Hyderabad,2019-08-24,14.82,48.14,16.19,0.28,11.93,19.58,51.0,Satisfactory
Hyderabad,2019-08-25,14.89,36.89,17.27,0.37,7.35,20.59,51.0,Satisfactory
Hyderabad,2019-08-26,17.16,51.14,19.36,0.38,7.65,19.4,52.0,Satisfactory
Hyderabad,2019-08-27,18.86,65.41,15.9,0.38,7.78,22.29,65.0,Satisfactory
Hyderabad,2019-08-28,19.35,62.16,16.68,0.37,8.56,23.02,68.0,Satisfactory
Hyderabad,2019-08-29,16.92,53.81,17.85,0.42,5.76,17.91,65.0,Satisfactory
Hyderabad,2019-08-30,16.5,35.21,16.99,0.4,7.93,17.16,54.0,Satisfactory
Hyderabad,2019-08-31,13.98,26.77,15.96,0.38,6.72,13.47,41.0,Good
Hyderabad,2019-09-01,11.85,19.79,12.75,0.4,6.07,14.1,44.0,Good
Hyderabad,2019-09-02,15.72,31.72,11.79,0.38,8.25,14.05,38.0,Good
Hyderabad,2019-09-03,12.92,25.24,12.69,0.36,11.3,12.22,38.0,Good
Hyderabad,2019-09-04,12.2,22.06,12.34,0.38,7.72,13.7,35.0,Good
Hyderabad,2019-09-05,11.14,23.81,15.09,0.3,7.29,16.22,32.0,Good
Hyderabad,2019-09-06,11.92,26.23,12.37,0.28,7.28,14.98,34.0,Good
Hyderabad,2019-09-07,13.65,26.13,12.65,0.3,7.33,14.41,32.0,Good
Hyderabad,2019-09-08,10.31,23.28,11.43,0.31,6.93,17.15,33.0,Good
Hyderabad,2019-09-09,13.26,31.13,13.38,0.34,8.12,14.98,36.0,Good
Hyderabad,2019-09-10,14.98,39.67,13.26,0.31,6.41,16.46,39.0,Good
Hyderabad,2019-09-11,18.19,52.44,16.45,0.35,5.51,15.16,50.0,Good
Hyderabad,2019-09-12,21.73,54.59,14.72,0.31,10.14,14.9,57.0,Satisfactory
Hyderabad,2019-09-13,16.32,39.18,13.08,0.34,9.74,15.49,49.0,Good
Hyderabad,2019-09-14,18.39,43.73,15.41,0.36,9.21,16.87,48.0,Good
Hyderabad,2019-09-15,22.47,44.63,16.52,0.52,8.65,20.97,61.0,Satisfactory
Hyderabad,2019-09-16,28.23,63.7,15.93,0.38,10.36,17.92,65.0,Satisfactory
Hyderabad,2019-09-17,28.85,65.7,14.76,0.4,8.23,17.67,65.0,Satisfactory
Hyderabad,2019-09-18,25.01,47.59,22.53,0.51,5.48,25.02,65.0,Satisfactory
Hyderabad,2019-09-19,25.6,42.83,21.02,0.53,3.09,16.82,56.0,Satisfactory
Hyderabad,2019-09-20,20.54,35.92,21.37,0.48,4.86,16.03,53.0,Satisfactory
Hyderabad,2019-09-21,25.81,56.75,19.01,0.46,8.83,16.68,61.0,Satisfactory
Hyderabad,2019-09-22,27.01,56.52,22.14,0.48,2.91,19.56,61.0,Satisfactory
Hyderabad,2019-09-23,32.95,62.68,25.85,0.63,3.56,16.62,65.0,Satisfactory
Hyderabad,2019-09-24,28.07,45.66,25.87,0.5,2.65,18.13,60.0,Satisfactory
Hyderabad,2019-09-25,22.37,34.73,21.84,0.45,2.49,17.82,49.0,Good
Hyderabad,2019-09-26,20.4,37.11,15.21,0.44,3.49,16.42,53.0,Satisfactory
Hyderabad,2019-09-27,15.49,30.07,14.23,0.33,4.7,14.37,38.0,Good
Hyderabad,2019-09-28,25.85,47.6,15.5,0.4,4.62,17.95,44.0,Good
Hyderabad,2019-09-29,33.27,65.29,21.56,0.62,2.47,15.67,63.0,Satisfactory
Hyderabad,2019-09-30,41.11,65.51,28.89,0.82,3.01,13.19,75.0,Satisfactory
Hyderabad,2019-10-01,39.12,62.5,21.75,0.67,3.03,17.28,87.0,Satisfactory
Hyderabad,2019-10-02,31.98,69.4,21.43,0.53,3.8,19.45,72.0,Satisfactory
Hyderabad,2019-10-03,32.24,72.14,24.9,0.59,3.9,18.98,85.0,Satisfactory
Hyderabad,2019-10-04,34.73,70.39,24.27,0.65,10.07,20.09,81.0,Satisfactory
Hyderabad,2019-10-05,40.22,75.69,26.37,0.61,6.79,20.03,71.0,Satisfactory
Hyderabad,2019-10-06,42.99,65.7,26.42,0.62,5.33,20.61,82.0,Satisfactory
Hyderabad,2019-10-07,50.79,81.52,23.98,0.57,5.21,24.25,86.0,Satisfactory
Hyderabad,2019-10-08,56.9,83.53,21.05,0.57,3.4,23.99,95.0,Satisfactory
Hyderabad,2019-10-09,54.17,79.18,25.34,0.66,3.53,23.27,92.0,Satisfactory
Hyderabad,2019-10-10,39.07,64.26,32.44,0.63,3.94,19.34,80.0,Satisfactory
Hyderabad,2019-10-11,34.57,56.51,26.75,0.55,4.11,25.15,70.0,Satisfactory
Hyderabad,2019-10-12,34.91,61.3,27.6,0.56,3.6,24.66,67.0,Satisfactory
Hyderabad,2019-10-13,36.35,61.96,24.49,0.58,3.71,24.03,70.0,Satisfactory
Hyderabad,2019-10-14,53.22,94.89,24.54,0.56,5.04,21.06,88.0,Satisfactory
Hyderabad,2019-10-15,52.62,100.99,23.13,0.54,3.79,23.86,98.0,Satisfactory
Hyderabad,2019-10-16,59.41,104.37,28.52,0.67,2.95,25.33,98.0,Satisfactory
Hyderabad,2019-10-17,48.12,94.64,27.32,0.63,2.7,17.79,117.0,Moderate
Hyderabad,2019-10-18,24.3,52.38,20.85,0.5,2.71,18.67,64.0,Satisfactory
Hyderabad,2019-10-19,22.92,54.35,21.67,0.48,2.92,21.13,54.0,Satisfactory
Hyderabad,2019-10-20,28.04,51.18,23.54,0.62,2.68,18.41,63.0,Satisfactory
Hyderabad,2019-10-21,22.03,46.72,21.12,0.51,3.34,20.2,53.0,Satisfactory
Hyderabad,2019-10-22,41.03,71.08,27.1,0.65,3.63,14.93,71.0,Satisfactory
Hyderabad,2019-10-23,37.8,70.86,23.75,0.57,4.71,14.48,78.0,Satisfactory
Hyderabad,2019-10-24,22.53,43.48,19.81,0.6,8.3,12.59,72.0,Satisfactory
Hyderabad,2019-10-25,23.54,56.62,22.14,0.49,4.34,13.74,51.0,Satisfactory
Hyderabad,2019-10-26,18.81,42.64,18.42,0.44,2.59,15.61,52.0,Satisfactory
Hyderabad,2019-10-27,40.65,51.1,21.39,0.45,4.04,17.96,59.0,Satisfactory
Hyderabad,2019-10-28,64.09,94.5,24.01,0.59,5.25,20.95,126.0,Moderate
Hyderabad,2019-10-29,42.04,74.5,25.96,0.64,3.38,19.55,94.0,Satisfactory
Hyderabad,2019-10-30,40.41,72.97,26.24,0.98,2.96,19.73,82.0,Satisfactory
Hyderabad,2019-10-31,21.39,51.57,19.89,0.86,2.8,20.34,76.0,Satisfactory
Hyderabad,2019-11-01,22.51,54.11,20.95,0.46,3.41,19.96,54.0,Satisfactory
Hyderabad,2019-11-02,29.98,70.0,25.34,0.61,3.58,20.79,66.0,Satisfactory
Hyderabad,2019-11-03,37.22,84.04,22.49,0.59,5.34,23.74,84.0,Satisfactory
Hyderabad,2019-11-04,57.61,115.79,25.82,0.64,11.04,27.88,96.0,Satisfactory
Hyderabad,2019-11-05,84.85,157.6,36.15,0.75,13.54,28.26,155.0,Moderate
Hyderabad,2019-11-06,84.0,155.75,35.47,0.85,9.23,27.88,177.0,Moderate
Hyderabad,2019-11-07,70.7,125.56,27.89,0.65,6.2,31.05,155.0,Moderate
Hyderabad,2019-11-08,69.8,129.17,29.95,0.71,7.62,28.77,131.0,Moderate
Hyderabad,2019-11-09,81.35,146.94,29.9,0.67,9.4,32.63,156.0,Moderate
Hyderabad,2019-11-10,72.38,133.78,28.07,0.57,11.76,38.45,169.0,Moderate
Hyderabad,2019-11-11,60.06,122.21,30.62,0.64,6.83,27.21,122.0,Moderate
Hyderabad,2019-11-12,56.27,111.69,27.67,0.48,8.28,32.11,104.0,Moderate
Hyderabad,2019-11-13,62.64,120.38,32.29,0.55,7.01,34.16,123.0,Moderate
Hyderabad,2019-11-14,67.77,124.6,28.91,0.6,5.57,34.65,125.0,Moderate
Hyderabad,2019-11-15,69.15,130.32,34.06,0.67,6.04,30.76,127.0,Moderate
Hyderabad,2019-11-16,66.42,134.25,33.39,0.67,6.42,30.5,141.0,Moderate
Hyderabad,2019-11-17,70.79,135.59,30.37,0.66,11.76,34.73,131.0,Moderate
Hyderabad,2019-11-18,76.03,153.76,35.4,0.71,13.24,41.27,145.0,Moderate
Hyderabad,2019-11-19,82.72,159.66,32.85,0.68,9.84,44.86,165.0,Moderate
Hyderabad,2019-11-20,84.11,153.06,38.32,0.69,6.29,35.3,181.0,Moderate
Hyderabad,2019-11-21,78.63,137.03,38.44,0.7,4.59,30.22,161.0,Moderate
Hyderabad,2019-11-22,76.7,143.27,40.26,0.76,5.68,29.72,161.0,Moderate
Hyderabad,2019-11-23,75.82,146.29,42.14,0.77,9.06,26.43,159.0,Moderate
Hyderabad,2019-11-24,80.31,147.9,38.39,0.79,6.99,30.62,156.0,Moderate
Hyderabad,2019-11-25,86.18,152.32,35.5,0.72,7.34,32.54,163.0,Moderate
Hyderabad,2019-11-26,80.88,147.41,31.01,0.7,6.09,32.79,176.0,Moderate
Hyderabad,2019-11-27,71.3,141.73,38.76,0.85,5.83,28.08,154.0,Moderate
Hyderabad,2019-11-28,74.49,141.9,49.64,0.88,7.11,27.41,146.0,Moderate
Hyderabad,2019-11-29,62.42,117.76,44.76,0.79,5.44,28.58,129.0,Moderate
Hyderabad,2019-11-30,63.81,129.5,40.93,0.79,5.9,24.91,127.0,Moderate
Hyderabad,2019-12-01,61.97,115.41,32.04,0.7,5.92,23.4,127.0,Moderate
Hyderabad,2019-12-02,45.57,78.45,26.88,0.61,5.01,22.17,92.0,Satisfactory
Hyderabad,2019-12-03,47.66,80.56,36.08,0.75,5.45,20.1,75.0,Satisfactory
Hyderabad,2019-12-04,79.37,134.99,38.31,0.81,5.55,30.71,144.0,Moderate
Hyderabad,2019-12-05,82.44,152.49,47.96,0.92,8.32,27.09,172.0,Moderate
Hyderabad,2019-12-06,85.82,164.16,46.9,0.86,8.61,30.81,178.0,Moderate
Hyderabad,2019-12-07,83.29,152.67,49.14,0.82,6.63,33.25,186.0,Moderate
Hyderabad,2019-12-08,67.07,126.99,42.75,0.83,5.88,27.28,156.0,Moderate
Hyderabad,2019-12-09,57.77,111.21,41.58,0.89,5.62,24.99,119.0,Moderate
Hyderabad,2019-12-10,58.14,116.77,43.91,0.86,6.12,24.18,117.0,Moderate
Hyderabad,2019-12-11,64.73,122.45,45.83,0.92,5.73,26.62,125.0,Moderate
Hyderabad,2019-12-12,55.77,109.27,44.15,0.78,5.58,23.84,125.0,Moderate
Hyderabad,2019-12-13,31.86,69.75,32.41,0.61,5.87,26.76,85.0,Satisfactory
Hyderabad,2019-12-14,40.8,83.56,35.37,0.67,5.14,26.37,78.0,Satisfactory
Hyderabad,2019-12-15,43.43,78.64,31.45,0.66,4.87,27.3,87.0,Satisfactory
Hyderabad,2019-12-16,50.84,100.38,39.89,0.75,5.05,25.47,96.0,Satisfactory
Hyderabad,2019-12-17,69.16,129.71,45.94,0.84,6.06,24.37,120.0,Moderate
Hyderabad,2019-12-18,75.72,146.93,48.4,0.91,6.88,24.3,150.0,Moderate
Hyderabad,2019-12-19,75.66,147.41,45.84,0.92,5.69,25.57,147.0,Moderate
Hyderabad,2019-12-20,78.86,152.23,52.39,1.0,8.96,25.49,151.0,Moderate
Hyderabad,2019-12-21,82.1,156.27,45.79,0.84,7.61,31.18,172.0,Moderate
Hyderabad,2019-12-22,77.15,141.72,41.34,0.66,6.27,28.57,166.0,Moderate
Hyderabad,2019-12-23,74.42,132.56,41.57,0.73,5.84,30.37,157.0,Moderate
Hyderabad,2019-12-24,62.38,109.07,34.51,0.63,5.24,32.49,130.0,Moderate
Hyderabad,2019-12-25,72.06,123.2,33.0,0.74,4.73,34.33,131.0,Moderate
Hyderabad,2019-12-26,62.79,114.8,33.93,0.75,5.43,29.67,128.0,Moderate
Hyderabad,2019-12-27,56.3,119.06,36.66,0.73,6.89,26.83,119.0,Moderate
Hyderabad,2019-12-28,73.73,141.13,39.62,0.72,14.5,31.39,130.0,Moderate
Hyderabad,2019-12-29,80.23,149.05,44.53,0.79,10.51,32.58,158.0,Moderate
Hyderabad,2019-12-30,72.02,127.34,36.32,0.81,6.71,36.01,143.0,Moderate
Hyderabad,2019-12-31,47.37,82.17,30.94,0.68,5.25,30.96,107.0,Moderate
Hyderabad,2020-01-01,41.19,69.42,25.88,0.65,4.18,28.71,82.0,Satisfactory
Hyderabad,2020-01-02,30.8,56.0,27.43,0.61,3.83,22.23,64.0,Satisfactory
Hyderabad,2020-01-03,33.09,57.88,25.24,0.57,5.53,22.63,64.0,Satisfactory
Hyderabad,2020-01-04,57.96,106.32,29.78,0.7,6.3,27.61,87.0,Satisfactory
Hyderabad,2020-01-05,64.52,113.98,34.05,0.57,17.49,29.06,112.0,Moderate
Hyderabad,2020-01-06,56.86,101.12,36.85,0.75,11.39,26.58,125.0,Moderate
Hyderabad,2020-01-07,51.1,89.73,30.38,0.6,5.24,27.64,93.0,Satisfactory
Hyderabad,2020-01-08,40.04,74.46,25.03,0.45,6.19,26.31,82.0,Satisfactory
Hyderabad,2020-01-09,46.45,88.34,29.5,0.52,6.66,20.13,84.0,Satisfactory
Hyderabad,2020-01-10,74.35,129.65,29.58,0.52,8.8,30.67,123.0,Moderate
Hyderabad,2020-01-11,74.55,141.86,41.69,0.62,13.04,29.76,149.0,Moderate
Hyderabad,2020-01-12,67.37,137.74,42.49,0.57,14.43,29.52,140.0,Moderate
Hyderabad,2020-01-13,65.69,135.4,46.15,0.61,11.57,32.27,128.0,Moderate
Hyderabad,2020-01-14,72.24,139.44,40.97,0.63,5.04,41.27,134.0,Moderate
Hyderabad,2020-01-15,50.23,86.93,25.29,0.42,4.35,36.53,119.0,Moderate
Hyderabad,2020-01-16,35.28,65.41,22.05,0.38,5.35,33.42,76.0,Satisfactory
Hyderabad,2020-01-17,31.16,63.66,27.84,0.44,5.87,25.51,66.0,Satisfactory
Hyderabad,2020-01-18,35.01,74.36,29.5,0.48,5.17,25.43,69.0,Satisfactory
Hyderabad,2020-01-19,34.14,71.2,27.74,0.43,4.3,25.09,74.0,Satisfactory
Hyderabad,2020-01-20,39.98,83.38,30.46,0.47,4.75,25.95,77.0,Satisfactory
Hyderabad,2020-01-21,37.27,89.76,32.37,0.46,5.1,28.47,84.0,Satisfactory
Hyderabad,2020-01-22,38.79,85.47,31.8,0.48,5.74,27.79,84.0,Satisfactory
Hyderabad,2020-01-23,56.38,115.76,43.87,0.62,6.51,23.8,106.0,Moderate
Hyderabad,2020-01-24,63.09,128.53,49.49,0.66,7.58,21.9,125.0,Moderate
Hyderabad,2020-01-25,67.01,141.41,47.05,0.7,9.29,24.01,133.0,Moderate
Hyderabad,2020-01-26,62.52,138.48,43.0,0.63,8.08,26.27,131.0,Moderate
Hyderabad,2020-01-27,57.99,119.51,38.53,0.56,7.35,29.09,128.0,Moderate
Hyderabad,2020-01-28,51.37,105.71,29.77,0.45,9.14,36.31,107.0,Moderate
Hyderabad,2020-01-29,58.15,132.5,38.77,0.56,12.66,27.33,128.0,Moderate
Hyderabad,2020-01-30,68.2,149.58,36.66,0.57,12.68,32.23,126.0,Moderate
Hyderabad,2020-01-31,59.22,131.21,38.18,0.47,8.72,33.28,141.0,Moderate
Hyderabad,2020-02-01,38.88,83.63,40.69,0.4,5.26,23.6,99.0,Satisfactory
Hyderabad,2020-02-02,40.2,86.11,29.28,0.45,4.62,22.37,77.0,Satisfactory
Hyderabad,2020-02-03,36.94,79.23,30.21,0.42,4.14,19.82,76.0,Satisfactory
Hyderabad,2020-02-04,27.77,68.94,31.23,0.42,6.01,22.31,71.0,Satisfactory
Hyderabad,2020-02-05,32.73,79.91,34.88,0.44,4.73,20.87,70.0,Satisfactory
Hyderabad,2020-02-06,30.56,83.58,41.17,0.4,4.98,22.55,80.0,Satisfactory
Hyderabad,2020-02-07,32.21,85.67,28.37,0.39,4.61,28.54,80.0,Satisfactory
Hyderabad,2020-02-08,38.5,82.42,28.55,0.45,4.7,22.27,79.0,Satisfactory
Hyderabad,2020-02-09,41.49,67.47,27.11,0.49,5.98,17.12,82.0,Satisfactory
Hyderabad,2020-02-10,39.28,71.1,29.29,0.48,4.23,24.04,68.0,Satisfactory
Hyderabad,2020-02-11,42.7,80.0,29.93,0.49,4.72,30.41,75.0,Satisfactory
Hyderabad,2020-02-12,56.38,105.86,36.64,0.6,5.87,27.5,94.0,Satisfactory
Hyderabad,2020-02-13,61.85,130.5,43.3,0.6,9.22,28.73,122.0,Moderate
Hyderabad,2020-02-14,74.29,149.4,60.15,0.85,19.3,25.32,146.0,Moderate
Hyderabad,2020-02-15,66.96,142.86,57.58,0.8,13.19,27.56,154.0,Moderate
Hyderabad,2020-02-16,65.61,134.24,43.19,0.56,11.81,34.95,140.0,Moderate
Hyderabad,2020-02-17,59.75,138.05,44.99,0.63,10.93,29.88,126.0,Moderate
Hyderabad,2020-02-18,45.93,120.32,47.25,0.57,14.12,29.11,116.0,Moderate
Hyderabad,2020-02-19,49.6,116.05,44.57,0.58,8.36,32.27,112.0,Moderate
Hyderabad,2020-02-20,45.57,94.57,27.45,0.41,5.78,31.14,97.0,Satisfactory
Hyderabad,2020-02-21,35.27,76.37,22.96,0.35,6.09,32.66,86.0,Satisfactory
Hyderabad,2020-02-22,28.81,77.15,27.78,0.37,5.72,28.48,72.0,Satisfactory
Hyderabad,2020-02-23,25.6,64.14,24.85,0.39,5.8,29.68,68.0,Satisfactory
Hyderabad,2020-02-24,32.51,77.92,27.31,0.46,4.77,32.78,70.0,Satisfactory
Hyderabad,2020-02-25,42.14,107.78,28.15,0.46,8.89,31.4,86.0,Satisfactory
Hyderabad,2020-02-26,55.84,134.28,34.26,0.51,12.79,34.42,112.0,Moderate
Hyderabad,2020-02-27,38.49,108.25,33.43,0.41,10.07,36.84,108.0,Moderate
Hyderabad,2020-02-28,40.35,103.27,29.75,0.43,6.6,35.27,97.0,Satisfactory
Hyderabad,2020-02-29,42.44,94.49,25.56,0.51,4.91,33.3,91.0,Satisfactory
Hyderabad,2020-03-01,43.21,93.93,27.41,0.58,4.72,33.69,92.0,Satisfactory
Hyderabad,2020-03-02,48.6,98.66,31.95,0.59,5.26,29.23,95.0,Satisfactory
Hyderabad,2020-03-03,49.59,101.91,27.73,0.52,5.34,29.24,97.0,Satisfactory
Hyderabad,2020-03-04,46.51,109.13,29.56,0.52,8.82,26.06,106.0,Moderate
Hyderabad,2020-03-05,57.23,135.4,37.61,0.64,11.83,29.33,113.0,Moderate
Hyderabad,2020-03-06,33.87,85.6,23.4,0.44,5.21,21.86,100.0,Satisfactory
Hyderabad,2020-03-07,38.58,92.91,25.4,0.46,4.76,23.93,85.0,Satisfactory
Hyderabad,2020-03-08,33.94,68.49,22.05,0.46,4.69,23.97,77.0,Satisfactory
Hyderabad,2020-03-09,32.84,75.09,22.79,0.5,4.82,18.94,70.0,Satisfactory
Hyderabad,2020-03-10,25.67,60.08,21.21,0.44,4.35,21.56,65.0,Satisfactory
Hyderabad,2020-03-11,29.93,75.82,26.85,0.48,5.01,21.78,62.0,Satisfactory
Hyderabad,2020-03-12,31.53,86.96,30.61,0.58,5.55,21.14,78.0,Satisfactory
Hyderabad,2020-03-13,27.51,78.19,25.71,0.46,4.96,20.64,79.0,Satisfactory
Hyderabad,2020-03-14,33.45,83.27,28.19,0.53,6.01,20.47,75.0,Satisfactory
Hyderabad,2020-03-15,32.03,81.84,27.55,0.49,5.37,22.61,82.0,Satisfactory
Hyderabad,2020-03-16,27.86,68.18,28.5,0.53,4.57,19.88,71.0,Satisfactory
Hyderabad,2020-03-17,25.08,69.94,29.65,0.47,3.98,20.94,67.0,Satisfactory
Hyderabad,2020-03-18,26.32,68.45,31.53,0.51,5.34,20.74,67.0,Satisfactory
Hyderabad,2020-03-19,43.39,97.86,33.52,0.68,7.02,24.86,87.0,Satisfactory
Hyderabad,2020-03-20,33.71,72.83,25.04,0.52,5.39,29.44,79.0,Satisfactory
Hyderabad,2020-03-21,39.85,103.66,24.68,0.57,7.04,28.78,84.0,Satisfactory
Hyderabad,2020-03-22,38.0,85.6,20.45,0.49,6.38,26.93,102.0,Moderate
Hyderabad,2020-03-23,37.97,72.32,14.21,0.46,5.41,28.82,73.0,Satisfactory
Hyderabad,2020-03-24,28.75,59.24,12.33,0.4,6.67,28.26,66.0,Satisfactory
Hyderabad,2020-03-25,28.47,59.28,12.7,0.4,6.22,28.67,60.0,Satisfactory
Hyderabad,2020-03-26,29.0,60.99,12.23,0.37,5.14,29.13,59.0,Satisfactory
Hyderabad,2020-03-27,34.09,67.6,12.16,0.36,5.3,33.42,65.0,Satisfactory
Hyderabad,2020-03-28,36.17,67.08,11.67,0.39,6.39,36.97,70.0,Satisfactory
Hyderabad,2020-03-29,42.07,75.41,19.37,0.47,4.71,36.94,75.0,Satisfactory
Hyderabad,2020-03-30,34.79,65.96,19.35,0.41,7.11,36.78,72.0,Satisfactory
Hyderabad,2020-03-31,42.42,72.92,19.9,0.49,7.31,37.4,68.0,Satisfactory
Hyderabad,2020-04-01,47.96,83.65,19.98,0.65,6.64,35.46,87.0,Satisfactory
Hyderabad,2020-04-02,48.05,80.7,19.75,0.55,6.67,33.65,88.0,Satisfactory
Hyderabad,2020-04-03,38.13,69.42,18.95,0.51,9.04,31.37,73.0,Satisfactory
Hyderabad,2020-04-04,37.34,72.16,21.26,0.5,8.46,26.57,67.0,Satisfactory
Hyderabad,2020-04-05,30.18,57.17,16.71,0.44,8.36,27.81,66.0,Satisfactory
Hyderabad,2020-04-06,27.87,64.99,18.52,0.66,8.47,25.48,64.0,Satisfactory
Hyderabad,2020-04-07,19.76,39.6,22.67,0.8,8.49,34.09,77.0,Satisfactory
Hyderabad,2020-04-08,19.94,43.45,20.46,0.41,11.06,36.03,56.0,Satisfactory
Hyderabad,2020-04-09,29.36,61.5,25.74,0.51,9.14,29.65,59.0,Satisfactory
Hyderabad,2020-04-10,18.95,36.93,31.96,0.52,6.51,28.05,62.0,Satisfactory
Hyderabad,2020-04-11,23.99,43.01,27.24,0.38,6.21,23.3,55.0,Satisfactory
Hyderabad,2020-04-12,33.4,59.02,21.68,0.4,4.25,24.1,61.0,Satisfactory
Hyderabad,2020-04-13,35.21,66.35,18.03,0.41,3.48,29.34,68.0,Satisfactory
Hyderabad,2020-04-14,38.07,78.8,19.72,0.38,4.27,33.8,74.0,Satisfactory
Hyderabad,2020-04-15,33.99,68.75,18.3,0.41,4.36,34.56,74.0,Satisfactory
Hyderabad,2020-04-16,37.13,68.87,18.82,0.49,4.19,33.93,70.0,Satisfactory
Hyderabad,2020-04-17,38.44,75.93,21.35,0.51,5.07,29.02,74.0,Satisfactory
Hyderabad,2020-04-18,35.67,63.08,25.01,0.5,4.46,24.66,75.0,Satisfactory
Hyderabad,2020-04-19,30.21,61.21,24.42,0.38,5.75,24.31,67.0,Satisfactory
Hyderabad,2020-04-20,26.47,57.08,25.39,0.38,6.01,21.8,58.0,Satisfactory
Hyderabad,2020-04-21,22.83,42.44,29.99,0.5,6.64,20.2,54.0,Satisfactory
Hyderabad,2020-04-22,25.12,46.3,26.18,0.39,4.56,23.58,50.0,Good
Hyderabad,2020-04-23,27.57,62.7,24.7,0.45,4.88,23.42,53.0,Satisfactory
Hyderabad,2020-04-24,28.99,54.72,22.09,0.44,4.43,23.95,63.0,Satisfactory
Hyderabad,2020-04-25,31.76,72.38,24.4,0.46,5.65,24.59,62.0,Satisfactory
Hyderabad,2020-04-26,29.9,59.77,20.64,0.42,4.27,25.52,71.0,Satisfactory
Hyderabad,2020-04-27,23.51,56.45,21.98,0.44,3.83,26.87,56.0,Satisfactory
Hyderabad,2020-04-28,23.36,53.68,19.73,0.39,3.72,23.68,56.0,Satisfactory
Hyderabad,2020-04-29,16.03,37.73,22.21,0.41,3.67,29.77,51.0,Satisfactory
Hyderabad,2020-04-30,21.12,54.39,24.27,0.6,4.03,32.53,59.0,Satisfactory
Hyderabad,2020-05-01,22.69,53.46,22.43,0.64,4.27,27.21,67.0,Satisfactory
Hyderabad,2020-05-02,24.62,51.4,25.22,0.54,5.59,30.87,54.0,Satisfactory
Hyderabad,2020-05-03,33.03,80.72,26.32,0.49,5.04,30.42,70.0,Satisfactory
Hyderabad,2020-05-04,28.18,69.69,22.57,0.48,4.59,32.53,77.0,Satisfactory
Hyderabad,2020-05-05,31.36,75.39,24.86,0.45,4.17,32.74,71.0,Satisfactory
Hyderabad,2020-05-06,25.18,59.71,21.51,0.52,4.45,31.28,73.0,Satisfactory
Hyderabad,2020-05-07,26.84,58.71,21.67,0.41,4.3,26.6,59.0,Satisfactory
Hyderabad,2020-05-08,27.46,66.53,22.97,0.45,4.84,29.18,65.0,Satisfactory
Hyderabad,2020-05-09,29.56,61.16,21.1,0.37,5.41,31.69,69.0,Satisfactory
Hyderabad,2020-05-10,28.15,47.77,26.08,0.43,5.02,26.82,65.0,Satisfactory
Hyderabad,2020-05-11,38.65,82.55,30.29,0.53,7.01,27.77,83.0,Satisfactory
Hyderabad,2020-05-12,32.09,62.6,27.82,0.47,6.05,24.41,74.0,Satisfactory
Hyderabad,2020-05-13,24.1,54.77,24.07,0.38,4.61,25.87,64.0,Satisfactory
Hyderabad,2020-05-14,25.06,53.65,21.85,0.35,5.29,25.8,60.0,Satisfactory
Hyderabad,2020-05-15,24.12,56.89,23.33,0.34,5.38,27.84,60.0,Satisfactory
Hyderabad,2020-05-16,27.65,61.38,26.37,0.46,6.32,30.88,67.0,Satisfactory
Hyderabad,2020-05-17,32.47,72.72,28.5,0.49,5.87,31.95,70.0,Satisfactory
Hyderabad,2020-05-18,31.05,71.9,27.66,0.43,7.55,35.11,72.0,Satisfactory
Hyderabad,2020-05-19,42.41,122.45,30.17,0.52,9.4,33.8,93.0,Satisfactory
Hyderabad,2020-05-20,36.62,134.25,31.45,0.44,10.5,29.47,106.0,Moderate
Hyderabad,2020-05-21,31.59,118.03,33.69,0.43,11.4,32.1,109.0,Moderate
Hyderabad,2020-05-22,39.91,137.19,38.9,0.68,8.55,28.72,114.0,Moderate
Hyderabad,2020-05-23,44.09,147.59,35.83,0.62,8.65,35.2,122.0,Moderate
Hyderabad,2020-05-24,41.03,124.09,26.38,0.52,6.61,43.37,116.0,Moderate
Hyderabad,2020-05-25,33.07,97.27,22.72,0.44,5.94,38.23,102.0,Moderate
Hyderabad,2020-05-26,32.51,85.85,23.19,0.45,6.32,37.5,89.0,Satisfactory
Hyderabad,2020-05-27,28.66,90.2,24.26,0.44,5.46,40.38,87.0,Satisfactory
Hyderabad,2020-05-28,26.7,96.67,26.37,0.41,5.65,32.09,86.0,Satisfactory
Hyderabad,2020-05-29,21.07,79.56,24.05,0.34,6.1,30.78,84.0,Satisfactory
Hyderabad,2020-05-30,18.56,60.6,23.9,0.33,5.49,32.56,65.0,Satisfactory
Hyderabad,2020-05-31,25.17,60.07,27.75,0.43,4.66,25.41,67.0,Satisfactory
Hyderabad,2020-06-01,30.0,54.63,30.48,0.42,5.23,30.2,55.0,Satisfactory
Hyderabad,2020-06-02,16.47,31.29,23.75,0.33,4.36,29.86,79.0,Satisfactory
Hyderabad,2020-06-03,11.74,24.32,20.72,0.34,5.12,18.84,38.0,Good
Hyderabad,2020-06-04,13.93,28.72,18.89,0.3,5.56,21.39,33.0,Good
Hyderabad,2020-06-05,19.57,52.74,22.78,0.3,6.89,20.05,38.0,Good
Hyderabad,2020-06-06,23.02,74.58,20.88,0.29,10.04,17.59,58.0,Satisfactory
Hyderabad,2020-06-07,19.49,59.86,18.0,0.3,9.34,17.98,64.0,Satisfactory
Hyderabad,2020-06-08,20.2,68.79,19.5,0.32,9.69,16.57,54.0,Satisfactory
Hyderabad,2020-06-09,17.96,56.02,19.43,0.31,9.15,20.04,57.0,Satisfactory
Hyderabad,2020-06-10,20.26,42.43,21.57,0.28,5.72,17.59,48.0,Good
Hyderabad,2020-06-11,19.96,45.14,23.97,0.27,6.7,13.48,42.0,Good
Hyderabad,2020-06-12,17.19,35.96,21.01,0.28,6.02,15.47,42.0,Good
Hyderabad,2020-06-13,9.87,23.48,19.35,0.29,5.32,16.2,38.0,Good
Hyderabad,2020-06-14,9.8,22.79,19.97,0.26,6.34,17.74,32.0,Good
Hyderabad,2020-06-15,13.53,31.78,19.95,0.31,6.19,15.24,33.0,Good
Hyderabad,2020-06-16,10.31,20.76,17.7,0.31,5.28,13.05,31.0,Good
Hyderabad,2020-06-17,10.31,20.97,18.86,0.28,5.7,14.37,29.0,Good
Hyderabad,2020-06-18,14.04,33.09,18.92,0.26,5.94,13.99,30.0,Good
Hyderabad,2020-06-19,20.19,55.14,20.73,0.27,7.96,12.04,37.0,Good
Hyderabad,2020-06-20,22.5,63.77,19.96,0.26,7.71,13.86,52.0,Satisfactory
Hyderabad,2020-06-21,24.0,72.01,21.8,0.25,8.15,14.47,56.0,Satisfactory
Hyderabad,2020-06-22,22.91,68.3,21.71,0.26,7.86,15.94,60.0,Satisfactory
Hyderabad,2020-06-23,22.36,56.6,22.45,0.32,6.56,16.49,51.0,Satisfactory
Hyderabad,2020-06-24,21.25,45.4,24.72,0.36,5.26,20.81,51.0,Satisfactory
Hyderabad,2020-06-25,22.41,46.29,25.42,0.35,5.16,23.48,52.0,Satisfactory
Hyderabad,2020-06-26,27.05,54.96,21.78,0.34,5.03,24.41,52.0,Satisfactory
Hyderabad,2020-06-27,23.29,44.2,22.64,0.36,5.39,24.22,58.0,Satisfactory
Hyderabad,2020-06-28,15.8,32.18,22.73,0.36,6.36,22.25,49.0,Good
Hyderabad,2020-06-29,20.24,44.74,27.59,0.38,6.29,19.98,47.0,Good
Hyderabad,2020-06-30,19.38,41.95,24.58,0.39,5.3,17.4,46.0,Good
Hyderabad,2020-07-01,26.83,66.5,27.18,0.43,6.07,13.2,48.0,Good
Jaipur,2017-06-20,70.1,75.55,6.16,0.81,9.02,13.83,149.0,Moderate
Jaipur,2017-06-21,67.5,93.8,2.98,0.71,9.26,38.19,126.0,Moderate
Jaipur,2017-06-22,24.8,31.95,3.11,0.74,8.89,44.67,85.0,Satisfactory
Jaipur,2017-06-23,32.3,47.4,3.27,0.68,8.39,39.16,62.0,Satisfactory
Jaipur,2017-06-24,55.36,73.69,1.68,0.77,9.33,10.76,77.0,Satisfactory
Jaipur,2017-06-25,47.62,79.52,0.01,0.73,9.15,9.38,86.0,Satisfactory
Jaipur,2017-06-26,61.34,100.61,0.07,1.01,8.55,13.56,90.0,Satisfactory
Jaipur,2017-06-28,19.66,23.81,6.36,0.86,8.56,1.34,59.0,Satisfactory
Jaipur,2017-06-29,16.8,14.47,5.9,0.67,8.49,1.27,50.0,Good
Jaipur,2017-06-30,14.37,23.25,5.7,0.57,8.89,1.21,43.0,Good
Jaipur,2017-07-01,25.14,26.17,6.02,0.89,9.53,1.35,55.0,Satisfactory
Jaipur,2017-07-02,28.74,33.12,5.99,1.02,9.35,1.2,80.0,Satisfactory
Jaipur,2017-07-03,39.4,51.67,3.67,0.86,10.11,1.17,58.0,Satisfactory
Jaipur,2017-07-04,52.82,76.36,6.86,0.8,8.95,1.21,78.0,Satisfactory
Jaipur,2017-07-05,56.88,91.07,10.75,0.74,9.28,1.27,94.0,Satisfactory
Jaipur,2017-07-06,68.1,101.47,10.53,0.56,9.37,1.17,107.0,Moderate
Jaipur,2017-07-07,60.61,80.86,10.05,0.64,9.14,1.22,118.0,Moderate
Jaipur,2017-07-08,54.57,1.02,9.68,0.67,9.27,1.34,96.0,Satisfactory
Jaipur,2017-07-11,81.08,120.51,11.14,1.8,9.74,2.18,108.0,Moderate
Jaipur,2017-07-13,33.25,34.01,10.95,0.74,9.56,1.35,61.0,Satisfactory
Jaipur,2017-07-14,30.59,41.65,11.36,0.72,8.52,1.23,53.0,Satisfactory
Jaipur,2017-07-15,45.02,64.8,15.55,0.8,9.44,1.85,67.0,Satisfactory
Jaipur,2017-07-16,44.54,83.5,21.27,0.79,8.79,1.93,81.0,Satisfactory
Jaipur,2017-07-17,33.83,76.56,21.08,0.77,9.18,1.47,83.0,Satisfactory
Jaipur,2017-07-18,33.98,84.18,20.67,0.7,6.02,1.2,75.0,Satisfactory
Jaipur,2017-07-20,30.57,89.06,15.02,0.42,4.2,1.11,82.0,Satisfactory
Jaipur,2017-07-21,28.19,73.55,20.46,0.41,5.53,27.07,86.0,Satisfactory
Jaipur,2017-07-22,18.78,55.4,23.7,0.17,5.45,27.04,66.0,Satisfactory
Jaipur,2017-07-26,28.82,89.59,24.67,0.22,4.77,27.41,89.0,Satisfactory
Jaipur,2017-07-27,26.78,80.29,24.5,0.34,5.6,39.14,86.0,Satisfactory
Jaipur,2017-07-28,33.62,93.94,24.74,0.17,5.61,37.46,88.0,Satisfactory
Jaipur,2017-08-01,43.26,113.04,24.5,0.13,4.06,11.12,103.0,Moderate
Jaipur,2017-08-03,31.91,95.79,21.16,0.23,12.47,16.37,106.0,Moderate
Jaipur,2017-08-04,63.95,175.36,24.65,0.69,9.57,24.42,115.0,Moderate
Jaipur,2017-08-05,68.29,190.23,24.79,0.61,11.2,15.58,157.0,Moderate
Jaipur,2017-08-06,82.07,214.16,24.63,0.62,6.66,17.93,173.0,Moderate
Jaipur,2017-08-07,72.83,162.79,24.76,0.68,6.61,18.09,161.0,Moderate
Jaipur,2017-08-08,60.86,120.88,24.55,0.81,5.52,17.38,118.0,Moderate
Jaipur,2017-08-09,50.6,116.45,28.04,0.74,12.26,17.53,116.0,Moderate
Jaipur,2017-08-10,44.02,95.86,31.2,0.68,6.76,18.32,103.0,Moderate
Jaipur,2017-08-11,35.78,91.05,30.79,0.62,5.2,20.42,96.0,Satisfactory
Jaipur,2017-08-12,25.56,75.22,30.21,0.57,5.6,22.36,83.0,Satisfactory
Jaipur,2017-08-13,28.29,84.76,29.39,0.53,5.43,24.65,78.0,Satisfactory
Jaipur,2017-08-14,40.2,107.44,30.08,0.77,6.46,22.28,92.0,Satisfactory
Jaipur,2017-08-15,39.21,122.7,30.34,0.8,5.46,23.83,116.0,Moderate
Jaipur,2017-08-16,43.4,123.6,30.61,0.57,5.54,24.37,112.0,Moderate
Jaipur,2017-08-22,34.1,101.56,30.02,0.62,9.28,25.1,95.0,Satisfactory
Jaipur,2017-08-23,34.1,71.91,30.72,0.69,8.82,21.75,88.0,Satisfactory
Jaipur,2017-08-24,34.1,87.22,31.43,0.72,8.46,20.05,76.0,Satisfactory
Jaipur,2017-08-25,34.1,78.76,31.04,0.68,8.07,18.91,88.0,Satisfactory
Jaipur,2017-08-26,34.1,111.8,31.13,0.65,8.04,21.13,91.0,Satisfactory
Jaipur,2017-08-27,34.1,105.38,30.39,0.61,8.53,22.05,107.0,Moderate
Jaipur,2017-08-28,28.79,107.75,26.11,0.86,9.26,20.16,118.0,Moderate
Jaipur,2017-08-30,25.35,73.02,26.68,0.64,9.02,36.12,115.0,Moderate
Jaipur,2017-08-31,22.64,62.19,25.78,0.55,9.18,172.28,130.0,Moderate
Jaipur,2017-09-01,22.13,129.39,26.03,0.55,9.04,109.72,184.0,Moderate
Jaipur,2017-09-02,25.23,76.9,26.6,0.45,8.44,112.46,233.0,Poor
Jaipur,2017-09-03,16.29,76.67,26.42,0.13,8.33,18.08,79.0,Satisfactory
Jaipur,2017-09-04,21.38,105.84,27.74,0.18,8.84,22.85,92.0,Satisfactory
Jaipur,2017-09-05,20.83,107.61,27.81,0.19,8.67,22.04,105.0,Moderate
Jaipur,2017-09-06,26.72,119.22,28.13,0.23,9.36,19.97,110.0,Moderate
Jaipur,2017-09-07,31.5,134.85,29.7,0.26,8.51,17.19,118.0,Moderate
Jaipur,2017-09-08,27.4,127.1,29.02,0.24,8.97,16.84,119.0,Moderate
Jaipur,2017-09-11,27.27,119.65,27.34,0.18,9.76,42.69,111.0,Moderate
Jaipur,2017-09-12,24.81,100.32,27.2,0.2,9.68,43.17,111.0,Moderate
Jaipur,2017-09-13,22.04,93.43,27.68,0.24,9.75,40.11,91.0,Satisfactory
Jaipur,2017-09-14,32.23,129.25,29.45,0.32,9.55,37.53,102.0,Moderate
Jaipur,2017-09-15,38.06,159.03,29.1,0.2,8.75,37.34,142.0,Moderate
Jaipur,2017-09-16,42.42,166.8,29.0,0.21,9.01,36.74,135.0,Moderate
Jaipur,2017-09-17,36.33,158.2,28.37,0.22,9.91,37.68,149.0,Moderate
Jaipur,2017-09-18,38.83,166.38,31.45,0.31,9.28,34.34,138.0,Moderate
Jaipur,2017-09-19,30.51,138.75,32.22,0.94,13.22,23.59,146.0,Moderate
Jaipur,2017-09-20,37.34,147.92,41.96,0.86,10.57,28.72,164.0,Moderate
Jaipur,2017-09-22,50.0,86.61,35.41,0.21,7.46,15.87,88.0,Satisfactory
Jaipur,2017-09-23,54.45,99.61,41.12,0.23,8.64,35.1,84.0,Satisfactory
Jaipur,2017-09-24,58.92,103.16,38.77,0.21,7.01,38.96,118.0,Moderate
Jaipur,2017-09-25,45.26,91.97,37.89,0.19,6.85,36.47,96.0,Satisfactory
Jaipur,2017-09-27,66.73,121.45,48.71,0.25,7.87,51.03,128.0,Moderate
Jaipur,2017-09-28,50.59,93.76,47.48,0.16,6.44,1.59,109.0,Moderate
Jaipur,2017-09-29,78.87,135.61,54.73,0.23,7.86,1.55,139.0,Moderate
Jaipur,2017-09-30,92.75,156.57,58.87,0.3,7.31,1.55,190.0,Moderate
Jaipur,2017-10-01,80.91,132.15,57.12,0.27,7.13,1.33,202.0,Poor
Jaipur,2017-10-02,60.15,103.81,49.69,0.25,7.28,1.11,114.0,Moderate
Jaipur,2017-10-03,72.27,126.14,54.68,0.23,7.12,1.68,118.0,Moderate
Jaipur,2017-10-04,91.49,168.86,60.61,0.25,7.76,2.42,181.0,Moderate
Jaipur,2017-10-05,67.43,49.68,46.53,0.17,6.82,2.07,168.0,Moderate
Jaipur,2017-10-07,82.3,136.85,45.85,0.24,8.63,0.67,159.0,Moderate
Jaipur,2017-10-08,90.96,137.4,44.42,0.24,8.71,0.43,195.0,Moderate
Jaipur,2017-10-09,112.8,167.67,47.37,0.29,8.64,0.24,235.0,Poor
Jaipur,2017-10-10,89.21,137.5,50.37,0.31,8.54,0.87,244.0,Poor
Jaipur,2017-10-11,101.04,148.16,32.03,0.3,17.57,1.75,206.0,Poor
Jaipur,2017-10-12,99.52,163.82,18.55,0.31,8.68,2.18,232.0,Poor
Jaipur,2017-10-13,108.16,185.03,21.24,0.58,11.28,6.46,254.0,Poor
Jaipur,2017-10-14,105.56,203.48,22.34,0.8,9.12,24.99,275.0,Poor
Jaipur,2017-10-15,104.08,177.3,25.56,0.83,10.99,29.4,238.0,Poor
Jaipur,2017-10-16,79.51,183.07,15.79,0.91,7.49,30.87,225.0,Poor
Jaipur,2017-10-17,87.06,199.42,49.67,0.68,8.08,51.28,249.0,Poor
Jaipur,2017-10-18,98.97,209.76,35.33,0.6,9.22,66.34,250.0,Poor
Jaipur,2017-10-19,75.56,185.42,29.65,0.62,15.18,74.41,213.0,Poor
Jaipur,2017-10-20,133.05,242.1,22.99,0.78,14.82,37.96,213.0,Poor
Jaipur,2017-10-21,126.59,220.78,26.3,0.65,9.82,49.77,276.0,Poor
Jaipur,2017-10-22,71.63,164.83,30.26,0.52,6.54,31.04,240.0,Poor
Jaipur,2017-10-23,64.19,157.92,32.33,0.61,6.12,31.08,197.0,Moderate
Jaipur,2017-10-24,73.93,169.87,29.67,0.6,7.73,44.67,142.0,Moderate
Jaipur,2017-10-25,121.26,241.74,36.99,1.02,8.3,60.92,246.0,Poor
Jaipur,2017-10-26,124.18,233.76,26.0,0.9,8.39,113.08,295.0,Poor
Jaipur,2017-10-27,96.68,191.48,25.3,1.25,8.38,74.38,226.0,Poor
Jaipur,2017-10-28,88.72,179.77,33.57,0.94,9.91,42.78,226.0,Poor
Jaipur,2017-10-29,70.41,149.33,27.97,0.85,6.77,85.91,180.0,Moderate
Jaipur,2017-10-30,88.45,192.4,37.92,0.75,7.56,114.57,195.0,Moderate
Jaipur,2017-10-31,110.96,199.97,52.65,0.98,6.4,81.74,233.0,Poor
Jaipur,2017-11-01,109.77,191.69,60.14,1.16,5.88,43.61,256.0,Poor
Jaipur,2017-11-02,75.66,149.72,65.02,0.73,6.15,44.14,210.0,Poor
Jaipur,2017-11-03,77.68,179.69,55.5,0.64,6.02,67.79,171.0,Moderate
Jaipur,2017-11-04,107.35,208.45,34.61,0.64,5.85,118.39,211.0,Poor
Jaipur,2017-11-05,104.86,179.0,32.01,0.65,3.2,100.07,252.0,Poor
Jaipur,2017-11-06,102.63,184.37,64.42,0.89,3.97,89.91,244.0,Poor
Jaipur,2017-11-07,122.13,235.07,84.94,1.19,4.2,58.88,275.0,Poor
Jaipur,2017-11-08,97.73,206.93,62.27,1.35,4.19,59.78,251.0,Poor
Jaipur,2017-11-09,95.4,202.82,64.47,1.34,5.87,57.94,208.0,Poor
Jaipur,2017-11-10,124.91,245.62,81.3,1.0,5.28,83.0,257.0,Poor
Jaipur,2017-11-11,119.13,245.38,72.86,0.98,6.1,98.66,275.0,Poor
Jaipur,2017-11-12,173.72,221.93,64.07,1.15,4.92,83.03,270.0,Poor
Jaipur,2017-11-13,137.56,224.06,61.48,1.31,7.21,63.32,333.0,Very Poor
Jaipur,2017-11-14,84.21,152.03,22.51,0.68,5.15,100.59,193.0,Moderate
Jaipur,2017-11-15,90.76,159.11,25.04,0.54,7.96,89.14,199.0,Moderate
Jaipur,2017-11-16,102.37,176.02,22.1,0.48,6.3,81.71,221.0,Poor
Jaipur,2017-11-17,152.82,189.76,25.8,0.64,10.65,62.68,276.0,Poor
Jaipur,2017-11-18,90.89,143.58,25.34,0.55,10.75,54.05,220.0,Poor
Jaipur,2017-11-19,247.89,220.31,25.3,0.81,10.38,72.81,295.0,Poor
Jaipur,2017-11-20,70.12,124.92,27.79,0.53,7.17,55.8,280.0,Poor
Jaipur,2017-11-21,63.22,121.42,39.4,0.51,7.95,51.15,157.0,Moderate
Jaipur,2017-11-22,66.56,138.6,44.86,0.19,9.49,50.67,185.0,Moderate
Jaipur,2017-11-23,76.04,165.07,57.6,0.08,10.31,55.99,153.0,Moderate
Jaipur,2017-11-24,112.71,208.73,94.41,0.13,11.85,37.61,230.0,Poor
Jaipur,2017-11-25,120.58,224.97,117.03,0.31,10.92,35.21,256.0,Poor
Jaipur,2017-11-26,165.57,251.58,118.92,0.0,8.99,34.9,305.0,Very Poor
Jaipur,2017-11-27,109.53,200.67,100.76,0.0,8.53,28.37,304.0,Very Poor
Jaipur,2017-11-28,102.04,198.49,103.82,0.0,7.73,54.08,203.0,Poor
Jaipur,2017-11-29,116.2,226.64,108.17,0.0,8.99,51.65,249.0,Poor
Jaipur,2017-11-30,106.23,223.61,95.01,0.0,10.28,64.74,249.0,Poor
Jaipur,2017-12-01,98.1,176.81,85.5,0.0,8.25,119.81,215.0,Poor
Jaipur,2017-12-02,161.94,160.86,66.57,0.0,8.1,114.76,336.0,Very Poor
Jaipur,2017-12-03,101.06,171.25,70.26,0.0,7.7,87.04,234.0,Poor
Jaipur,2017-12-04,119.08,196.77,62.8,0.0,8.55,66.54,253.0,Poor
Jaipur,2017-12-05,136.16,170.11,42.43,0.0,9.56,90.16,265.0,Poor
Jaipur,2017-12-06,89.75,154.46,27.2,0.0,10.63,78.4,218.0,Poor
Jaipur,2017-12-07,82.61,153.87,29.33,0.0,10.06,65.1,198.0,Moderate
Jaipur,2017-12-08,84.81,178.79,26.92,0.0,10.8,69.44,187.0,Moderate
Jaipur,2017-12-09,89.74,195.03,26.37,0.0,6.13,52.89,197.0,Moderate
Jaipur,2017-12-10,72.32,142.66,21.7,0.0,6.87,76.32,182.0,Moderate
Jaipur,2017-12-11,52.64,104.96,19.59,0.0,7.74,83.65,121.0,Moderate
Jaipur,2017-12-12,58.96,103.7,21.16,0.0,4.33,32.27,93.0,Satisfactory
Jaipur,2017-12-13,52.76,103.23,20.25,0.0,3.32,28.16,113.0,Moderate
Jaipur,2017-12-14,43.67,81.34,15.56,0.0,13.63,50.24,93.0,Satisfactory
Jaipur,2017-12-15,54.27,95.76,18.51,0.0,16.03,49.86,88.0,Satisfactory
Jaipur,2017-12-16,43.25,84.63,14.84,0.0,13.97,54.35,89.0,Satisfactory
Jaipur,2017-12-17,69.9,162.87,12.72,0.0,10.11,48.42,103.0,Moderate
Jaipur,2017-12-18,50.09,122.76,11.7,0.0,12.86,53.42,153.0,Moderate
Jaipur,2017-12-19,85.99,233.77,4.9,0.0,13.65,29.52,140.0,Moderate
Jaipur,2017-12-20,67.74,157.34,38.79,0.0,10.35,20.26,174.0,Moderate
Jaipur,2017-12-21,48.39,114.04,27.05,0.0,11.87,43.46,130.0,Moderate
Jaipur,2017-12-22,31.24,82.12,22.79,0.0,8.57,56.18,96.0,Satisfactory
Jaipur,2017-12-23,50.68,143.67,39.61,0.0,9.47,43.65,103.0,Moderate
Jaipur,2017-12-24,70.37,145.27,48.02,0.0,7.95,51.36,147.0,Moderate
Jaipur,2017-12-25,60.28,139.44,42.35,0.0,12.47,42.49,154.0,Moderate
Jaipur,2017-12-26,154.11,179.15,52.75,0.0,9.15,45.58,242.0,Poor
Jaipur,2017-12-27,75.44,194.31,26.19,0.0,11.31,42.85,194.0,Moderate
Jaipur,2017-12-28,102.64,173.48,37.42,0.0,7.65,38.57,227.0,Poor
Jaipur,2017-12-29,65.88,169.41,48.94,0.0,11.57,54.47,148.0,Moderate
Jaipur,2017-12-30,68.64,203.76,48.01,0.0,17.52,70.86,174.0,Moderate
Jaipur,2017-12-31,81.93,167.95,34.78,0.0,12.93,59.4,153.0,Moderate
Jaipur,2018-01-01,82.33,178.65,43.34,0.0,9.85,48.42,221.0,Poor
Jaipur,2018-01-02,89.98,206.62,43.11,0.0,12.7,48.92,206.0,Poor
Jaipur,2018-01-03,106.38,246.82,84.12,0.0,12.06,28.61,232.0,Poor
Jaipur,2018-01-04,80.07,184.38,70.61,0.0,12.22,34.35,225.0,Poor
Jaipur,2018-01-05,87.46,168.34,69.13,0.0,9.67,44.31,177.0,Moderate
Jaipur,2018-01-06,95.36,188.25,70.75,0.0,10.3,33.02,234.0,Poor
Jaipur,2018-01-07,70.3,148.31,58.29,0.0,16.11,32.07,183.0,Moderate
Jaipur,2018-01-08,78.86,186.29,76.84,0.0,15.68,39.68,164.0,Moderate
Jaipur,2018-01-09,89.46,193.76,69.36,0.0,11.92,60.8,193.0,Moderate
Jaipur,2018-01-10,94.76,201.64,85.95,0.0,14.62,42.16,239.0,Poor
Jaipur,2018-01-11,88.44,192.72,102.56,0.0,19.33,43.99,211.0,Poor
Jaipur,2018-01-12,96.1,204.94,73.96,0.0,23.61,43.56,198.0,Moderate
Jaipur,2018-01-13,105.77,225.04,81.74,0.0,15.6,30.72,260.0,Poor
Jaipur,2018-01-14,83.29,177.58,27.88,0.0,12.79,49.59,171.0,Moderate
Jaipur,2018-01-15,67.74,147.77,16.57,0.0,13.37,35.43,173.0,Moderate
Jaipur,2018-01-16,71.2,147.79,14.07,0.0,10.78,53.28,141.0,Moderate
Jaipur,2018-01-17,52.41,95.02,16.29,0.0,8.48,77.47,116.0,Moderate
Jaipur,2018-01-18,73.67,150.86,13.42,0.0,12.92,56.89,124.0,Moderate
Jaipur,2018-01-19,84.48,162.69,14.47,0.0,10.84,52.2,190.0,Moderate
Jaipur,2018-01-20,94.69,171.49,17.15,0.0,12.27,70.72,223.0,Poor
Jaipur,2018-01-21,84.69,159.86,18.37,0.01,10.02,51.67,189.0,Moderate
Jaipur,2018-01-22,67.67,151.15,17.24,0.22,12.44,80.44,171.0,Moderate
Jaipur,2018-01-23,67.38,139.83,22.56,0.21,8.79,63.97,148.0,Moderate
Jaipur,2018-01-24,84.31,150.18,40.92,0.31,10.4,68.73,181.0,Moderate
Jaipur,2018-01-25,86.57,136.44,43.76,0.42,9.51,46.15,163.0,Moderate
Jaipur,2018-01-26,95.31,165.34,47.69,0.5,10.99,43.38,247.0,Poor
Jaipur,2018-01-27,72.7,125.73,35.06,0.46,14.81,63.56,171.0,Moderate
Jaipur,2018-01-28,67.97,125.41,32.42,1.23,17.77,64.12,167.0,Moderate
Jaipur,2018-01-29,59.22,128.24,31.76,1.16,18.37,78.61,154.0,Moderate
Jaipur,2018-01-30,99.61,255.39,42.64,1.36,17.4,40.81,219.0,Poor
Jaipur,2018-01-31,69.6,194.82,34.65,1.18,13.34,50.29,208.0,Poor
Jaipur,2018-02-01,71.01,202.91,19.91,1.7,10.94,30.7,177.0,Moderate
Jaipur,2018-02-02,79.98,163.54,18.69,0.83,11.35,42.92,168.0,Moderate
Jaipur,2018-02-03,49.84,142.6,22.09,0.75,21.12,77.78,140.0,Moderate
Jaipur,2018-02-04,56.54,131.3,24.31,0.83,16.14,86.54,132.0,Moderate
Jaipur,2018-02-05,116.02,143.84,25.7,0.75,14.37,73.03,153.0,Moderate
Jaipur,2018-02-06,311.35,122.86,21.31,0.91,20.56,65.91,305.0,Very Poor
Jaipur,2018-02-07,130.52,125.18,21.3,1.1,17.89,54.31,291.0,Poor
Jaipur,2018-02-08,53.61,133.57,25.11,0.89,12.54,69.47,208.0,Poor
Jaipur,2018-02-09,61.1,142.45,21.12,1.23,12.96,60.7,140.0,Moderate
Jaipur,2018-02-10,68.06,130.41,17.46,0.54,11.43,94.86,158.0,Moderate
Jaipur,2018-02-11,77.44,153.69,14.99,0.48,11.92,102.21,204.0,Poor
Jaipur,2018-02-12,56.46,94.19,19.03,0.6,10.6,65.26,140.0,Moderate
Jaipur,2018-02-13,61.48,115.9,28.36,0.62,9.0,63.08,146.0,Moderate
Jaipur,2018-02-14,79.69,95.49,27.64,0.59,9.26,65.17,114.0,Moderate
Jaipur,2018-02-15,70.2,120.24,28.2,1.18,12.55,45.86,156.0,Moderate
Jaipur,2018-02-16,73.01,151.38,33.56,1.51,10.87,46.16,174.0,Moderate
Jaipur,2018-02-17,107.82,195.09,44.05,1.65,14.71,38.36,221.0,Poor
Jaipur,2018-02-18,103.08,206.35,39.2,0.71,9.36,60.49,275.0,Poor
Jaipur,2018-02-19,65.08,170.79,41.52,1.17,12.98,89.57,198.0,Moderate
Jaipur,2018-02-20,65.66,169.44,64.87,1.41,7.55,69.73,167.0,Moderate
Jaipur,2018-02-21,105.11,191.24,60.04,1.55,10.72,38.47,223.0,Poor
Jaipur,2018-02-22,116.61,218.51,48.54,1.43,10.53,39.8,254.0,Poor
Jaipur,2018-02-23,146.31,200.22,48.56,1.34,9.91,39.47,311.0,Very Poor
Jaipur,2018-02-24,74.56,173.37,49.15,0.98,17.05,40.12,180.0,Moderate
Jaipur,2018-02-25,49.48,132.12,37.71,0.83,8.32,63.51,148.0,Moderate
Jaipur,2018-02-26,42.24,111.95,43.16,0.81,10.13,53.56,107.0,Moderate
Jaipur,2018-02-27,56.23,140.03,39.9,0.89,11.47,51.77,130.0,Moderate
Jaipur,2018-02-28,55.39,135.15,39.98,0.99,8.37,81.28,154.0,Moderate
Jaipur,2018-03-01,64.1,125.46,34.24,0.75,12.0,81.47,147.0,Moderate
Jaipur,2018-03-02,55.62,96.5,38.45,0.76,8.08,56.37,118.0,Moderate
Jaipur,2018-03-03,51.15,106.4,50.57,0.67,6.62,56.2,111.0,Moderate
Jaipur,2018-03-04,56.89,112.89,45.56,0.71,8.31,58.18,114.0,Moderate
Jaipur,2018-03-05,31.08,65.63,39.92,0.65,8.22,68.26,105.0,Moderate
Jaipur,2018-03-06,33.67,76.99,47.97,0.65,10.76,61.55,98.0,Satisfactory
Jaipur,2018-03-07,44.18,87.4,51.18,0.79,9.78,45.88,103.0,Moderate
Jaipur,2018-03-08,30.45,74.35,43.17,0.62,9.88,60.92,100.0,Satisfactory
Jaipur,2018-03-09,32.75,93.2,39.37,0.68,10.32,66.18,99.0,Satisfactory
Jaipur,2018-03-10,45.01,101.44,38.12,0.77,12.32,91.2,127.0,Moderate
Jaipur,2018-03-11,34.41,93.48,42.62,0.61,9.72,74.52,113.0,Moderate
Jaipur,2018-03-12,42.66,114.52,47.37,1.07,7.8,62.44,118.0,Moderate
Jaipur,2018-03-13,55.22,134.5,47.85,1.2,9.81,45.99,133.0,Moderate
Jaipur,2018-03-14,47.13,149.6,41.97,0.67,10.37,24.9,126.0,Moderate
Jaipur,2018-03-15,43.63,145.77,42.68,0.82,8.84,34.09,133.0,Moderate
Jaipur,2018-03-16,50.2,145.28,36.64,0.69,10.57,60.08,137.0,Moderate
Jaipur,2018-03-17,41.0,110.91,37.36,0.71,11.16,74.39,124.0,Moderate
Jaipur,2018-03-18,33.6,95.43,34.5,0.76,11.81,84.96,116.0,Moderate
Jaipur,2018-03-19,44.62,117.03,29.87,0.78,11.13,81.08,113.0,Moderate
Jaipur,2018-03-20,41.72,102.34,39.72,0.78,9.02,50.35,115.0,Moderate
Jaipur,2018-03-21,56.15,170.32,34.22,0.67,8.62,48.83,125.0,Moderate
Jaipur,2018-03-22,52.94,137.88,29.2,0.73,9.33,71.21,146.0,Moderate
Jaipur,2018-03-23,40.63,99.92,29.49,0.79,7.61,69.35,113.0,Moderate
Jaipur,2018-03-24,48.33,99.02,38.26,0.73,8.77,53.65,117.0,Moderate
Jaipur,2018-03-25,56.76,120.57,40.11,0.69,10.05,62.13,139.0,Moderate
Jaipur,2018-03-26,56.16,122.38,48.03,1.17,10.06,42.88,121.0,Moderate
Jaipur,2018-03-27,76.01,193.53,53.0,1.67,10.24,31.33,172.0,Moderate
Jaipur,2018-03-28,49.92,145.62,34.58,0.86,11.31,43.54,140.0,Moderate
Jaipur,2018-03-29,46.52,123.85,34.81,0.91,10.16,76.41,131.0,Moderate
Jaipur,2018-03-30,60.9,165.81,35.24,0.72,11.24,66.68,151.0,Moderate
Jaipur,2018-03-31,43.4,128.46,28.65,0.56,11.76,87.17,140.0,Moderate
Jaipur,2018-04-01,54.63,150.31,26.69,0.72,9.94,100.86,134.0,Moderate
Jaipur,2018-04-02,60.99,147.7,29.31,0.84,10.63,98.23,150.0,Moderate
Jaipur,2018-04-03,62.79,164.25,33.62,0.83,9.35,91.4,181.0,Moderate
Jaipur,2018-04-04,55.95,159.23,37.81,1.18,13.25,44.35,142.0,Moderate
Jaipur,2018-04-05,62.98,168.6,35.89,0.74,11.46,70.08,151.0,Moderate
Jaipur,2018-04-06,56.87,165.54,24.82,0.77,9.65,97.55,145.0,Moderate
Jaipur,2018-04-07,45.6,130.82,34.27,1.03,8.96,93.05,157.0,Moderate
Jaipur,2018-04-08,49.85,131.99,22.81,1.06,7.76,104.05,158.0,Moderate
Jaipur,2018-04-09,39.81,114.73,25.52,0.8,7.84,98.39,127.0,Moderate
Jaipur,2018-04-10,48.96,132.35,28.91,0.53,7.77,80.06,129.0,Moderate
Jaipur,2018-04-11,42.24,107.11,30.38,0.66,6.34,70.35,116.0,Moderate
Jaipur,2018-04-12,26.2,57.9,25.04,0.52,4.2,59.07,100.0,Satisfactory
Jaipur,2018-04-13,27.64,67.81,39.4,0.68,7.09,43.98,97.0,Satisfactory
Jaipur,2018-04-14,33.56,96.36,36.24,0.64,8.4,65.62,124.0,Moderate
Jaipur,2018-04-15,37.67,114.8,35.9,0.6,7.43,60.73,125.0,Moderate
Jaipur,2018-04-16,57.56,188.52,40.43,0.63,5.59,37.98,130.0,Moderate
Jaipur,2018-04-17,51.78,162.73,35.93,0.61,7.5,40.94,153.0,Moderate
Jaipur,2018-04-18,54.55,155.48,37.14,0.58,7.97,59.38,149.0,Moderate
Jaipur,2018-04-19,64.1,167.26,45.78,0.78,7.73,45.28,140.0,Moderate
Jaipur,2018-04-20,79.58,283.19,38.54,0.85,9.92,45.52,202.0,Poor
Jaipur,2018-04-21,126.39,476.74,30.55,0.53,6.64,66.89,434.0,Severe
Jaipur,2018-04-22,36.29,123.99,34.2,0.5,8.73,70.82,185.0,Moderate
Jaipur,2018-04-23,96.02,109.14,33.55,0.7,6.96,71.61,173.0,Moderate
Jaipur,2018-04-24,98.88,132.15,48.53,1.15,9.55,49.49,124.0,Moderate
Jaipur,2018-04-25,56.46,141.44,60.46,1.19,9.46,42.43,157.0,Moderate
Jaipur,2018-04-26,55.72,167.8,49.13,0.84,10.84,46.37,136.0,Moderate
Jaipur,2018-04-27,76.08,203.97,53.92,0.71,10.29,42.32,176.0,Moderate
Jaipur,2018-04-28,58.94,182.58,44.65,0.66,7.69,39.32,179.0,Moderate
Jaipur,2018-04-29,56.72,181.87,32.45,0.5,5.78,68.36,157.0,Moderate
Jaipur,2018-04-30,53.42,182.6,34.49,0.46,5.95,52.55,158.0,Moderate
Jaipur,2018-05-01,56.81,210.23,40.11,0.7,7.74,51.24,147.0,Moderate
Jaipur,2018-05-02,65.79,224.58,29.32,0.6,5.51,56.0,168.0,Moderate
Jaipur,2018-05-03,47.86,155.74,26.94,0.49,7.75,85.36,172.0,Moderate
Jaipur,2018-05-04,51.16,132.15,25.09,0.73,7.2,101.61,150.0,Moderate
Jaipur,2018-05-05,60.11,148.22,34.71,0.77,8.75,111.96,160.0,Moderate
Jaipur,2018-05-06,67.36,168.37,25.6,0.67,8.65,94.99,171.0,Moderate
Jaipur,2018-05-07,53.19,145.71,26.45,0.86,10.8,84.84,176.0,Moderate
Jaipur,2018-05-08,96.38,295.96,29.69,0.96,7.31,90.6,250.0,Poor
Jaipur,2018-05-09,55.01,148.03,24.3,0.74,8.61,87.99,181.0,Moderate
Jaipur,2018-05-10,52.1,126.26,35.04,0.84,8.44,83.94,153.0,Moderate
Jaipur,2018-05-11,60.83,146.01,46.07,0.8,9.23,69.54,137.0,Moderate
Jaipur,2018-05-12,55.45,155.01,36.61,0.94,9.43,55.5,157.0,Moderate
Jaipur,2018-05-13,76.41,223.93,32.45,1.85,10.77,47.12,152.0,Moderate
Jaipur,2018-05-14,83.35,266.9,24.54,1.77,10.47,70.44,255.0,Poor
Jaipur,2018-05-15,78.39,202.16,27.49,2.1,10.55,56.62,204.0,Poor
Jaipur,2018-05-16,71.69,196.66,41.27,2.11,11.15,68.29,194.0,Moderate
Jaipur,2018-05-17,70.42,199.7,37.41,0.8,12.09,75.99,181.0,Moderate
Jaipur,2018-05-18,56.88,153.33,38.21,0.91,11.27,74.15,156.0,Moderate
Jaipur,2018-05-19,66.11,166.85,16.03,0.88,8.6,98.27,161.0,Moderate
Jaipur,2018-05-20,54.57,223.76,21.16,0.83,9.45,93.77,172.0,Moderate
Jaipur,2018-05-21,57.33,143.79,19.16,0.82,9.83,106.57,193.0,Moderate
Jaipur,2018-05-22,68.99,189.57,27.86,1.07,11.69,91.18,160.0,Moderate
Jaipur,2018-05-23,75.45,203.48,36.46,0.97,11.24,73.61,199.0,Moderate
Jaipur,2018-05-24,61.93,168.39,30.38,0.86,16.49,101.63,171.0,Moderate
Jaipur,2018-05-25,68.44,159.11,54.59,1.15,10.24,74.21,169.0,Moderate
Jaipur,2018-05-26,56.84,138.06,44.26,1.03,12.22,71.11,174.0,Moderate
Jaipur,2018-05-27,63.49,196.27,27.59,0.61,10.01,75.28,153.0,Moderate
Jaipur,2018-05-28,70.45,188.11,41.91,0.93,15.87,77.68,169.0,Moderate
Jaipur,2018-05-29,64.81,161.76,29.36,0.85,10.39,80.15,170.0,Moderate
Jaipur,2018-05-30,59.09,190.37,22.64,0.98,10.23,48.49,146.0,Moderate
Jaipur,2018-05-31,50.38,137.75,33.95,0.9,10.31,61.73,138.0,Moderate
Jaipur,2018-06-01,71.04,179.51,24.45,0.9,12.89,53.89,150.0,Moderate
Jaipur,2018-06-02,116.5,491.01,22.31,0.81,11.85,61.13,379.0,Very Poor
Jaipur,2018-06-03,69.06,219.89,19.95,0.61,10.85,52.37,265.0,Poor
Jaipur,2018-06-04,79.44,234.51,20.29,0.9,11.14,41.93,190.0,Moderate
Jaipur,2018-06-05,79.41,225.77,12.82,0.74,9.03,70.1,210.0,Poor
Jaipur,2018-06-06,59.58,191.06,15.35,0.82,8.07,94.49,189.0,Moderate
Jaipur,2018-06-07,69.5,197.39,17.07,0.82,8.76,77.34,132.0,Moderate
Jaipur,2018-06-08,83.02,256.32,19.03,0.81,8.28,35.54,220.0,Poor
Jaipur,2018-06-09,49.28,101.89,18.54,0.53,10.74,30.99,160.0,Moderate
Jaipur,2018-06-10,45.19,113.8,18.04,0.5,11.19,49.77,100.0,Satisfactory
Jaipur,2018-06-11,49.5,152.0,18.3,0.44,9.54,50.65,118.0,Moderate
Jaipur,2018-06-12,73.33,248.63,22.09,0.7,10.04,39.2,169.0,Moderate
Jaipur,2018-06-13,84.79,361.08,18.75,0.56,9.3,38.38,285.0,Poor
Jaipur,2018-06-14,92.4,324.0,15.67,0.4,6.74,47.67,269.0,Poor
Jaipur,2018-06-15,70.52,216.17,19.28,0.54,9.06,50.32,264.0,Poor
Jaipur,2018-06-16,62.62,158.06,23.54,0.55,9.4,47.06,155.0,Moderate
Jaipur,2018-06-17,54.54,130.08,24.46,0.48,9.07,42.86,128.0,Moderate
Jaipur,2018-06-18,79.91,239.87,21.54,0.48,9.68,53.41,161.0,Moderate
Jaipur,2018-06-19,58.91,125.66,20.24,0.47,8.23,62.32,162.0,Moderate
Jaipur,2018-06-20,51.15,99.87,22.97,0.54,13.27,61.32,111.0,Moderate
Jaipur,2018-06-21,83.77,198.31,25.52,0.83,13.19,65.73,160.0,Moderate
Jaipur,2018-06-22,71.26,145.43,30.02,0.77,10.2,60.59,173.0,Moderate
Jaipur,2018-06-23,69.38,143.46,19.31,0.56,10.28,61.66,156.0,Moderate
Jaipur,2018-06-24,60.2,116.5,19.87,0.66,9.77,62.2,132.0,Moderate
Jaipur,2018-06-25,52.05,93.53,18.64,0.64,8.21,58.03,100.0,Satisfactory
Jaipur,2018-06-26,46.38,80.01,21.35,0.75,9.73,51.49,90.0,Satisfactory
Jaipur,2018-06-27,53.68,70.62,23.61,0.8,9.54,23.74,94.0,Satisfactory
Jaipur,2018-06-28,54.1,45.71,12.34,0.64,10.02,41.04,155.0,Moderate
Jaipur,2018-06-29,77.05,50.54,15.56,0.52,8.04,30.16,123.0,Moderate
Jaipur,2018-06-30,73.53,66.1,14.69,0.55,9.04,34.25,135.0,Moderate
Jaipur,2018-07-01,92.72,127.94,22.37,0.3,10.73,28.59,153.0,Moderate
Jaipur,2018-07-02,42.08,92.06,20.43,0.55,10.97,29.6,151.0,Moderate
Jaipur,2018-07-03,42.91,64.43,18.48,0.54,11.7,31.25,94.0,Satisfactory
Jaipur,2018-07-04,45.51,75.61,16.82,0.48,11.0,34.1,89.0,Satisfactory
Jaipur,2018-07-05,79.95,132.67,15.53,0.59,9.44,32.81,154.0,Moderate
Jaipur,2018-07-06,51.39,164.14,16.71,0.75,10.3,49.06,155.0,Moderate
Jaipur,2018-07-07,62.56,171.89,17.3,0.89,10.34,56.81,141.0,Moderate
Jaipur,2018-07-08,61.82,174.4,18.38,0.78,10.72,57.03,154.0,Moderate
Jaipur,2018-07-09,61.97,169.73,16.79,0.77,9.83,59.01,157.0,Moderate
Jaipur,2018-07-10,53.08,125.02,15.06,0.72,8.84,56.39,136.0,Moderate
Jaipur,2018-07-11,51.71,82.22,18.88,0.68,8.4,37.09,108.0,Moderate
Jaipur,2018-07-12,66.31,82.09,17.37,0.73,9.51,32.42,142.0,Moderate
Jaipur,2018-07-13,27.49,55.56,18.46,0.63,10.32,29.86,90.0,Satisfactory
Jaipur,2018-07-14,26.18,59.32,18.85,0.62,8.47,32.24,60.0,Satisfactory
Jaipur,2018-07-15,25.63,41.93,23.25,0.79,8.56,31.86,62.0,Satisfactory
Jaipur,2018-07-16,39.39,52.99,21.92,0.65,9.6,33.6,86.0,Satisfactory
Jaipur,2018-07-17,20.77,49.09,20.3,0.58,9.32,33.19,67.0,Satisfactory
Jaipur,2018-07-18,70.35,62.93,18.46,0.57,10.16,32.39,134.0,Moderate
Jaipur,2018-07-19,25.27,50.27,19.14,0.74,9.16,29.67,83.0,Satisfactory
Jaipur,2018-07-20,35.41,73.79,17.72,0.63,8.33,29.51,81.0,Satisfactory
Jaipur,2018-07-21,61.42,58.65,14.77,0.68,7.23,23.64,130.0,Moderate
Jaipur,2018-07-22,22.64,51.94,16.73,0.6,6.87,20.56,89.0,Satisfactory
Jaipur,2018-07-23,25.16,58.85,14.22,0.63,8.89,22.8,57.0,Satisfactory
Jaipur,2018-07-24,35.17,56.67,13.68,0.58,12.59,23.79,73.0,Satisfactory
Jaipur,2018-07-25,31.45,74.65,12.75,0.71,10.01,20.22,66.0,Satisfactory
Jaipur,2018-07-26,55.96,154.02,16.85,0.58,8.96,18.44,114.0,Moderate
Jaipur,2018-07-27,52.41,137.81,16.53,0.49,9.81,25.3,132.0,Moderate
Jaipur,2018-07-28,48.42,115.76,17.69,0.52,8.71,19.37,117.0,Moderate
Jaipur,2018-07-29,50.68,122.45,15.94,0.42,9.76,18.87,115.0,Moderate
Jaipur,2018-07-30,44.09,107.31,17.26,0.45,10.03,19.16,107.0,Moderate
Jaipur,2018-07-31,53.4,139.8,31.33,0.48,9.76,28.43,114.0,Moderate
Jaipur,2018-08-01,63.97,178.41,30.99,0.51,8.75,47.11,147.0,Moderate
Jaipur,2018-08-02,68.84,191.11,20.59,0.53,8.6,52.35,158.0,Moderate
Jaipur,2018-08-03,68.51,187.2,27.2,0.69,9.41,41.62,165.0,Moderate
Jaipur,2018-08-04,61.58,173.12,23.91,0.69,10.74,36.23,154.0,Moderate
Jaipur,2018-08-05,60.62,164.36,24.05,0.69,9.3,34.4,153.0,Moderate
Jaipur,2018-08-06,50.47,133.34,22.21,0.73,10.37,31.14,129.0,Moderate
Jaipur,2018-08-07,54.87,113.08,26.42,0.91,8.0,32.71,113.0,Moderate
Jaipur,2018-08-08,51.27,92.53,21.8,0.83,7.59,31.31,118.0,Moderate
Jaipur,2018-08-09,28.7,54.06,19.36,0.75,9.74,36.08,93.0,Satisfactory
Jaipur,2018-08-10,34.8,75.27,24.58,0.75,11.08,27.59,69.0,Satisfactory
Jaipur,2018-08-11,37.53,82.0,23.6,0.66,7.66,24.11,79.0,Satisfactory
Jaipur,2018-08-12,26.76,76.2,20.85,0.59,7.26,25.35,79.0,Satisfactory
Jaipur,2018-08-13,35.63,98.64,20.43,0.65,7.17,33.16,82.0,Satisfactory
Jaipur,2018-08-14,51.3,106.87,21.97,0.77,9.28,30.22,100.0,Satisfactory
Jaipur,2018-08-15,73.24,174.59,20.69,0.64,11.23,25.3,158.0,Moderate
Jaipur,2018-08-16,38.92,63.99,19.6,0.74,10.39,26.32,115.0,Moderate
Jaipur,2018-08-17,32.28,50.48,14.35,0.61,8.93,33.85,61.0,Satisfactory
Jaipur,2018-08-18,33.39,59.66,17.54,0.72,10.47,37.38,74.0,Satisfactory
Jaipur,2018-08-19,25.88,54.67,19.22,0.82,10.13,22.25,75.0,Satisfactory
Jaipur,2018-08-20,28.61,63.08,18.9,0.9,9.34,15.29,74.0,Satisfactory
Jaipur,2018-08-21,29.54,74.71,20.9,0.82,10.09,20.84,79.0,Satisfactory
Jaipur,2018-08-22,39.29,72.22,22.76,0.73,10.06,20.31,84.0,Satisfactory
Jaipur,2018-08-23,28.67,54.46,21.23,0.67,10.24,15.52,69.0,Satisfactory
Jaipur,2018-08-24,29.88,66.95,20.67,0.6,8.77,19.43,87.0,Satisfactory
Jaipur,2018-08-25,29.4,66.07,21.68,0.59,9.0,18.62,70.0,Satisfactory
Jaipur,2018-08-26,34.97,89.44,21.09,0.54,8.74,23.44,75.0,Satisfactory
Jaipur,2018-08-27,42.25,121.42,23.04,0.75,9.08,22.87,100.0,Satisfactory
Jaipur,2018-08-28,44.1,184.45,23.31,0.74,10.98,29.72,157.0,Moderate
Jaipur,2018-08-29,28.57,81.65,19.4,0.75,11.17,25.5,100.0,Satisfactory
Jaipur,2018-08-30,44.67,142.72,19.92,0.65,9.56,20.82,111.0,Moderate
Jaipur,2018-08-31,38.23,108.97,18.28,0.57,11.33,22.11,127.0,Moderate
Jaipur,2018-09-01,31.62,82.3,19.36,0.62,11.67,21.7,79.0,Satisfactory
Jaipur,2018-09-02,28.93,58.8,20.51,0.64,11.05,17.52,80.0,Satisfactory
Jaipur,2018-09-03,30.21,52.13,24.24,0.66,10.92,15.95,60.0,Satisfactory
Jaipur,2018-09-04,34.05,75.55,24.24,0.71,11.25,18.1,68.0,Satisfactory
Jaipur,2018-09-05,45.64,125.37,22.44,0.75,11.59,18.88,94.0,Satisfactory
Jaipur,2018-09-06,45.95,111.45,23.44,0.71,11.5,20.8,122.0,Moderate
Jaipur,2018-09-07,36.89,84.08,26.35,0.72,11.4,26.56,90.0,Satisfactory
Jaipur,2018-09-08,29.7,66.71,18.53,0.73,10.5,25.61,89.0,Satisfactory
Jaipur,2018-09-09,20.31,36.25,12.5,0.78,7.8,22.55,59.0,Satisfactory
Jaipur,2018-09-10,32.94,69.66,15.6,0.78,8.4,13.27,68.0,Satisfactory
Jaipur,2018-09-11,33.66,81.34,17.24,0.92,9.8,12.3,80.0,Satisfactory
Jaipur,2018-09-12,36.18,86.86,18.96,0.69,10.89,18.57,90.0,Satisfactory
Jaipur,2018-09-13,45.9,86.72,17.96,0.77,10.91,24.72,96.0,Satisfactory
Jaipur,2018-09-14,47.34,93.5,21.39,0.71,11.19,24.79,104.0,Moderate
Jaipur,2018-09-15,47.33,96.66,23.88,0.7,9.41,27.95,103.0,Moderate
Jaipur,2018-09-16,43.96,95.56,22.94,0.71,8.59,34.71,99.0,Satisfactory
Jaipur,2018-09-17,44.71,105.2,24.33,0.68,9.07,34.58,93.0,Satisfactory
Jaipur,2018-09-18,48.12,108.36,25.65,0.84,9.87,28.52,105.0,Moderate
Jaipur,2018-09-19,49.52,125.88,27.89,0.92,15.17,36.04,108.0,Moderate
Jaipur,2018-09-20,48.99,131.03,29.68,0.95,11.49,41.56,120.0,Moderate
Jaipur,2018-09-21,47.7,152.06,17.58,0.81,10.81,58.88,148.0,Moderate
Jaipur,2018-09-22,17.46,42.51,14.55,0.72,11.13,27.01,81.0,Satisfactory
Jaipur,2018-09-23,15.78,29.29,12.4,0.62,12.14,29.18,54.0,Satisfactory
Jaipur,2018-09-24,22.0,49.27,18.08,0.89,10.45,18.05,62.0,Satisfactory
Jaipur,2018-09-25,39.67,119.84,24.13,1.15,10.11,21.18,91.0,Satisfactory
Jaipur,2018-09-26,52.7,148.79,24.82,1.21,8.09,20.58,135.0,Moderate
Jaipur,2018-09-27,53.34,137.69,29.87,1.06,9.04,20.41,133.0,Moderate
Jaipur,2018-09-28,57.85,133.41,28.89,1.34,11.1,25.73,134.0,Moderate
Jaipur,2018-09-29,55.11,204.24,32.84,1.34,9.96,23.3,174.0,Moderate
Jaipur,2018-09-30,50.9,169.67,30.4,1.14,10.08,24.86,151.0,Moderate
Jaipur,2018-10-01,47.8,120.65,30.31,1.16,11.04,23.78,128.0,Moderate
Jaipur,2018-10-02,52.83,130.6,27.83,1.28,14.15,27.09,125.0,Moderate
Jaipur,2018-10-03,41.04,117.24,37.48,1.13,12.57,34.67,125.0,Moderate
Jaipur,2018-10-04,42.35,86.8,35.71,0.98,9.8,51.58,101.0,Moderate
Jaipur,2018-10-05,46.05,103.51,37.16,1.06,10.32,41.69,101.0,Moderate
Jaipur,2018-10-06,46.46,118.1,32.3,0.95,10.31,45.55,103.0,Moderate
Jaipur,2018-10-07,44.93,112.71,34.63,0.91,9.94,59.91,118.0,Moderate
Jaipur,2018-10-08,44.43,104.33,41.0,1.1,10.18,53.06,116.0,Moderate
Jaipur,2018-10-09,49.14,118.42,37.55,1.12,11.77,28.8,109.0,Moderate
Jaipur,2018-10-10,69.46,149.94,36.41,1.01,16.05,35.97,121.0,Moderate
Jaipur,2018-10-11,71.12,164.77,27.52,0.9,9.12,62.94,178.0,Moderate
Jaipur,2018-10-12,61.36,135.2,28.83,0.92,8.56,63.73,137.0,Moderate
Jaipur,2018-10-13,59.86,129.21,35.09,0.8,11.57,61.39,130.0,Moderate
Jaipur,2018-10-14,65.77,175.48,36.45,0.9,11.12,55.39,142.0,Moderate
Jaipur,2018-10-15,66.0,143.41,40.58,1.38,14.45,53.49,152.0,Moderate
Jaipur,2018-10-16,85.38,156.8,42.5,1.43,13.89,27.12,195.0,Moderate
Jaipur,2018-10-17,58.16,128.48,45.45,1.6,11.8,26.39,151.0,Moderate
Jaipur,2018-10-18,67.49,147.49,59.26,1.36,13.06,28.91,149.0,Moderate
Jaipur,2018-10-19,78.42,147.93,53.89,1.26,9.78,52.77,151.0,Moderate
Jaipur,2018-10-20,72.99,136.15,47.86,1.54,9.25,61.5,180.0,Moderate
Jaipur,2018-10-21,74.69,181.3,38.28,0.96,10.36,77.81,185.0,Moderate
Jaipur,2018-10-22,60.43,113.03,47.36,1.28,9.52,53.21,163.0,Moderate
Jaipur,2018-10-23,51.98,108.54,37.34,1.27,8.39,57.11,117.0,Moderate
Jaipur,2018-10-24,59.1,121.51,42.32,1.3,9.23,47.41,135.0,Moderate
Jaipur,2018-10-25,55.75,123.68,41.0,1.2,9.29,43.91,139.0,Moderate
Jaipur,2018-10-26,62.72,131.48,35.17,1.02,9.15,61.83,146.0,Moderate
Jaipur,2018-10-27,69.35,137.79,45.64,1.09,10.26,58.93,160.0,Moderate
Jaipur,2018-10-28,80.31,151.56,44.02,1.07,12.13,70.93,186.0,Moderate
Jaipur,2018-10-29,92.86,172.78,56.12,1.63,11.43,59.07,212.0,Poor
Jaipur,2018-10-30,80.37,168.18,54.2,1.62,11.32,48.61,219.0,Poor
Jaipur,2018-10-31,60.99,192.07,50.16,1.43,9.62,102.73,218.0,Poor
Jaipur,2018-11-01,71.04,159.56,55.17,1.91,13.46,56.74,195.0,Moderate
Jaipur,2018-11-02,63.12,139.07,58.43,1.92,8.24,45.11,194.0,Moderate
Jaipur,2018-11-03,49.51,111.45,50.46,1.44,11.34,40.8,142.0,Moderate
Jaipur,2018-11-04,79.78,155.07,40.36,1.08,9.9,41.88,169.0,Moderate
Jaipur,2018-11-05,44.83,96.51,44.42,0.95,9.49,39.54,120.0,Moderate
Jaipur,2018-11-06,74.94,143.3,51.35,1.4,10.95,39.45,145.0,Moderate
Jaipur,2018-11-07,74.51,147.91,46.85,1.53,16.96,36.81,141.0,Moderate
Jaipur,2018-11-08,106.88,228.55,29.13,1.96,27.32,41.57,250.0,Poor
Jaipur,2018-11-09,108.86,256.31,34.38,2.74,14.94,41.49,243.0,Poor
Jaipur,2018-11-10,99.02,243.42,44.37,2.65,12.17,43.69,258.0,Poor
Jaipur,2018-11-11,60.18,171.85,55.83,2.42,10.39,41.03,175.0,Moderate
Jaipur,2018-11-12,70.21,171.55,56.75,2.39,15.29,32.75,164.0,Moderate
Jaipur,2018-11-13,73.57,193.07,64.22,2.46,11.52,21.63,202.0,Poor
Jaipur,2018-11-14,56.53,120.91,56.95,1.26,10.2,48.12,139.0,Moderate
Jaipur,2018-11-15,84.76,179.8,68.0,1.53,7.17,28.87,158.0,Moderate
Jaipur,2018-11-16,87.76,180.6,60.76,1.4,10.46,41.94,210.0,Poor
Jaipur,2018-11-17,77.87,171.56,47.14,1.96,9.88,33.16,193.0,Moderate
Jaipur,2018-11-18,67.8,132.79,41.75,1.21,12.13,58.23,184.0,Moderate
Jaipur,2018-11-19,59.2,123.11,46.42,1.24,11.45,61.44,132.0,Moderate
Jaipur,2018-11-20,68.34,145.57,51.87,1.29,11.07,31.97,159.0,Moderate
Jaipur,2018-11-21,87.81,160.78,47.29,1.74,13.14,52.16,161.0,Moderate
Jaipur,2018-11-22,72.61,144.07,41.72,0.99,12.48,73.92,201.0,Poor
Jaipur,2018-11-23,70.4,168.41,46.13,1.16,12.7,52.86,175.0,Moderate
Jaipur,2018-11-24,74.86,159.27,43.16,1.49,13.3,49.72,157.0,Moderate
Jaipur,2018-11-25,92.15,193.58,41.7,1.71,11.59,32.84,220.0,Poor
Jaipur,2018-11-26,63.6,139.42,47.57,1.24,10.68,42.32,176.0,Moderate
Jaipur,2018-11-27,67.29,132.45,39.88,1.13,13.03,77.62,149.0,Moderate
Jaipur,2018-11-28,82.51,150.3,36.11,1.14,10.07,76.29,175.0,Moderate
Jaipur,2018-11-29,73.02,159.61,43.46,1.39,9.53,48.1,198.0,Moderate
Jaipur,2018-11-30,69.45,171.07,37.52,1.85,13.0,30.05,159.0,Moderate
Jaipur,2018-12-01,73.56,177.14,45.95,1.87,13.79,27.97,180.0,Moderate
Jaipur,2018-12-02,71.73,159.49,47.58,1.51,12.63,38.64,184.0,Moderate
Jaipur,2018-12-03,71.78,154.57,49.84,1.74,11.81,31.94,184.0,Moderate
Jaipur,2018-12-04,59.35,135.66,46.31,1.53,17.2,41.29,154.0,Moderate
Jaipur,2018-12-05,62.76,147.49,47.89,1.53,17.2,37.25,143.0,Moderate
Jaipur,2018-12-06,74.1,148.21,47.68,1.63,15.92,38.44,173.0,Moderate
Jaipur,2018-12-07,55.16,128.71,41.09,1.37,20.16,42.89,163.0,Moderate
Jaipur,2018-12-08,62.2,131.45,42.12,1.44,19.89,45.1,158.0,Moderate
Jaipur,2018-12-09,74.88,142.75,44.12,1.71,19.87,39.29,168.0,Moderate
Jaipur,2018-12-10,74.13,145.21,44.22,1.57,17.52,40.62,185.0,Moderate
Jaipur,2018-12-11,63.82,132.43,36.56,1.0,16.02,66.08,162.0,Moderate
Jaipur,2018-12-12,55.57,95.9,34.55,0.91,8.99,57.6,127.0,Moderate
Jaipur,2018-12-13,42.72,80.8,38.22,0.97,8.75,34.36,94.0,Satisfactory
Jaipur,2018-12-14,32.37,74.59,39.1,0.86,9.44,42.84,88.0,Satisfactory
Jaipur,2018-12-15,37.28,80.6,43.15,0.81,9.86,37.65,80.0,Satisfactory
Jaipur,2018-12-16,37.75,184.78,36.18,0.92,10.88,40.2,163.0,Moderate
Jaipur,2018-12-17,38.53,97.21,35.52,1.09,13.18,47.35,109.0,Moderate
Jaipur,2018-12-18,42.37,114.26,39.21,1.31,11.59,39.36,108.0,Moderate
Jaipur,2018-12-19,64.83,196.71,50.9,1.95,9.98,28.43,163.0,Moderate
Jaipur,2018-12-20,86.29,188.66,52.17,1.95,11.88,28.96,205.0,Poor
Jaipur,2018-12-21,110.36,192.65,46.93,2.17,10.81,30.54,244.0,Poor
Jaipur,2018-12-22,65.08,142.72,44.77,1.18,9.44,41.4,201.0,Poor
Jaipur,2018-12-23,63.37,124.86,34.44,0.95,10.25,67.92,154.0,Moderate
Jaipur,2018-12-24,62.08,133.18,41.02,1.31,12.24,55.13,144.0,Moderate
Jaipur,2018-12-25,54.27,133.25,41.7,1.08,15.93,39.63,135.0,Moderate
Jaipur,2018-12-26,54.98,142.13,41.21,1.77,17.73,27.87,122.0,Moderate
Jaipur,2018-12-27,96.51,160.86,37.01,1.24,16.97,26.57,214.0,Poor
Jaipur,2018-12-28,87.99,150.5,40.43,1.32,19.57,27.74,212.0,Poor
Jaipur,2018-12-29,90.45,175.54,45.19,1.92,12.89,26.59,213.0,Poor
Jaipur,2018-12-30,98.76,173.96,38.6,1.63,13.73,32.67,238.0,Poor
Jaipur,2018-12-31,135.19,184.89,44.47,2.0,14.5,28.89,239.0,Poor
Jaipur,2019-01-01,113.17,212.37,47.56,1.84,16.89,36.04,275.0,Poor
Jaipur,2019-01-02,76.03,190.06,46.22,1.66,15.89,32.9,173.0,Moderate
Jaipur,2019-01-03,98.19,167.25,45.85,1.12,19.49,30.52,232.0,Poor
Jaipur,2019-01-04,65.04,140.16,38.01,1.06,22.65,37.85,203.0,Poor
Jaipur,2019-01-05,63.41,130.37,25.45,0.8,13.07,61.45,134.0,Moderate
Jaipur,2019-01-06,98.16,173.96,29.73,1.05,11.12,52.22,196.0,Moderate
Jaipur,2019-01-07,50.19,108.94,32.05,0.82,14.19,45.11,179.0,Moderate
Jaipur,2019-01-08,70.88,154.85,40.04,1.09,17.31,35.76,123.0,Moderate
Jaipur,2019-01-09,65.03,144.19,30.68,0.98,15.86,38.67,158.0,Moderate
Jaipur,2019-01-10,65.24,145.13,27.58,1.42,11.8,37.97,141.0,Moderate
Jaipur,2019-01-11,50.08,109.93,27.8,1.03,11.48,53.55,126.0,Moderate
Jaipur,2019-01-12,70.83,148.73,28.84,1.16,15.38,59.19,130.0,Moderate
Jaipur,2019-01-13,68.0,151.52,28.75,0.89,16.28,62.46,174.0,Moderate
Jaipur,2019-01-14,49.54,118.65,23.87,0.74,17.6,49.14,144.0,Moderate
Jaipur,2019-01-15,58.11,144.21,31.85,1.57,18.46,34.28,122.0,Moderate
Jaipur,2019-01-16,58.36,145.41,26.29,1.25,15.56,40.67,175.0,Moderate
Jaipur,2019-01-17,68.19,174.82,34.61,1.28,16.52,46.79,131.0,Moderate
Jaipur,2019-01-18,76.46,199.04,37.4,1.85,19.45,42.24,191.0,Moderate
Jaipur,2019-01-19,93.52,204.21,24.58,1.66,18.23,34.68,243.0,Poor
Jaipur,2019-01-20,64.56,139.62,20.26,1.09,22.47,42.14,176.0,Moderate
Jaipur,2019-01-21,60.48,136.56,16.53,0.91,20.26,45.35,124.0,Moderate
Jaipur,2019-01-22,44.36,84.68,17.62,0.92,17.52,28.28,131.0,Moderate
Jaipur,2019-01-23,44.62,104.94,23.65,0.8,22.04,32.06,99.0,Satisfactory
Jaipur,2019-01-24,52.33,120.1,22.69,0.79,18.41,38.57,109.0,Moderate
Jaipur,2019-01-25,37.73,128.72,22.47,0.69,11.0,35.6,129.0,Moderate
Jaipur,2019-01-26,43.55,89.54,18.45,0.72,10.26,42.7,89.0,Satisfactory
Jaipur,2019-01-27,46.7,94.5,22.82,0.87,11.39,38.33,89.0,Satisfactory
Jaipur,2019-01-28,56.01,115.61,25.32,1.16,13.56,29.3,118.0,Moderate
Jaipur,2019-01-29,47.51,109.38,24.17,1.05,12.25,35.66,130.0,Moderate
Jaipur,2019-01-30,42.38,116.55,23.48,1.15,9.88,39.17,115.0,Moderate
Jaipur,2019-01-31,35.72,90.54,17.64,0.86,12.95,52.58,100.0,Satisfactory
Jaipur,2019-02-01,51.65,127.06,18.38,0.88,11.9,35.74,102.0,Moderate
Jaipur,2019-02-02,60.0,126.12,19.26,1.07,10.13,37.83,138.0,Moderate
Jaipur,2019-02-03,67.4,136.68,19.99,1.08,11.35,44.31,159.0,Moderate
Jaipur,2019-02-04,58.23,122.01,21.47,1.06,10.6,53.22,182.0,Moderate
Jaipur,2019-02-05,59.43,132.47,23.02,1.36,12.14,54.55,151.0,Moderate
Jaipur,2019-02-06,54.13,116.91,25.39,1.31,11.4,44.72,151.0,Moderate
Jaipur,2019-02-07,52.17,138.74,23.04,1.03,9.66,33.03,130.0,Moderate
Jaipur,2019-02-08,50.76,130.76,21.84,0.98,13.03,42.95,127.0,Moderate
Jaipur,2019-02-09,48.6,114.07,28.3,1.83,14.17,36.72,115.0,Moderate
Jaipur,2019-02-10,52.06,119.98,38.73,1.69,10.68,42.35,128.0,Moderate
Jaipur,2019-02-11,45.82,103.34,34.07,1.26,9.57,48.86,115.0,Moderate
Jaipur,2019-02-12,47.75,103.97,31.9,1.16,10.23,59.92,107.0,Moderate
Jaipur,2019-02-13,45.85,100.35,30.14,1.19,14.76,64.44,108.0,Moderate
Jaipur,2019-02-14,42.63,93.74,33.57,1.08,10.92,44.74,97.0,Satisfactory
Jaipur,2019-02-15,51.51,112.12,36.87,1.09,12.21,43.88,115.0,Moderate
Jaipur,2019-02-16,39.78,79.48,37.37,1.09,14.24,45.13,98.0,Satisfactory
Jaipur,2019-02-17,48.23,98.3,45.05,1.29,16.09,36.24,102.0,Moderate
Jaipur,2019-02-18,43.89,125.28,37.21,1.23,13.54,33.95,112.0,Moderate
Jaipur,2019-02-19,54.38,152.36,34.29,0.91,13.62,38.75,130.0,Moderate
Jaipur,2019-02-20,54.54,105.01,29.52,0.95,10.76,40.58,124.0,Moderate
Jaipur,2019-02-21,54.38,110.79,29.71,0.9,11.13,43.64,130.0,Moderate
Jaipur,2019-02-22,41.39,85.23,29.15,0.78,10.81,36.61,100.0,Satisfactory
Jaipur,2019-02-23,35.97,77.06,33.33,0.8,15.47,49.95,93.0,Satisfactory
Jaipur,2019-02-24,41.39,97.62,33.04,0.86,14.35,50.94,113.0,Moderate
Jaipur,2019-02-25,42.61,99.75,32.96,0.96,12.61,47.6,105.0,Moderate
Jaipur,2019-02-26,39.97,86.36,37.33,0.91,9.25,51.61,107.0,Moderate
Jaipur,2019-02-27,42.89,90.05,38.35,0.83,10.21,38.53,85.0,Satisfactory
Jaipur,2019-02-28,38.31,82.02,38.24,0.89,8.98,49.36,100.0,Satisfactory
Jaipur,2019-03-01,42.41,93.01,30.45,0.89,11.34,57.51,104.0,Moderate
Jaipur,2019-03-02,43.88,95.81,29.44,0.88,9.77,59.2,103.0,Moderate
Jaipur,2019-03-03,42.81,92.74,23.63,0.82,8.06,56.37,100.0,Satisfactory
Jaipur,2019-03-04,47.99,104.75,28.7,0.93,7.85,46.49,107.0,Moderate
Jaipur,2019-03-05,36.58,76.61,32.27,0.82,8.8,40.62,102.0,Moderate
Jaipur,2019-03-06,38.07,88.21,38.55,1.18,10.61,36.86,89.0,Satisfactory
Jaipur,2019-03-07,40.68,98.3,30.33,1.07,10.98,54.93,112.0,Moderate
Jaipur,2019-03-08,38.52,86.8,23.03,0.93,12.41,57.35,98.0,Satisfactory
Jaipur,2019-03-09,42.31,109.92,28.8,0.89,12.3,58.57,102.0,Moderate
Jaipur,2019-03-10,36.68,78.2,25.07,1.06,9.99,64.01,111.0,Moderate
Jaipur,2019-03-11,41.91,106.43,30.92,0.81,11.72,53.06,96.0,Satisfactory
Jaipur,2019-03-12,48.61,113.73,41.57,0.89,12.14,56.13,111.0,Moderate
Jaipur,2019-03-13,46.44,112.89,32.46,0.93,12.91,52.01,105.0,Moderate
Jaipur,2019-03-14,42.19,103.28,30.11,0.82,10.95,54.15,108.0,Moderate
Jaipur,2019-03-15,34.03,69.78,37.57,0.77,8.89,47.6,90.0,Satisfactory
Jaipur,2019-03-16,32.24,97.93,35.03,0.76,10.52,50.46,92.0,Satisfactory
Jaipur,2019-03-17,33.98,90.2,37.12,0.84,9.94,52.21,109.0,Moderate
Jaipur,2019-03-18,35.79,88.88,36.63,1.01,10.6,56.84,109.0,Moderate
Jaipur,2019-03-19,36.6,95.8,30.55,1.04,11.35,57.42,107.0,Moderate
Jaipur,2019-03-20,39.76,113.06,35.47,0.95,12.03,46.24,101.0,Moderate
Jaipur,2019-03-21,48.81,120.22,28.01,0.78,11.78,68.35,121.0,Moderate
Jaipur,2019-03-22,35.71,94.58,30.34,0.68,9.19,66.58,101.0,Moderate
Jaipur,2019-03-23,34.26,87.27,34.99,0.73,9.85,60.73,90.0,Satisfactory
Jaipur,2019-03-24,39.05,116.74,31.52,0.63,11.82,58.17,101.0,Moderate
Jaipur,2019-03-25,39.88,109.51,31.17,0.71,12.25,47.95,112.0,Moderate
Jaipur,2019-03-26,36.97,78.85,37.98,0.91,12.29,58.09,101.0,Moderate
Jaipur,2019-03-27,42.6,93.5,43.74,1.6,13.59,55.4,110.0,Moderate
Jaipur,2019-03-28,46.27,110.43,36.53,1.45,13.55,52.94,128.0,Moderate
Jaipur,2019-03-29,49.69,134.35,39.79,1.51,15.17,38.66,142.0,Moderate
Jaipur,2019-03-30,45.29,125.59,36.27,1.04,13.5,61.09,132.0,Moderate
Jaipur,2019-03-31,46.08,121.18,35.51,0.86,12.61,64.76,116.0,Moderate
Jaipur,2019-04-01,41.4,96.36,41.56,0.96,12.73,57.44,109.0,Moderate
Jaipur,2019-04-02,40.71,93.61,35.7,1.1,14.66,65.75,109.0,Moderate
Jaipur,2019-04-03,44.59,106.73,36.63,1.2,16.58,75.99,125.0,Moderate
Jaipur,2019-04-04,44.88,113.56,33.36,1.47,16.55,69.83,128.0,Moderate
Jaipur,2019-04-05,48.68,162.11,36.14,0.99,11.75,54.78,144.0,Moderate
Jaipur,2019-04-06,38.72,135.7,28.92,0.8,12.73,47.12,137.0,Moderate
Jaipur,2019-04-07,47.59,224.38,27.38,0.74,17.05,58.64,132.0,Moderate
Jaipur,2019-04-08,92.68,473.02,25.64,0.96,13.03,62.1,457.0,Severe
Jaipur,2019-04-09,55.19,161.64,30.85,0.94,14.8,67.87,199.0,Moderate
Jaipur,2019-04-10,54.01,149.74,34.35,1.06,17.0,66.0,140.0,Moderate
Jaipur,2019-04-11,53.6,157.93,22.5,0.85,15.36,69.9,138.0,Moderate
Jaipur,2019-04-12,72.04,368.18,26.9,0.97,13.88,72.74,258.0,Poor
Jaipur,2019-04-13,52.49,129.76,25.97,0.81,14.74,81.83,194.0,Moderate
Jaipur,2019-04-14,47.63,116.91,28.17,0.77,13.23,68.09,121.0,Moderate
Jaipur,2019-04-15,55.41,183.47,26.02,0.75,12.31,70.5,124.0,Moderate
Jaipur,2019-04-16,44.23,132.07,23.79,0.88,11.44,50.55,164.0,Moderate
Jaipur,2019-04-17,25.64,48.73,23.52,0.84,16.52,44.18,82.0,Satisfactory
Jaipur,2019-04-18,28.96,61.5,31.5,0.8,10.25,64.48,86.0,Satisfactory
Jaipur,2019-04-19,36.19,83.64,39.88,0.84,9.88,64.75,102.0,Moderate
Jaipur,2019-04-20,35.66,84.96,44.65,0.95,11.33,72.28,122.0,Moderate
Jaipur,2019-04-21,41.23,99.17,44.36,0.86,10.84,65.95,124.0,Moderate
Jaipur,2019-04-22,49.55,132.85,50.26,1.32,14.74,45.5,119.0,Moderate
Jaipur,2019-04-23,61.69,159.44,47.86,1.66,14.65,40.73,154.0,Moderate
Jaipur,2019-04-24,56.24,147.99,39.66,1.14,17.13,41.16,157.0,Moderate
Jaipur,2019-04-25,58.99,183.88,36.33,0.94,21.97,46.46,135.0,Moderate
Jaipur,2019-04-26,76.51,226.52,29.88,0.93,14.33,66.47,181.0,Moderate
Jaipur,2019-04-27,53.95,135.05,36.5,0.83,13.69,63.36,151.0,Moderate
Jaipur,2019-04-28,62.44,158.98,38.99,0.75,14.63,72.33,142.0,Moderate
Jaipur,2019-04-29,64.2,156.09,39.08,1.03,14.22,71.68,143.0,Moderate
Jaipur,2019-04-30,59.3,140.33,59.2,1.64,12.71,40.87,153.0,Moderate
Jaipur,2019-05-01,62.23,160.14,50.35,1.51,11.98,41.03,156.0,Moderate
Jaipur,2019-05-02,73.33,186.04,28.55,0.9,13.99,75.58,166.0,Moderate
Jaipur,2019-05-03,58.09,127.27,29.26,0.94,16.75,70.59,149.0,Moderate
Jaipur,2019-05-04,50.37,102.97,39.8,1.06,17.37,55.31,124.0,Moderate
Jaipur,2019-05-05,48.16,123.61,51.14,1.51,14.56,42.79,117.0,Moderate
Jaipur,2019-05-06,52.53,138.44,30.35,1.11,11.5,47.06,138.0,Moderate
Jaipur,2019-05-07,60.4,190.08,29.0,0.94,10.27,34.89,134.0,Moderate
Jaipur,2019-05-08,90.69,253.87,30.56,0.82,12.51,32.21,183.0,Moderate
Jaipur,2019-05-09,92.16,249.34,24.98,0.7,9.94,42.76,218.0,Poor
Jaipur,2019-05-10,54.87,116.66,22.06,0.67,11.19,48.3,156.0,Moderate
Jaipur,2019-05-11,57.35,126.72,24.88,0.78,8.5,45.79,138.0,Moderate
Jaipur,2019-05-12,72.52,263.62,23.53,0.71,11.87,65.43,206.0,Poor
Jaipur,2019-05-13,47.42,109.65,25.07,0.76,11.7,58.85,121.0,Moderate
Jaipur,2019-05-14,47.02,104.64,29.24,0.75,10.71,54.82,100.0,Satisfactory
Jaipur,2019-05-15,108.94,345.65,32.14,1.06,10.85,40.59,184.0,Moderate
Jaipur,2019-05-16,84.33,272.87,21.06,0.8,10.45,58.11,343.0,Very Poor
Jaipur,2019-05-17,78.42,288.94,20.39,0.71,10.28,50.67,199.0,Moderate
Jaipur,2019-05-18,41.98,72.58,22.44,0.84,12.03,57.26,169.0,Moderate
Jaipur,2019-05-19,41.69,89.54,34.22,0.97,12.27,56.63,104.0,Moderate
Jaipur,2019-05-20,46.85,105.8,34.77,0.94,11.71,51.82,107.0,Moderate
Jaipur,2019-05-21,44.41,113.58,31.07,0.84,11.47,47.92,105.0,Moderate
Jaipur,2019-05-22,42.93,95.82,28.17,0.78,12.09,41.22,105.0,Moderate
Jaipur,2019-05-23,39.78,92.55,23.3,0.75,11.13,45.0,96.0,Satisfactory
Jaipur,2019-05-24,48.64,111.48,25.95,0.65,11.93,59.75,97.0,Satisfactory
Jaipur,2019-05-25,44.0,84.22,30.78,0.61,11.43,70.81,120.0,Moderate
Jaipur,2019-05-26,39.45,98.64,31.74,0.57,10.56,58.8,98.0,Satisfactory
Jaipur,2019-05-27,47.64,120.86,35.31,0.83,11.51,42.07,111.0,Moderate
Jaipur,2019-05-28,44.35,88.86,37.51,0.75,12.66,60.98,134.0,Moderate
Jaipur,2019-05-29,48.91,110.77,42.32,0.85,12.57,36.62,109.0,Moderate
Jaipur,2019-05-30,49.88,113.74,26.83,0.53,11.33,36.83,103.0,Moderate
Jaipur,2019-05-31,53.88,129.06,28.12,0.56,12.74,44.47,117.0,Moderate
Jaipur,2019-06-01,56.82,126.37,32.21,0.73,12.13,35.58,116.0,Moderate
Jaipur,2019-06-02,50.89,135.33,26.7,0.73,13.55,47.94,121.0,Moderate
Jaipur,2019-06-03,63.32,179.22,34.52,0.77,12.39,43.61,148.0,Moderate
Jaipur,2019-06-04,68.86,231.37,26.16,0.65,12.44,49.18,166.0,Moderate
Jaipur,2019-06-05,65.03,212.32,21.35,0.71,11.54,42.51,175.0,Moderate
Jaipur,2019-06-06,57.23,132.26,27.89,0.7,12.37,58.08,145.0,Moderate
Jaipur,2019-06-07,72.96,165.0,29.67,0.88,10.93,86.51,158.0,Moderate
Jaipur,2019-06-08,58.91,111.22,29.64,0.87,11.33,100.38,154.0,Moderate
Jaipur,2019-06-09,52.86,106.15,38.67,1.01,12.04,78.46,137.0,Moderate
Jaipur,2019-06-10,60.95,148.37,39.41,0.81,13.45,55.12,135.0,Moderate
Jaipur,2019-06-11,47.08,112.71,28.64,0.61,10.63,52.39,125.0,Moderate
Jaipur,2019-06-12,40.69,86.77,34.54,0.67,8.84,43.95,95.0,Satisfactory
Jaipur,2019-06-13,26.57,54.96,28.35,0.63,9.06,56.56,85.0,Satisfactory
Jaipur,2019-06-14,38.09,91.31,35.04,0.61,10.31,51.37,88.0,Satisfactory
Jaipur,2019-06-15,44.52,98.75,29.74,0.57,10.98,51.18,100.0,Satisfactory
Jaipur,2019-06-16,39.03,83.67,25.39,0.64,11.51,27.18,85.0,Satisfactory
Jaipur,2019-06-17,44.82,99.1,30.85,0.62,9.84,36.65,101.0,Moderate
Jaipur,2019-06-18,27.33,93.21,27.81,0.87,12.56,40.48,101.0,Moderate
Jaipur,2019-06-19,21.31,40.69,20.75,0.61,11.49,59.49,88.0,Satisfactory
Jaipur,2019-06-20,28.24,63.58,26.32,0.78,11.13,55.22,78.0,Satisfactory
Jaipur,2019-06-21,38.46,106.02,31.78,0.87,12.82,51.14,91.0,Satisfactory
Jaipur,2019-06-22,48.53,133.44,37.96,0.95,13.12,55.88,123.0,Moderate
Jaipur,2019-06-23,42.39,98.69,24.81,0.85,18.85,84.46,135.0,Moderate
Jaipur,2019-06-24,28.09,63.19,22.66,0.85,16.07,64.54,100.0,Satisfactory
Jaipur,2019-06-25,35.62,94.08,27.03,0.88,13.71,59.27,100.0,Satisfactory
Jaipur,2019-06-26,40.64,86.19,36.86,1.0,10.84,55.24,102.0,Moderate
Jaipur,2019-06-27,76.2,278.62,30.03,0.76,10.43,54.68,172.0,Moderate
Jaipur,2019-06-28,48.84,126.7,24.7,0.78,13.95,44.59,168.0,Moderate
Jaipur,2019-06-29,37.33,92.83,22.8,0.74,11.52,50.27,109.0,Moderate
Jaipur,2019-06-30,41.72,113.38,19.03,0.61,9.51,46.82,98.0,Satisfactory
Jaipur,2019-07-01,34.07,95.18,22.04,0.73,10.83,52.79,102.0,Moderate
Jaipur,2019-07-02,41.85,109.13,26.0,0.71,9.48,51.98,104.0,Moderate
Jaipur,2019-07-03,44.32,90.87,20.77,0.8,9.48,62.56,107.0,Moderate
Jaipur,2019-07-04,33.27,66.84,25.13,0.82,10.07,41.34,87.0,Satisfactory
Jaipur,2019-07-05,30.64,72.35,24.95,0.78,8.85,28.3,69.0,Satisfactory
Jaipur,2019-07-06,30.69,60.06,26.64,0.78,10.32,19.56,79.0,Satisfactory
Jaipur,2019-07-07,29.18,63.56,31.21,0.72,9.95,26.79,66.0,Satisfactory
Jaipur,2019-07-08,38.76,106.73,24.26,0.71,10.19,26.85,83.0,Satisfactory
Jaipur,2019-07-09,48.45,102.12,16.32,0.69,9.76,25.67,104.0,Moderate
Jaipur,2019-07-10,45.66,129.19,23.22,0.61,9.76,30.17,109.0,Moderate
Jaipur,2019-07-11,46.92,113.69,20.48,0.62,9.98,29.47,120.0,Moderate
Jaipur,2019-07-12,41.91,98.81,18.96,0.59,10.2,30.56,103.0,Moderate
Jaipur,2019-07-13,41.74,95.25,18.84,0.63,9.5,33.44,95.0,Satisfactory
Jaipur,2019-07-14,41.8,91.76,16.03,0.53,10.53,32.96,96.0,Satisfactory
Jaipur,2019-07-15,47.34,110.12,17.61,0.68,11.22,27.63,96.0,Satisfactory
Jaipur,2019-07-16,52.69,117.34,18.88,0.59,11.6,28.01,119.0,Moderate
Jaipur,2019-07-17,46.04,99.4,19.2,0.63,10.37,27.16,103.0,Moderate
Jaipur,2019-07-18,40.92,76.34,24.28,0.7,10.15,25.25,98.0,Satisfactory
Jaipur,2019-07-19,34.56,64.03,22.09,0.63,9.0,32.9,68.0,Satisfactory
Jaipur,2019-07-20,39.77,78.8,24.4,0.79,9.53,36.67,81.0,Satisfactory
Jaipur,2019-07-21,37.12,88.64,13.91,0.64,8.87,47.16,81.0,Satisfactory
Jaipur,2019-07-22,32.6,65.44,16.2,0.71,9.35,47.36,80.0,Satisfactory
Jaipur,2019-07-23,33.02,57.44,18.46,0.69,9.17,51.68,71.0,Satisfactory
Jaipur,2019-07-24,28.53,58.55,21.43,0.64,8.1,37.06,67.0,Satisfactory
Jaipur,2019-07-25,21.37,38.6,19.92,0.71,8.02,35.23,61.0,Satisfactory
Jaipur,2019-07-26,23.7,53.06,21.42,0.76,8.6,19.22,62.0,Satisfactory
Jaipur,2019-07-27,28.4,60.43,26.29,0.75,8.92,15.36,73.0,Satisfactory
Jaipur,2019-07-28,21.79,41.61,13.64,0.55,7.89,23.09,58.0,Satisfactory
Jaipur,2019-07-29,16.61,34.12,13.3,0.7,8.26,27.28,59.0,Satisfactory
Jaipur,2019-07-30,18.98,52.87,14.71,0.71,8.24,28.54,56.0,Satisfactory
Jaipur,2019-07-31,24.33,63.57,14.11,0.7,8.88,30.62,72.0,Satisfactory
Jaipur,2019-08-01,27.44,60.62,17.86,0.61,8.34,32.68,66.0,Satisfactory
Jaipur,2019-08-02,20.99,51.22,22.98,0.66,8.18,22.16,56.0,Satisfactory
Jaipur,2019-08-03,26.51,59.18,24.82,0.78,7.47,21.71,62.0,Satisfactory
Jaipur,2019-08-04,23.6,53.25,19.95,0.67,7.01,20.28,54.0,Satisfactory
Jaipur,2019-08-05,34.83,69.69,30.98,0.93,8.28,23.75,74.0,Satisfactory
Jaipur,2019-08-06,23.5,52.14,25.4,0.76,9.06,24.22,66.0,Satisfactory
Jaipur,2019-08-07,25.15,47.41,25.82,0.89,9.09,18.91,71.0,Satisfactory
Jaipur,2019-08-08,24.36,52.15,23.75,0.71,9.29,22.95,67.0,Satisfactory
Jaipur,2019-08-09,21.1,47.3,12.95,0.59,10.4,31.19,54.0,Satisfactory
Jaipur,2019-08-10,16.14,35.13,8.97,0.51,10.69,24.24,48.0,Good
Jaipur,2019-08-11,14.15,39.86,15.62,0.63,9.93,23.46,51.0,Satisfactory
Jaipur,2019-08-12,24.43,59.12,19.88,0.65,10.04,20.5,62.0,Satisfactory
Jaipur,2019-08-13,38.82,86.92,26.56,0.82,10.25,20.06,74.0,Satisfactory
Jaipur,2019-08-14,30.54,59.34,27.99,0.79,9.23,16.91,79.0,Satisfactory
Jaipur,2019-08-15,27.07,51.56,23.46,0.64,9.48,27.44,71.0,Satisfactory
Jaipur,2019-08-16,18.96,35.01,20.54,0.58,9.48,22.86,49.0,Good
Jaipur,2019-08-17,16.54,32.83,22.27,0.55,9.08,16.74,55.0,Satisfactory
Jaipur,2019-08-18,22.73,50.61,23.25,0.55,9.01,17.44,55.0,Satisfactory
Jaipur,2019-08-19,30.21,78.41,26.2,0.62,9.15,23.13,70.0,Satisfactory
Jaipur,2019-08-20,32.54,83.01,33.57,0.68,10.06,29.8,81.0,Satisfactory
Jaipur,2019-08-21,29.51,71.19,32.1,0.6,9.54,28.48,83.0,Satisfactory
Jaipur,2019-08-22,33.85,74.26,29.1,0.79,10.17,25.45,71.0,Satisfactory
Jaipur,2019-08-23,32.74,65.97,17.45,0.61,8.72,28.57,76.0,Satisfactory
Jaipur,2019-08-24,34.66,65.64,19.5,0.61,8.85,29.54,66.0,Satisfactory
Jaipur,2019-08-25,36.69,62.54,20.76,0.49,9.54,33.78,71.0,Satisfactory
Jaipur,2019-08-26,19.12,47.48,28.33,0.64,9.8,26.62,61.0,Satisfactory
Jaipur,2019-08-27,27.19,50.73,32.12,0.9,9.82,26.84,65.0,Satisfactory
Jaipur,2019-08-28,26.9,54.28,24.19,0.68,9.43,32.48,73.0,Satisfactory
Jaipur,2019-08-29,27.03,51.05,19.63,0.7,9.74,29.76,68.0,Satisfactory
Jaipur,2019-08-30,25.61,53.09,24.11,0.66,10.29,30.07,73.0,Satisfactory
Jaipur,2019-08-31,27.44,59.9,34.71,0.8,10.7,32.86,69.0,Satisfactory
Jaipur,2019-09-01,29.95,62.25,30.08,0.68,10.36,26.63,75.0,Satisfactory
Jaipur,2019-09-02,31.39,59.21,32.41,0.73,12.69,30.47,64.0,Satisfactory
Jaipur,2019-09-03,44.03,80.25,37.61,0.82,11.02,30.72,86.0,Satisfactory
Jaipur,2019-09-04,34.58,59.59,30.07,0.89,11.16,25.37,83.0,Satisfactory
Jaipur,2019-09-05,36.95,63.85,24.27,0.73,10.06,27.44,76.0,Satisfactory
Jaipur,2019-09-06,33.45,66.62,22.91,0.92,11.7,23.04,75.0,Satisfactory
Jaipur,2019-09-07,27.09,59.48,26.06,0.7,10.67,21.93,74.0,Satisfactory
Jaipur,2019-09-08,26.14,55.73,18.0,0.7,11.11,25.31,72.0,Satisfactory
Jaipur,2019-09-09,34.8,70.51,24.82,0.93,11.36,33.16,75.0,Satisfactory
Jaipur,2019-09-10,56.74,115.21,34.64,0.85,11.14,37.87,108.0,Moderate
Jaipur,2019-09-11,47.43,100.18,32.6,0.8,11.11,30.86,103.0,Moderate
Jaipur,2019-09-12,33.88,86.65,23.16,0.62,12.13,36.19,91.0,Satisfactory
Jaipur,2019-09-13,37.92,77.7,24.3,0.65,11.6,38.34,83.0,Satisfactory
Jaipur,2019-09-14,27.82,58.29,15.52,0.54,11.86,30.67,71.0,Satisfactory
Jaipur,2019-09-15,28.04,53.45,16.66,0.62,12.44,19.33,67.0,Satisfactory
Jaipur,2019-09-16,36.65,88.55,21.14,0.72,11.59,27.36,80.0,Satisfactory
Jaipur,2019-09-17,44.2,91.4,29.12,0.71,9.63,24.31,88.0,Satisfactory
Jaipur,2019-09-18,34.48,77.85,33.23,1.46,10.6,28.16,89.0,Satisfactory
Jaipur,2019-09-19,31.61,62.65,26.98,0.85,9.82,39.37,81.0,Satisfactory
Jaipur,2019-09-20,23.04,50.06,23.56,0.77,10.22,32.61,64.0,Satisfactory
Jaipur,2019-09-21,26.26,54.39,23.14,0.73,10.25,34.98,59.0,Satisfactory
Jaipur,2019-09-22,16.72,38.05,23.87,0.53,11.5,38.27,54.0,Satisfactory
Jaipur,2019-09-23,21.94,54.24,24.33,0.64,12.02,35.83,57.0,Satisfactory
Jaipur,2019-09-24,24.8,130.77,24.22,0.73,12.67,36.7,126.0,Moderate
Jaipur,2019-09-25,27.05,51.3,18.36,1.01,12.24,36.92,78.0,Satisfactory
Jaipur,2019-09-26,23.12,41.7,18.45,0.73,9.78,25.91,55.0,Satisfactory
Jaipur,2019-09-27,18.11,44.42,19.82,0.65,9.17,24.83,53.0,Satisfactory
Jaipur,2019-09-28,17.51,41.82,19.45,0.68,10.11,24.43,54.0,Satisfactory
Jaipur,2019-09-29,25.74,54.95,25.92,0.83,10.96,25.01,66.0,Satisfactory
Jaipur,2019-09-30,31.01,72.81,34.89,0.75,11.96,30.88,83.0,Satisfactory
Jaipur,2019-10-01,29.93,65.55,29.16,0.73,13.78,29.12,80.0,Satisfactory
Jaipur,2019-10-02,30.87,66.13,34.98,0.93,11.67,34.1,81.0,Satisfactory
Jaipur,2019-10-03,39.35,90.64,39.69,0.84,11.15,31.95,95.0,Satisfactory
Jaipur,2019-10-04,35.31,73.74,28.17,0.71,11.8,45.97,95.0,Satisfactory
Jaipur,2019-10-05,38.07,73.3,31.86,0.68,13.04,41.91,78.0,Satisfactory
Jaipur,2019-10-06,43.01,95.61,33.6,0.91,12.0,42.05,88.0,Satisfactory
Jaipur,2019-10-07,51.77,100.67,36.11,1.48,9.57,31.55,106.0,Moderate
Jaipur,2019-10-08,43.48,92.61,37.18,1.07,9.38,33.02,105.0,Moderate
Jaipur,2019-10-09,42.7,98.12,44.26,1.04,11.48,43.2,108.0,Moderate
Jaipur,2019-10-10,39.96,92.04,44.44,0.75,9.87,36.15,104.0,Moderate
Jaipur,2019-10-11,48.35,101.36,41.18,0.83,10.85,49.24,104.0,Moderate
Jaipur,2019-10-12,49.71,107.82,42.69,0.96,10.65,48.34,106.0,Moderate
Jaipur,2019-10-13,53.72,141.72,36.43,0.86,12.75,49.59,125.0,Moderate
Jaipur,2019-10-14,57.76,127.04,43.28,0.91,12.99,51.24,128.0,Moderate
Jaipur,2019-10-15,64.81,138.94,54.6,1.28,12.33,48.5,136.0,Moderate
Jaipur,2019-10-16,54.17,128.95,50.34,1.02,14.93,52.1,136.0,Moderate
Jaipur,2019-10-17,56.0,143.55,36.55,0.88,16.03,63.12,127.0,Moderate
Jaipur,2019-10-18,54.41,113.18,33.99,0.88,13.6,56.63,123.0,Moderate
Jaipur,2019-10-19,46.17,106.5,39.01,0.95,12.7,43.18,109.0,Moderate
Jaipur,2019-10-20,54.76,152.29,42.73,0.94,13.55,51.21,120.0,Moderate
Jaipur,2019-10-21,58.89,126.29,58.75,1.16,12.82,40.89,143.0,Moderate
Jaipur,2019-10-22,67.33,150.71,63.6,1.37,14.51,38.57,149.0,Moderate
Jaipur,2019-10-23,73.4,164.0,66.43,1.43,13.83,30.96,193.0,Moderate
Jaipur,2019-10-24,59.09,129.05,51.44,0.87,14.03,53.36,145.0,Moderate
Jaipur,2019-10-25,77.5,156.27,43.9,0.85,10.39,58.26,163.0,Moderate
Jaipur,2019-10-26,64.51,128.1,38.55,0.9,10.3,50.67,170.0,Moderate
Jaipur,2019-10-27,87.77,167.46,52.45,1.1,14.34,42.25,144.0,Moderate
Jaipur,2019-10-28,219.73,317.48,55.08,1.17,22.49,41.49,355.0,Very Poor
Jaipur,2019-10-29,141.99,258.16,69.79,1.23,17.19,42.53,310.0,Very Poor
Jaipur,2019-10-30,67.16,142.43,61.32,0.96,16.04,45.68,203.0,Poor
Jaipur,2019-10-31,61.65,149.59,56.61,1.15,15.01,49.6,143.0,Moderate
Jaipur,2019-11-01,48.1,117.66,48.01,0.84,15.73,48.71,132.0,Moderate
Jaipur,2019-11-02,104.62,204.73,38.23,0.96,12.76,60.74,171.0,Moderate
Jaipur,2019-11-03,90.16,177.57,36.65,0.93,12.85,45.06,247.0,Poor
Jaipur,2019-11-04,60.87,135.82,42.12,0.99,13.21,40.66,191.0,Moderate
Jaipur,2019-11-05,73.22,147.13,56.9,1.17,11.88,38.39,154.0,Moderate
Jaipur,2019-11-06,49.36,113.7,43.71,0.86,12.32,49.84,139.0,Moderate
Jaipur,2019-11-07,43.43,86.17,29.33,0.69,10.61,54.77,101.0,Moderate
Jaipur,2019-11-08,88.44,156.68,36.18,0.9,10.46,63.63,162.0,Moderate
Jaipur,2019-11-09,83.04,144.05,35.61,0.77,10.93,62.47,220.0,Poor
Jaipur,2019-11-10,76.91,143.75,36.9,0.83,10.81,68.85,188.0,Moderate
Jaipur,2019-11-11,82.58,153.14,41.64,0.92,10.78,66.41,192.0,Moderate
Jaipur,2019-11-12,92.89,171.8,41.03,0.96,10.18,70.64,209.0,Poor
Jaipur,2019-11-13,127.34,213.07,50.46,1.22,14.53,64.0,250.0,Poor
Jaipur,2019-11-14,131.2,229.9,44.48,1.1,10.81,68.85,277.0,Poor
Jaipur,2019-11-15,72.25,136.96,34.85,0.81,12.16,47.29,248.0,Poor
Jaipur,2019-11-16,78.29,143.57,40.06,0.85,14.0,51.04,167.0,Moderate
Jaipur,2019-11-17,38.6,94.09,40.74,0.66,11.72,50.32,123.0,Moderate
Jaipur,2019-11-18,47.08,95.75,43.61,0.78,10.5,43.58,104.0,Moderate
Jaipur,2019-11-19,36.25,93.86,54.79,1.02,11.61,38.21,96.0,Satisfactory
Jaipur,2019-11-20,43.07,108.09,47.99,0.93,13.13,48.96,115.0,Moderate
Jaipur,2019-11-21,51.49,112.33,40.3,0.85,11.19,66.03,120.0,Moderate
Jaipur,2019-11-22,68.84,136.99,46.5,1.03,11.89,60.61,130.0,Moderate
Jaipur,2019-11-23,73.61,183.61,55.72,1.2,11.0,45.18,176.0,Moderate
Jaipur,2019-11-24,67.26,154.12,48.35,0.91,13.15,46.3,145.0,Moderate
Jaipur,2019-11-25,68.62,137.38,37.64,0.81,13.54,60.28,165.0,Moderate
Jaipur,2019-11-26,47.55,106.04,43.72,0.88,12.21,61.13,124.0,Moderate
Jaipur,2019-11-27,52.64,115.98,35.23,0.74,14.76,66.26,109.0,Moderate
Jaipur,2019-11-28,91.33,173.58,36.15,1.07,12.92,62.43,175.0,Moderate
Jaipur,2019-11-29,54.61,114.1,36.39,0.75,9.96,35.12,148.0,Moderate
Jaipur,2019-11-30,51.18,113.4,43.57,0.72,10.59,51.42,118.0,Moderate
Jaipur,2019-12-01,52.02,113.24,46.12,0.79,12.57,56.94,119.0,Moderate
Jaipur,2019-12-02,42.73,103.89,52.45,0.92,16.07,55.6,120.0,Moderate
Jaipur,2019-12-03,50.78,133.0,65.24,1.21,17.42,44.5,120.0,Moderate
Jaipur,2019-12-04,52.85,127.29,62.15,1.31,16.74,41.07,134.0,Moderate
Jaipur,2019-12-05,52.63,110.43,51.15,0.88,19.16,72.92,123.0,Moderate
Jaipur,2019-12-06,73.44,154.65,62.43,1.05,15.88,61.14,138.0,Moderate
Jaipur,2019-12-07,73.42,170.28,56.58,1.06,10.86,52.82,189.0,Moderate
Jaipur,2019-12-08,53.69,129.83,51.8,1.23,10.3,54.34,140.0,Moderate
Jaipur,2019-12-09,56.61,143.97,53.14,1.18,11.55,64.27,127.0,Moderate
Jaipur,2019-12-10,70.48,170.32,65.52,1.58,13.66,46.63,164.0,Moderate
Jaipur,2019-12-11,73.27,159.87,59.22,1.33,13.22,51.47,172.0,Moderate
Jaipur,2019-12-12,67.04,133.17,37.72,0.82,9.51,79.11,162.0,Moderate
Jaipur,2019-12-13,53.64,110.13,37.64,0.79,13.03,37.08,141.0,Moderate
Jaipur,2019-12-14,33.21,67.13,32.5,0.68,15.75,41.45,86.0,Satisfactory
Jaipur,2019-12-15,42.15,88.25,33.88,0.69,13.43,42.13,86.0,Satisfactory
Jaipur,2019-12-16,41.92,85.13,33.78,0.8,14.38,40.94,85.0,Satisfactory
Jaipur,2019-12-17,47.55,96.44,36.97,0.99,13.61,30.83,89.0,Satisfactory
Jaipur,2019-12-18,67.99,145.26,53.16,1.12,12.01,33.53,136.0,Moderate
Jaipur,2019-12-19,47.92,114.33,47.58,0.98,11.32,36.13,118.0,Moderate
Jaipur,2019-12-20,59.26,132.48,55.63,1.22,10.17,34.8,118.0,Moderate
Jaipur,2019-12-21,52.95,124.14,50.72,0.91,11.88,35.94,129.0,Moderate
Jaipur,2019-12-22,29.05,74.88,33.15,0.66,10.34,38.69,100.0,Satisfactory
Jaipur,2019-12-23,37.53,102.75,47.21,0.96,10.89,35.59,101.0,Moderate
Jaipur,2019-12-24,43.69,107.85,48.98,0.96,11.45,47.06,108.0,Moderate
Jaipur,2019-12-25,43.58,110.92,63.5,1.04,12.16,32.49,110.0,Moderate
Jaipur,2019-12-26,54.28,137.0,69.79,1.08,11.22,28.11,124.0,Moderate
Jaipur,2019-12-27,55.55,151.74,77.26,1.3,13.06,29.57,145.0,Moderate
Jaipur,2019-12-28,64.59,164.04,78.18,1.18,11.23,36.27,144.0,Moderate
Jaipur,2019-12-29,71.03,156.69,70.77,1.28,11.57,29.6,146.0,Moderate
Jaipur,2019-12-30,80.04,183.66,60.65,1.24,12.76,37.5,182.0,Moderate
Jaipur,2019-12-31,69.91,168.36,43.68,1.06,9.95,30.58,174.0,Moderate
Jaipur,2020-01-01,68.61,153.05,37.84,1.03,13.52,54.13,154.0,Moderate
Jaipur,2020-01-02,48.02,96.26,35.09,0.95,12.32,54.38,153.0,Moderate
Jaipur,2020-01-03,47.44,119.11,45.51,0.81,10.76,41.04,108.0,Moderate
Jaipur,2020-01-04,52.46,120.23,47.22,1.11,10.01,36.18,111.0,Moderate
Jaipur,2020-01-05,66.18,143.95,49.72,1.2,14.26,30.41,138.0,Moderate
Jaipur,2020-01-06,55.07,127.91,49.37,0.8,11.96,32.81,129.0,Moderate
Jaipur,2020-01-07,46.61,103.39,37.36,0.81,10.42,50.94,106.0,Moderate
Jaipur,2020-01-08,54.75,116.72,34.88,0.85,11.06,34.35,113.0,Moderate
Jaipur,2020-01-09,31.13,64.83,34.99,0.64,12.29,45.67,92.0,Satisfactory
Jaipur,2020-01-10,39.21,88.47,43.62,0.86,12.79,50.83,90.0,Satisfactory
Jaipur,2020-01-11,46.14,116.17,57.57,1.27,12.06,40.1,112.0,Moderate
Jaipur,2020-01-12,49.42,119.43,53.49,1.42,11.85,46.56,121.0,Moderate
Jaipur,2020-01-13,48.46,124.35,47.46,0.91,13.05,37.9,126.0,Moderate
Jaipur,2020-01-14,34.99,96.06,33.08,0.76,12.35,44.74,108.0,Moderate
Jaipur,2020-01-15,43.5,92.31,30.98,0.65,11.63,47.5,100.0,Satisfactory
Jaipur,2020-01-16,43.27,94.23,38.57,0.76,11.55,48.08,92.0,Satisfactory
Jaipur,2020-01-17,49.19,108.73,52.14,1.12,14.61,39.04,99.0,Satisfactory
Jaipur,2020-01-18,47.61,101.53,48.12,1.0,12.84,39.97,116.0,Moderate
Jaipur,2020-01-19,58.77,119.35,43.38,0.86,14.82,50.48,114.0,Moderate
Jaipur,2020-01-20,60.37,137.1,56.22,0.84,10.47,46.14,136.0,Moderate
Jaipur,2020-01-21,47.88,93.14,34.98,0.81,9.74,53.34,108.0,Moderate
Jaipur,2020-01-22,52.59,107.22,39.35,0.85,11.42,54.89,106.0,Moderate
Jaipur,2020-01-23,35.76,82.95,39.05,0.86,13.84,49.54,97.0,Satisfactory
Jaipur,2020-01-24,42.58,94.73,46.1,0.85,14.24,43.67,106.0,Moderate
Jaipur,2020-01-25,51.8,120.92,58.13,1.42,13.81,39.26,114.0,Moderate
Jaipur,2020-01-26,62.6,152.56,56.28,1.37,12.52,38.55,159.0,Moderate
Jaipur,2020-01-27,31.85,89.61,38.01,1.24,13.01,58.51,115.0,Moderate
Jaipur,2020-01-28,41.35,102.11,37.77,0.84,10.17,45.97,94.0,Satisfactory
Jaipur,2020-01-29,28.2,58.37,35.56,0.72,7.4,53.34,91.0,Satisfactory
Jaipur,2020-01-30,34.78,76.94,42.73,0.85,8.78,44.68,88.0,Satisfactory
Jaipur,2020-01-31,39.16,84.15,44.11,1.01,11.34,42.47,90.0,Satisfactory
Jaipur,2020-02-01,48.24,107.15,43.05,0.97,9.87,48.61,104.0,Moderate
Jaipur,2020-02-02,51.08,114.62,40.38,1.17,10.9,56.42,109.0,Moderate
Jaipur,2020-02-03,47.03,105.2,40.61,1.08,11.57,54.92,116.0,Moderate
Jaipur,2020-02-04,50.51,106.78,35.28,0.83,12.97,64.82,108.0,Moderate
Jaipur,2020-02-05,50.79,110.26,40.79,1.0,13.92,65.6,106.0,Moderate
Jaipur,2020-02-06,55.6,121.15,47.01,1.03,12.64,52.03,117.0,Moderate
Jaipur,2020-02-07,50.77,109.67,39.64,0.82,13.1,62.78,114.0,Moderate
Jaipur,2020-02-08,46.02,93.48,43.33,1.08,14.4,62.17,110.0,Moderate
Jaipur,2020-02-09,59.48,126.91,51.97,1.18,12.54,51.55,111.0,Moderate
Jaipur,2020-02-10,65.67,152.86,62.17,1.4,13.61,43.28,150.0,Moderate
Jaipur,2020-02-11,60.95,129.13,55.3,1.28,15.08,61.41,132.0,Moderate
Jaipur,2020-02-12,64.04,151.41,63.37,1.17,13.21,56.7,150.0,Moderate
Jaipur,2020-02-13,72.87,170.52,64.98,1.23,14.08,49.06,163.0,Moderate
Jaipur,2020-02-14,59.62,130.02,46.03,0.87,15.04,58.76,147.0,Moderate
Jaipur,2020-02-15,50.97,121.14,58.13,0.92,18.1,47.75,134.0,Moderate
Jaipur,2020-02-16,49.83,128.09,67.32,1.02,13.5,46.34,133.0,Moderate
Jaipur,2020-02-17,65.69,150.22,82.69,1.23,14.45,36.29,159.0,Moderate
Jaipur,2020-02-18,61.27,154.46,83.09,1.58,15.14,36.74,160.0,Moderate
Jaipur,2020-02-19,66.08,153.94,64.85,1.04,18.31,49.74,179.0,Moderate
Jaipur,2020-02-20,46.11,105.0,37.07,0.92,17.16,58.24,104.0,Moderate
Jaipur,2020-02-21,66.72,161.44,33.95,0.96,15.43,54.19,132.0,Moderate
Jaipur,2020-02-22,49.79,91.06,35.4,0.86,12.67,48.74,106.0,Moderate
Jaipur,2020-02-23,51.39,104.68,33.67,0.83,12.87,61.16,107.0,Moderate
Jaipur,2020-02-24,50.4,98.54,42.37,0.88,16.53,59.99,102.0,Moderate
Jaipur,2020-02-25,60.53,121.82,55.28,0.84,13.8,51.19,127.0,Moderate
Jaipur,2020-02-26,48.24,107.89,43.69,1.01,14.49,65.03,115.0,Moderate
Jaipur,2020-02-27,50.09,115.08,44.11,0.97,13.1,67.06,111.0,Moderate
Jaipur,2020-02-28,53.32,121.08,37.13,0.88,13.42,64.07,116.0,Moderate
Jaipur,2020-02-29,48.52,114.53,38.31,1.04,12.92,64.28,110.0,Moderate
Jaipur,2020-03-01,29.03,86.33,27.16,0.66,11.69,72.11,113.0,Moderate
Jaipur,2020-03-02,35.93,86.35,36.84,0.9,14.27,70.56,95.0,Satisfactory
Jaipur,2020-03-03,49.42,116.32,39.03,0.91,13.27,72.23,115.0,Moderate
Jaipur,2020-03-04,44.52,100.89,33.16,0.92,13.27,75.54,117.0,Moderate
Jaipur,2020-03-05,29.46,64.82,26.74,0.86,13.6,66.29,88.0,Satisfactory
Jaipur,2020-03-06,28.6,62.79,34.55,0.79,12.91,54.62,83.0,Satisfactory
Jaipur,2020-03-07,31.86,71.4,48.35,0.86,12.72,40.75,88.0,Satisfactory
Jaipur,2020-03-08,27.29,68.45,37.4,0.85,12.39,62.14,92.0,Satisfactory
Jaipur,2020-03-09,30.17,78.51,38.51,0.81,12.01,64.83,100.0,Satisfactory
Jaipur,2020-03-10,30.88,79.9,21.76,0.63,12.34,76.3,96.0,Satisfactory
Jaipur,2020-03-11,30.18,72.28,25.34,0.86,11.74,73.03,90.0,Satisfactory
Jaipur,2020-03-12,43.86,122.98,40.09,0.86,11.69,53.33,104.0,Moderate
Jaipur,2020-03-13,78.24,247.19,47.23,0.76,15.56,51.0,144.0,Moderate
Jaipur,2020-03-14,60.0,181.04,32.01,1.04,14.93,67.46,199.0,Moderate
Jaipur,2020-03-15,44.49,101.22,33.42,1.83,13.71,66.38,132.0,Moderate
Jaipur,2020-03-16,45.38,92.2,34.31,0.82,17.26,87.83,127.0,Moderate
Jaipur,2020-03-17,43.23,93.03,45.87,1.01,14.32,76.5,133.0,Moderate
Jaipur,2020-03-18,43.92,97.43,48.04,1.21,13.86,71.2,123.0,Moderate
Jaipur,2020-03-19,46.94,102.61,43.78,1.06,14.21,69.56,122.0,Moderate
Jaipur,2020-03-20,47.44,100.6,28.08,0.52,16.32,86.07,116.0,Moderate
Jaipur,2020-03-21,31.9,64.36,30.67,0.65,15.34,77.24,108.0,Moderate
Jaipur,2020-03-22,32.69,67.6,17.33,0.53,11.8,88.19,100.0,Satisfactory
Jaipur,2020-03-23,36.05,73.5,19.51,0.63,13.09,72.65,90.0,Satisfactory
Jaipur,2020-03-24,34.35,72.85,21.98,0.59,11.67,59.98,92.0,Satisfactory
Jaipur,2020-03-25,26.0,57.46,15.39,0.5,9.47,47.16,73.0,Satisfactory
Jaipur,2020-03-26,14.28,31.24,11.37,0.41,8.44,45.6,57.0,Satisfactory
Jaipur,2020-03-27,9.12,19.14,11.22,0.47,10.15,35.1,52.0,Satisfactory
Jaipur,2020-03-28,10.59,27.54,13.15,0.51,10.98,38.85,67.0,Satisfactory
Jaipur,2020-03-29,12.92,35.04,12.12,0.39,11.87,53.13,71.0,Satisfactory
Jaipur,2020-03-30,13.71,39.81,11.93,0.47,12.47,52.62,72.0,Satisfactory
Jaipur,2020-03-31,21.58,46.95,18.7,0.67,13.55,44.5,70.0,Satisfactory
Jaipur,2020-04-01,27.53,67.35,10.56,0.51,12.78,45.57,79.0,Satisfactory
Jaipur,2020-04-02,21.65,44.31,10.65,0.58,14.8,46.11,71.0,Satisfactory
Jaipur,2020-04-03,18.43,37.37,10.58,0.56,18.55,47.78,74.0,Satisfactory
Jaipur,2020-04-04,19.85,48.46,16.92,0.74,14.75,41.64,76.0,Satisfactory
Jaipur,2020-04-05,24.93,62.17,12.82,0.57,15.63,48.18,79.0,Satisfactory
Jaipur,2020-04-06,31.2,81.56,12.75,0.54,14.14,51.63,79.0,Satisfactory
Jaipur,2020-04-07,26.38,78.6,11.6,0.59,10.95,54.99,80.0,Satisfactory
Jaipur,2020-04-08,20.07,54.61,11.44,0.49,11.39,53.07,78.0,Satisfactory
Jaipur,2020-04-09,22.06,56.49,11.82,0.54,12.54,56.44,78.0,Satisfactory
Jaipur,2020-04-10,24.47,63.6,13.66,0.5,13.53,53.28,76.0,Satisfactory
Jaipur,2020-04-11,30.99,88.94,12.9,0.51,12.63,50.51,79.0,Satisfactory
Jaipur,2020-04-12,28.61,80.61,11.97,0.62,12.14,52.32,86.0,Satisfactory
Jaipur,2020-04-13,33.95,96.61,22.47,0.58,13.38,39.86,83.0,Satisfactory
Jaipur,2020-04-14,42.11,116.07,17.77,0.66,12.46,48.44,113.0,Moderate
Jaipur,2020-04-15,32.07,92.25,18.99,0.6,12.39,43.41,100.0,Satisfactory
Jaipur,2020-04-16,26.89,94.49,12.04,0.51,13.91,51.39,93.0,Satisfactory
Jaipur,2020-04-17,47.5,147.95,11.34,0.62,11.67,50.1,120.0,Moderate
Jaipur,2020-04-18,49.37,143.5,14.52,0.52,13.33,45.98,125.0,Moderate
Jaipur,2020-04-19,33.63,72.79,11.22,0.52,13.25,58.19,110.0,Moderate
Jaipur,2020-04-20,26.15,51.02,12.31,0.6,11.72,52.65,76.0,Satisfactory
Jaipur,2020-04-21,16.38,36.53,13.17,0.51,12.74,58.62,77.0,Satisfactory
Jaipur,2020-04-22,20.81,50.6,13.76,0.61,12.06,65.96,85.0,Satisfactory
Jaipur,2020-04-23,23.28,45.72,13.41,0.61,10.2,53.95,78.0,Satisfactory
Jaipur,2020-04-24,23.18,54.55,17.09,0.58,12.13,42.34,68.0,Satisfactory
Jaipur,2020-04-25,26.18,71.1,11.82,0.6,11.39,48.04,69.0,Satisfactory
Jaipur,2020-04-26,30.22,76.78,15.25,0.63,12.68,42.95,85.0,Satisfactory
Jaipur,2020-04-27,22.23,48.21,13.63,0.58,11.4,49.23,74.0,Satisfactory
Jaipur,2020-04-28,25.22,50.57,13.61,0.73,12.19,59.58,79.0,Satisfactory
Jaipur,2020-04-29,32.26,66.25,11.16,0.5,12.05,64.5,84.0,Satisfactory
Jaipur,2020-04-30,51.34,193.04,14.2,0.59,12.14,51.56,132.0,Moderate
Jaipur,2020-05-01,36.28,92.73,16.95,0.64,11.48,43.9,119.0,Moderate
Jaipur,2020-05-02,37.27,109.34,15.91,0.44,14.83,40.61,100.0,Satisfactory
Jaipur,2020-05-03,42.37,102.62,11.67,0.7,11.01,51.96,107.0,Moderate
Jaipur,2020-05-04,21.56,55.48,12.06,0.73,10.48,49.42,85.0,Satisfactory
Jaipur,2020-05-05,22.36,49.15,12.5,0.52,8.98,52.07,82.0,Satisfactory
Jaipur,2020-05-06,25.89,65.09,13.02,0.69,8.58,56.17,75.0,Satisfactory
Jaipur,2020-05-07,24.88,49.74,17.72,0.78,10.18,53.48,81.0,Satisfactory
Jaipur,2020-05-08,32.87,96.85,17.34,0.64,12.13,59.21,89.0,Satisfactory
Jaipur,2020-05-09,45.16,119.29,16.94,0.64,9.81,50.36,112.0,Moderate
Jaipur,2020-05-10,47.55,146.77,14.02,0.65,9.67,54.73,110.0,Moderate
Jaipur,2020-05-11,31.29,84.08,13.38,0.77,11.67,58.73,125.0,Moderate
Jaipur,2020-05-12,23.63,45.03,18.54,0.87,10.83,52.76,91.0,Satisfactory
Jaipur,2020-05-13,66.4,252.96,17.89,0.69,11.23,57.77,132.0,Moderate
Jaipur,2020-05-14,35.15,67.1,15.29,0.62,11.74,67.13,124.0,Moderate
Jaipur,2020-05-15,44.78,114.11,16.51,0.67,9.58,76.26,100.0,Satisfactory
Jaipur,2020-05-16,35.33,79.61,15.52,0.39,10.58,88.66,116.0,Moderate
Jaipur,2020-05-17,36.12,112.29,20.03,0.62,11.87,69.98,106.0,Moderate
Jaipur,2020-05-18,47.73,142.31,19.85,0.6,11.32,75.42,121.0,Moderate
Jaipur,2020-05-19,50.93,122.71,23.42,0.46,12.32,67.08,136.0,Moderate
Jaipur,2020-05-20,45.31,104.68,18.13,0.67,12.57,87.55,127.0,Moderate
Jaipur,2020-05-21,43.03,104.48,27.91,0.94,11.06,68.88,110.0,Moderate
Jaipur,2020-05-22,51.18,141.08,28.88,0.7,13.05,43.33,119.0,Moderate
Jaipur,2020-05-23,54.27,179.36,18.83,0.79,11.35,46.8,143.0,Moderate
Jaipur,2020-05-24,55.99,152.88,17.7,0.66,12.5,48.84,140.0,Moderate
Jaipur,2020-05-25,46.96,119.96,18.97,0.64,11.14,47.5,124.0,Moderate
Jaipur,2020-05-26,48.1,127.41,20.71,0.58,12.31,43.71,119.0,Moderate
Jaipur,2020-05-27,48.33,148.49,17.91,0.68,8.0,48.85,126.0,Moderate
Jaipur,2020-05-28,61.57,192.43,17.37,0.65,11.11,61.95,145.0,Moderate
Jaipur,2020-05-29,49.62,154.79,13.87,0.67,10.31,82.35,150.0,Moderate
Jaipur,2020-05-30,33.9,70.43,13.46,0.79,8.23,70.86,115.0,Moderate
Jaipur,2020-05-31,28.51,60.0,14.04,0.61,9.69,65.28,82.0,Satisfactory
Jaipur,2020-06-01,22.58,59.16,16.26,0.63,10.83,74.05,93.0,Satisfactory
Jaipur,2020-06-02,29.66,59.38,18.81,0.68,9.3,75.03,106.0,Moderate
Jaipur,2020-06-03,31.13,68.89,18.46,0.58,10.95,69.32,94.0,Satisfactory
Jaipur,2020-06-04,29.78,57.31,19.4,0.61,10.45,63.54,84.0,Satisfactory
Jaipur,2020-06-05,21.7,38.46,16.42,0.68,9.47,72.53,89.0,Satisfactory
Jaipur,2020-06-06,28.32,59.04,17.78,0.62,10.65,71.75,84.0,Satisfactory
Jaipur,2020-06-07,29.8,74.68,14.66,0.64,9.48,61.08,80.0,Satisfactory
Jaipur,2020-06-08,31.64,76.92,19.97,0.63,10.64,54.43,79.0,Satisfactory
Jaipur,2020-06-09,35.26,80.86,18.84,0.62,9.52,57.35,90.0,Satisfactory
Jaipur,2020-06-10,36.6,89.36,20.01,0.55,12.02,51.3,85.0,Satisfactory
Jaipur,2020-06-11,33.19,89.02,16.68,0.65,9.72,54.61,92.0,Satisfactory
Jaipur,2020-06-12,37.85,94.71,19.05,0.74,11.36,70.47,103.0,Moderate
Jaipur,2020-06-13,43.7,97.19,16.79,0.84,8.81,78.89,108.0,Moderate
Jaipur,2020-06-14,37.85,78.89,15.52,0.78,9.72,72.98,96.0,Satisfactory
Jaipur,2020-06-15,32.72,80.35,21.05,0.79,9.5,71.61,97.0,Satisfactory
Jaipur,2020-06-16,44.22,113.24,19.13,0.62,9.64,76.8,108.0,Moderate
Jaipur,2020-06-17,44.53,105.61,15.93,0.62,10.35,74.1,108.0,Moderate
Jaipur,2020-06-18,51.98,121.22,19.32,0.68,8.94,53.48,110.0,Moderate
Jaipur,2020-06-19,44.05,103.34,15.28,0.55,11.3,56.55,108.0,Moderate
Jaipur,2020-06-20,49.29,134.98,13.56,0.59,10.04,59.19,121.0,Moderate
Jaipur,2020-06-21,44.14,81.15,13.0,0.5,10.51,45.49,96.0,Satisfactory
Jaipur,2020-06-22,34.32,67.36,16.12,0.68,10.04,53.53,80.0,Satisfactory
Jaipur,2020-06-23,28.29,56.81,14.5,0.64,9.77,64.22,80.0,Satisfactory
Jaipur,2020-06-24,24.06,51.1,14.37,0.7,9.68,46.24,72.0,Satisfactory
Jaipur,2020-06-25,64.47,202.53,16.88,0.67,8.76,45.26,76.0,Satisfactory
Jaipur,2020-06-26,35.81,118.34,18.81,0.69,10.34,39.55,172.0,Moderate
Jaipur,2020-06-27,28.33,76.66,14.72,0.59,9.96,39.12,89.0,Satisfactory
Jaipur,2020-06-28,23.76,67.44,14.05,0.5,8.93,34.4,75.0,Satisfactory
Jaipur,2020-06-29,30.58,77.3,16.63,0.55,10.59,39.21,69.0,Satisfactory
Jaipur,2020-06-30,30.03,64.26,13.77,0.67,10.36,50.71,79.0,Satisfactory
Jaipur,2020-07-01,58.79,103.68,10.88,0.54,5.19,53.68,70.0,Satisfactory
Kolkata,2018-04-11,29.0,50.87,34.03,0.98,10.32,30.99,73.0,Satisfactory
Kolkata,2018-06-16,47.55,128.66,24.89,0.72,7.3,27.24,119.0,Moderate
Kolkata,2018-06-18,50.1,105.68,33.28,1.47,3.02,72.28,107.0,Moderate
Kolkata,2018-06-19,39.25,87.24,30.86,1.35,1.93,81.12,148.0,Moderate
Kolkata,2018-06-20,24.44,53.19,38.03,1.7,6.88,49.58,94.0,Satisfactory
Kolkata,2018-06-21,31.68,60.16,38.39,1.42,1.31,13.47,100.0,Satisfactory
Kolkata,2018-06-22,25.22,48.96,28.1,0.39,2.31,30.32,60.0,Satisfactory
Kolkata,2018-06-23,22.95,44.58,25.76,0.38,1.06,22.84,47.0,Good
Kolkata,2018-06-24,24.61,46.54,25.49,0.4,1.1,23.13,48.0,Good
Kolkata,2018-06-25,28.6,45.36,43.45,0.41,1.11,13.56,50.0,Good
Kolkata,2018-06-26,30.5,46.08,37.12,0.38,2.29,34.84,61.0,Satisfactory
Kolkata,2018-06-27,22.66,33.83,29.53,0.38,1.22,20.27,53.0,Satisfactory
Kolkata,2018-06-28,24.4,26.42,20.88,0.31,1.06,23.24,34.0,Good
Kolkata,2018-06-29,16.11,35.0,22.85,0.33,4.46,27.59,46.0,Good
Kolkata,2018-06-30,28.7,55.13,17.93,0.32,4.76,31.3,50.0,Good
Kolkata,2018-07-01,27.7,57.99,14.31,0.32,11.14,37.19,58.0,Satisfactory
Kolkata,2018-07-02,29.26,55.35,19.66,0.37,9.13,40.46,62.0,Satisfactory
Kolkata,2018-07-03,27.81,50.73,29.82,0.39,1.63,21.63,50.0,Good
Kolkata,2018-07-04,33.61,53.17,31.37,0.43,2.12,17.4,58.0,Satisfactory
Kolkata,2018-07-05,42.66,47.83,40.22,0.41,6.57,10.01,57.0,Satisfactory
Kolkata,2018-07-06,40.26,65.18,48.65,0.44,1.09,20.83,77.0,Satisfactory
Kolkata,2018-07-07,18.54,37.89,31.28,0.36,1.29,16.83,65.0,Satisfactory
Kolkata,2018-07-08,9.84,28.42,17.9,0.3,1.35,27.19,36.0,Good
Kolkata,2018-07-09,15.7,30.91,34.35,0.36,1.16,16.92,36.0,Good
Kolkata,2018-07-10,18.81,38.66,34.69,0.37,1.23,14.0,56.0,Satisfactory
Kolkata,2018-07-11,18.01,36.07,29.23,0.38,1.11,18.3,49.0,Good
Kolkata,2018-07-12,18.38,36.92,27.7,0.4,1.28,16.2,42.0,Good
Kolkata,2018-07-13,13.55,40.49,27.36,0.38,0.97,13.9,39.0,Good
Kolkata,2018-07-14,12.25,30.87,21.61,0.37,1.01,12.06,41.0,Good
Kolkata,2018-07-15,7.72,19.72,15.6,0.37,1.08,17.87,28.0,Good
Kolkata,2018-07-16,7.64,20.65,22.24,0.37,1.0,16.58,26.0,Good
Kolkata,2018-07-17,12.9,28.06,31.74,0.38,1.24,13.37,42.0,Good
Kolkata,2018-07-18,14.91,29.44,28.42,0.51,1.03,11.05,46.0,Good
Kolkata,2018-07-19,16.16,33.09,28.22,0.76,1.01,17.28,46.0,Good
Kolkata,2018-07-20,17.75,37.53,27.42,0.77,1.51,10.65,56.0,Satisfactory
Kolkata,2018-07-21,6.06,16.48,15.58,0.63,1.34,16.18,36.0,Good
Kolkata,2018-07-22,6.68,12.6,16.74,0.64,1.63,20.36,34.0,Good
Kolkata,2018-07-23,22.03,36.75,32.64,0.7,1.38,15.98,38.0,Good
Kolkata,2018-07-24,23.92,47.38,33.06,0.71,2.74,16.67,56.0,Satisfactory
Kolkata,2018-07-25,32.59,62.02,39.54,0.74,1.8,11.77,59.0,Satisfactory
Kolkata,2018-07-26,23.63,37.21,31.38,0.75,1.61,7.44,57.0,Satisfactory
Kolkata,2018-07-27,28.19,45.99,34.74,0.7,3.38,10.94,55.0,Satisfactory
Kolkata,2018-07-28,40.4,65.45,39.5,0.77,1.82,15.32,68.0,Satisfactory
Kolkata,2018-07-29,44.14,66.64,32.24,0.84,1.96,14.33,79.0,Satisfactory
Kolkata,2018-07-30,33.26,58.03,41.89,1.07,1.45,21.16,76.0,Satisfactory
Kolkata,2018-07-31,37.07,63.95,49.78,1.22,2.05,17.07,72.0,Satisfactory
Kolkata,2018-08-01,29.1,39.94,47.49,1.16,2.12,16.27,75.0,Satisfactory
Kolkata,2018-08-02,33.29,64.64,31.22,1.17,4.35,20.91,71.0,Satisfactory
Kolkata,2018-08-03,41.84,86.59,35.44,1.31,4.48,17.05,78.0,Satisfactory
Kolkata,2018-08-04,42.38,80.48,31.76,1.27,4.03,21.45,82.0,Satisfactory
Kolkata,2018-08-05,33.39,57.79,35.27,1.4,1.89,12.39,81.0,Satisfactory
Kolkata,2018-08-06,33.48,67.16,35.57,1.54,1.4,6.72,85.0,Satisfactory
Kolkata,2018-08-07,15.58,34.3,27.7,1.23,1.24,13.31,77.0,Satisfactory
Kolkata,2018-08-08,18.05,36.65,28.5,1.17,1.56,14.31,66.0,Satisfactory
Kolkata,2018-08-09,17.7,39.71,35.14,1.27,1.58,10.88,70.0,Satisfactory
Kolkata,2018-08-10,22.57,46.16,33.86,1.26,1.59,15.59,73.0,Satisfactory
Kolkata,2018-08-11,19.17,41.21,24.94,1.23,1.61,12.25,68.0,Satisfactory
Kolkata,2018-08-12,16.08,35.46,22.15,1.22,1.51,8.91,68.0,Satisfactory
Kolkata,2018-08-13,14.69,29.3,31.05,1.2,1.23,6.46,68.0,Satisfactory
Kolkata,2018-08-14,11.39,26.66,27.41,1.23,1.28,5.15,68.0,Satisfactory
Kolkata,2018-08-15,6.93,19.88,18.78,1.13,1.41,10.69,63.0,Satisfactory
Kolkata,2018-08-16,12.13,31.55,34.19,1.18,1.14,8.29,67.0,Satisfactory
Kolkata,2018-08-17,16.13,35.59,29.94,1.25,1.35,10.76,72.0,Satisfactory
Kolkata,2018-08-18,17.0,39.15,30.19,1.18,1.53,9.19,66.0,Satisfactory
Kolkata,2018-08-19,27.16,54.35,37.33,1.34,1.61,4.15,76.0,Satisfactory
Kolkata,2018-08-20,12.88,23.27,22.88,1.18,1.38,9.86,63.0,Satisfactory
Kolkata,2018-08-21,8.15,25.76,27.65,1.21,1.11,8.99,65.0,Satisfactory
Kolkata,2018-08-22,23.34,36.64,28.27,1.34,1.23,20.79,76.0,Satisfactory
Kolkata,2018-08-23,30.55,48.8,31.51,1.26,3.31,23.28,69.0,Satisfactory
Kolkata,2018-08-24,30.26,47.99,33.67,1.29,2.32,19.33,70.0,Satisfactory
Kolkata,2018-08-25,20.94,39.66,31.93,1.24,1.39,8.12,71.0,Satisfactory
Kolkata,2018-08-26,7.93,25.17,14.88,1.04,1.1,9.41,59.0,Satisfactory
Kolkata,2018-08-27,7.05,26.27,20.95,1.09,1.06,10.7,57.0,Satisfactory
Kolkata,2018-08-28,12.35,26.25,25.72,1.14,1.22,9.04,61.0,Satisfactory
Kolkata,2018-08-29,14.53,32.85,33.06,1.03,1.13,6.92,63.0,Satisfactory
Kolkata,2018-08-30,29.25,46.54,43.96,1.36,1.47,6.73,74.0,Satisfactory
Kolkata,2018-08-31,33.6,58.22,38.01,1.34,1.21,10.8,78.0,Satisfactory
Kolkata,2018-09-01,12.81,29.29,31.44,1.17,1.36,15.26,65.0,Satisfactory
Kolkata,2018-09-02,17.66,28.39,32.41,1.22,1.52,16.29,66.0,Satisfactory
Kolkata,2018-09-03,33.71,54.09,33.64,1.19,4.48,24.14,71.0,Satisfactory
Kolkata,2018-09-04,49.03,75.89,47.85,1.47,2.42,12.78,81.0,Satisfactory
Kolkata,2018-09-05,29.75,47.56,35.17,1.28,1.5,10.58,86.0,Satisfactory
Kolkata,2018-09-06,11.17,27.02,21.96,1.01,1.45,20.46,59.0,Satisfactory
Kolkata,2018-09-07,14.2,39.94,26.79,1.07,1.51,22.45,58.0,Satisfactory
Kolkata,2018-09-08,20.14,45.48,22.62,1.24,1.74,18.62,67.0,Satisfactory
Kolkata,2018-09-09,19.4,42.79,17.18,1.11,2.93,25.83,63.0,Satisfactory
Kolkata,2018-09-10,29.06,51.97,19.42,1.15,6.43,26.92,66.0,Satisfactory
Kolkata,2018-09-11,35.32,56.64,32.77,1.36,4.3,21.79,74.0,Satisfactory
Kolkata,2018-09-12,46.23,73.8,36.36,1.41,4.68,20.71,83.0,Satisfactory
Kolkata,2018-09-13,56.84,92.4,30.55,1.35,7.79,35.85,89.0,Satisfactory
Kolkata,2018-09-14,55.87,87.69,50.13,1.61,3.36,20.22,98.0,Satisfactory
Kolkata,2018-09-15,56.61,96.62,36.68,1.83,2.8,12.35,106.0,Moderate
Kolkata,2018-09-16,61.52,98.68,36.89,1.56,1.99,15.22,114.0,Moderate
Kolkata,2018-09-17,66.04,108.13,34.04,1.72,2.89,23.96,105.0,Moderate
Kolkata,2018-09-18,61.13,103.62,36.49,1.61,2.22,25.03,113.0,Moderate
Kolkata,2018-09-19,63.91,113.28,39.21,1.44,2.74,33.35,110.0,Moderate
Kolkata,2018-09-20,19.06,35.0,29.43,1.23,1.72,10.15,80.0,Satisfactory
Kolkata,2018-09-21,7.63,15.53,20.0,1.04,1.63,24.51,57.0,Satisfactory
Kolkata,2018-09-22,15.65,31.7,22.91,1.16,3.35,15.43,63.0,Satisfactory
Kolkata,2018-09-23,19.86,43.42,19.38,1.11,5.47,13.41,67.0,Satisfactory
Kolkata,2018-09-24,21.67,46.6,26.15,1.1,5.85,15.0,60.0,Satisfactory
Kolkata,2018-09-25,35.85,63.79,42.61,1.28,3.73,15.07,75.0,Satisfactory
Kolkata,2018-09-26,46.55,75.42,44.05,1.44,3.41,17.11,91.0,Satisfactory
Kolkata,2018-09-27,57.59,88.21,49.83,1.55,2.82,16.0,99.0,Satisfactory
Kolkata,2018-09-28,63.57,97.56,52.45,1.52,5.17,19.57,102.0,Moderate
Kolkata,2018-09-29,60.23,94.97,51.87,1.52,4.28,23.9,103.0,Moderate
Kolkata,2018-09-30,66.41,108.46,41.87,1.5,3.24,35.84,121.0,Moderate
Kolkata,2018-10-01,70.58,134.51,62.14,1.78,6.26,31.93,143.0,Moderate
Kolkata,2018-10-02,62.53,113.68,38.27,1.38,6.65,42.14,118.0,Moderate
Kolkata,2018-10-03,61.41,111.2,38.11,1.45,9.27,46.57,105.0,Moderate
Kolkata,2018-10-04,79.58,140.16,62.66,1.61,8.72,34.78,145.0,Moderate
Kolkata,2018-10-05,91.06,147.47,51.91,2.01,5.49,33.31,188.0,Moderate
Kolkata,2018-10-06,99.65,161.16,51.44,2.75,5.52,29.99,220.0,Poor
Kolkata,2018-10-07,101.69,161.62,49.66,3.04,9.67,30.2,250.0,Poor
Kolkata,2018-10-08,102.72,169.29,61.66,2.75,8.21,38.19,237.0,Poor
Kolkata,2018-10-09,49.4,91.84,41.35,2.19,4.08,38.89,149.0,Moderate
Kolkata,2018-10-10,9.55,24.85,24.09,1.51,1.89,22.32,83.0,Satisfactory
Kolkata,2018-10-11,8.51,19.92,20.39,2.63,1.79,16.43,107.0,Moderate
Kolkata,2018-10-12,17.35,36.08,21.82,2.73,1.97,10.84,122.0,Moderate
Kolkata,2018-10-13,22.46,32.48,18.66,1.08,2.62,22.45,64.0,Satisfactory
Kolkata,2018-10-14,34.8,56.81,20.42,1.26,6.91,28.7,70.0,Satisfactory
Kolkata,2018-10-15,48.46,76.41,36.96,1.21,9.41,28.02,93.0,Satisfactory
Kolkata,2018-10-16,59.26,100.25,37.82,1.4,9.3,36.2,95.0,Satisfactory
Kolkata,2018-10-17,86.87,133.92,42.86,2.23,9.3,42.92,167.0,Moderate
Kolkata,2018-10-18,79.18,124.87,46.97,1.36,21.04,56.56,156.0,Moderate
Kolkata,2018-10-19,83.31,126.23,45.65,1.56,8.36,38.77,184.0,Moderate
Kolkata,2018-10-20,100.26,152.59,50.1,2.07,10.67,33.6,222.0,Poor
Kolkata,2018-10-21,97.88,151.9,47.26,1.7,7.2,33.48,230.0,Poor
Kolkata,2018-10-22,101.08,155.61,67.04,1.76,11.16,31.51,219.0,Poor
Kolkata,2018-10-23,107.64,173.2,82.33,2.04,10.1,36.96,255.0,Poor
Kolkata,2018-10-24,100.85,164.83,83.39,1.59,12.96,30.75,248.0,Poor
Kolkata,2018-10-25,91.93,150.75,78.92,1.49,8.4,35.76,217.0,Poor
Kolkata,2018-10-26,123.38,203.94,87.93,1.9,11.68,32.06,276.0,Poor
Kolkata,2018-10-27,106.58,165.18,70.18,1.68,6.92,30.92,281.0,Poor
Kolkata,2018-10-28,83.47,140.86,59.14,1.23,7.87,36.02,209.0,Poor
Kolkata,2018-10-29,28.53,47.29,47.55,0.91,2.7,22.42,90.0,Satisfactory
Kolkata,2018-10-30,17.27,33.52,38.61,0.85,2.32,16.74,59.0,Satisfactory
Kolkata,2018-10-31,9.37,27.49,39.91,0.75,2.49,23.47,53.0,Satisfactory
Kolkata,2018-11-01,23.18,41.36,41.77,0.88,2.65,21.77,94.0,Satisfactory
Kolkata,2018-11-02,30.72,62.59,60.43,1.08,4.48,18.5,114.0,Moderate
Kolkata,2018-11-03,41.75,78.82,68.24,1.11,5.74,25.91,125.0,Moderate
Kolkata,2018-11-04,30.55,51.67,42.36,0.84,5.9,32.05,92.0,Satisfactory
Kolkata,2018-11-05,32.08,56.14,46.63,0.95,11.74,28.77,63.0,Satisfactory
Kolkata,2018-11-06,102.66,136.51,56.58,1.06,16.7,39.33,82.0,Satisfactory
Kolkata,2018-11-07,233.1,264.82,61.25,1.4,10.42,29.94,375.0,Very Poor
Kolkata,2018-11-08,276.33,360.75,65.65,1.48,17.82,46.5,431.0,Severe
Kolkata,2018-11-09,183.88,285.82,70.35,1.31,17.1,52.02,350.0,Very Poor
Kolkata,2018-11-10,171.76,266.69,62.54,1.38,17.15,35.59,352.0,Very Poor
Kolkata,2018-11-11,132.37,210.28,41.33,1.26,13.57,31.44,316.0,Very Poor
Kolkata,2018-11-12,143.84,262.32,41.08,1.45,17.98,24.66,297.0,Poor
Kolkata,2018-11-13,183.64,294.5,60.11,1.63,15.13,29.69,331.0,Very Poor
Kolkata,2018-11-14,190.03,293.29,81.93,1.48,16.03,43.47,350.0,Very Poor
Kolkata,2018-11-15,172.8,299.16,90.97,1.16,27.53,42.49,346.0,Very Poor
Kolkata,2018-11-16,142.65,263.76,88.85,1.6,24.68,46.32,325.0,Very Poor
Kolkata,2018-11-17,131.5,237.02,82.9,1.61,17.05,57.08,282.0,Poor
Kolkata,2018-11-18,156.47,257.04,63.38,1.19,10.25,62.91,322.0,Very Poor
Kolkata,2018-11-19,130.82,217.97,76.65,1.42,9.88,56.14,293.0,Poor
Kolkata,2018-11-20,160.56,241.45,72.2,1.96,13.83,38.35,320.0,Very Poor
Kolkata,2018-11-21,154.97,230.9,67.2,1.55,12.99,36.99,335.0,Very Poor
Kolkata,2018-11-22,199.32,331.35,59.22,2.33,13.86,36.76,339.0,Very Poor
Kolkata,2018-11-23,187.21,297.11,74.51,1.27,14.5,39.48,358.0,Very Poor
Kolkata,2018-11-24,206.07,347.61,61.56,1.54,14.76,37.59,357.0,Very Poor
Kolkata,2018-11-25,243.93,378.31,71.59,1.64,11.52,35.77,389.0,Very Poor
Kolkata,2018-11-26,164.48,272.33,67.08,1.22,10.74,34.35,365.0,Very Poor
Kolkata,2018-11-27,99.56,175.44,56.48,1.01,6.29,32.22,291.0,Poor
Kolkata,2018-11-28,98.39,161.2,51.04,1.05,6.56,28.56,260.0,Poor
Kolkata,2018-11-29,105.53,176.31,42.3,1.19,7.1,26.44,282.0,Poor
Kolkata,2018-11-30,116.97,218.42,63.38,1.09,10.51,30.05,274.0,Poor
Kolkata,2018-12-01,153.41,254.9,71.93,1.27,20.5,33.72,308.0,Very Poor
Kolkata,2018-12-02,153.39,237.95,66.66,0.88,8.68,41.84,322.0,Very Poor
Kolkata,2018-12-03,168.37,285.2,73.9,1.18,10.41,37.71,332.0,Very Poor
Kolkata,2018-12-04,183.93,316.43,84.28,1.52,15.9,44.14,343.0,Very Poor
Kolkata,2018-12-05,239.87,371.23,96.54,1.46,16.57,40.55,388.0,Very Poor
Kolkata,2018-12-06,220.71,349.49,99.83,1.29,16.21,46.99,384.0,Very Poor
Kolkata,2018-12-07,267.93,418.89,104.89,1.74,24.28,31.93,425.0,Severe
Kolkata,2018-12-08,253.8,388.94,103.32,1.38,16.87,41.22,399.0,Very Poor
Kolkata,2018-12-09,227.13,386.88,107.29,1.11,12.85,26.85,418.0,Severe
Kolkata,2018-12-10,199.91,358.27,84.86,1.24,9.08,34.42,407.0,Severe
Kolkata,2018-12-11,211.39,343.07,62.62,1.29,13.58,23.0,381.0,Very Poor
Kolkata,2018-12-12,183.49,306.69,87.07,1.03,21.04,32.67,351.0,Very Poor
Kolkata,2018-12-13,130.86,227.88,74.48,0.85,14.05,36.39,325.0,Very Poor
Kolkata,2018-12-14,130.09,225.36,66.2,0.76,15.1,43.76,294.0,Poor
Kolkata,2018-12-15,133.61,228.39,75.68,0.71,19.18,39.71,291.0,Poor
Kolkata,2018-12-16,121.38,219.86,65.61,0.6,18.46,40.94,267.0,Poor
Kolkata,2018-12-17,116.95,187.51,54.68,0.6,10.33,29.16,276.0,Poor
Kolkata,2018-12-18,64.86,98.44,57.04,0.5,5.67,28.42,183.0,Moderate
Kolkata,2018-12-19,74.22,121.56,64.36,0.61,12.18,24.23,133.0,Moderate
Kolkata,2018-12-20,122.11,198.5,65.74,0.84,10.48,31.29,224.0,Poor
Kolkata,2018-12-21,204.44,325.61,69.69,1.36,11.34,36.24,340.0,Very Poor
Kolkata,2018-12-22,231.21,349.32,84.38,1.26,16.51,33.35,382.0,Very Poor
Kolkata,2018-12-23,204.65,303.95,84.79,0.86,13.09,33.49,371.0,Very Poor
Kolkata,2018-12-24,177.51,264.89,90.29,0.67,13.81,28.98,347.0,Very Poor
Kolkata,2018-12-25,209.44,341.74,105.53,1.07,15.73,35.91,356.0,Very Poor
Kolkata,2018-12-26,197.41,311.48,109.6,1.09,13.82,39.09,372.0,Very Poor
Kolkata,2018-12-27,258.54,384.73,137.35,1.54,17.99,29.47,390.0,Very Poor
Kolkata,2018-12-28,222.12,336.24,123.76,1.25,15.3,27.13,387.0,Very Poor
Kolkata,2018-12-29,237.11,348.02,120.58,1.26,16.06,32.55,379.0,Very Poor
Kolkata,2018-12-30,187.3,285.55,105.12,0.73,18.29,37.12,370.0,Very Poor
Kolkata,2018-12-31,177.21,276.41,99.5,0.86,17.07,42.57,341.0,Very Poor
Kolkata,2019-01-01,209.31,326.78,114.44,0.95,15.4,30.24,370.0,Very Poor
Kolkata,2019-01-02,172.39,261.09,107.85,0.87,15.62,31.57,351.0,Very Poor
Kolkata,2019-01-03,244.09,381.78,150.01,1.26,26.2,29.72,363.0,Very Poor
Kolkata,2019-01-04,264.84,385.24,124.79,1.13,17.16,38.73,431.0,Severe
Kolkata,2019-01-05,219.26,332.24,115.8,1.17,15.03,27.99,391.0,Very Poor
Kolkata,2019-01-06,159.43,252.16,103.2,0.89,15.71,26.33,346.0,Very Poor
Kolkata,2019-01-07,158.89,263.39,122.66,1.07,18.81,25.28,335.0,Very Poor
Kolkata,2019-01-08,175.47,265.22,95.12,1.07,15.88,26.97,335.0,Very Poor
Kolkata,2019-01-09,189.25,283.42,85.5,1.05,17.69,30.2,346.0,Very Poor
Kolkata,2019-01-10,227.08,326.44,105.92,1.19,17.29,40.45,369.0,Very Poor
Kolkata,2019-01-11,211.01,317.78,105.53,1.24,17.27,41.86,369.0,Very Poor
Kolkata,2019-01-12,264.75,385.31,94.91,1.42,18.51,29.41,405.0,Severe
Kolkata,2019-01-13,219.44,318.17,95.17,1.09,15.44,30.75,387.0,Very Poor
Kolkata,2019-01-14,282.9,417.05,124.83,1.67,26.99,28.09,408.0,Severe
Kolkata,2019-01-15,217.59,320.85,107.24,1.1,17.35,32.47,406.0,Severe
Kolkata,2019-01-16,157.3,255.7,87.29,1.26,20.9,38.73,338.0,Very Poor
Kolkata,2019-01-17,208.75,348.3,103.67,1.59,26.21,30.3,349.0,Very Poor
Kolkata,2019-01-18,230.95,363.72,127.63,1.84,22.4,32.22,381.0,Very Poor
Kolkata,2019-01-19,269.06,394.67,111.71,1.99,19.8,28.38,421.0,Severe
Kolkata,2019-01-20,252.42,392.0,95.09,1.64,19.09,27.88,407.0,Severe
Kolkata,2019-01-21,266.1,419.43,103.21,2.32,19.0,27.81,425.0,Severe
Kolkata,2019-01-22,304.74,469.32,148.03,2.75,20.1,26.05,463.0,Severe
Kolkata,2019-01-23,282.8,396.97,105.5,2.44,12.3,26.88,475.0,Severe
Kolkata,2019-01-24,214.45,322.12,101.91,1.67,13.85,27.88,391.0,Very Poor
Kolkata,2019-01-25,157.14,246.66,109.37,1.24,10.03,26.43,346.0,Very Poor
Kolkata,2019-01-26,126.08,203.17,88.24,0.77,11.32,26.47,299.0,Poor
Kolkata,2019-01-27,112.94,188.34,91.61,0.72,16.05,20.07,255.0,Poor
Kolkata,2019-01-28,112.49,180.14,78.76,0.68,13.26,21.45,258.0,Poor
Kolkata,2019-01-29,97.05,175.72,83.43,0.75,11.3,29.48,233.0,Poor
Kolkata,2019-01-30,103.58,181.31,95.34,0.76,16.51,27.14,242.0,Poor
Kolkata,2019-01-31,153.89,270.09,94.2,1.34,17.51,27.95,291.0,Poor
Kolkata,2019-02-01,163.65,273.34,107.37,1.21,15.86,23.87,331.0,Very Poor
Kolkata,2019-02-02,207.09,322.73,102.38,1.99,17.26,25.28,361.0,Very Poor
Kolkata,2019-02-03,183.64,336.02,95.84,1.84,17.89,25.36,356.0,Very Poor
Kolkata,2019-02-04,164.48,293.11,112.25,1.73,17.94,22.73,335.0,Very Poor
Kolkata,2019-02-05,169.86,290.85,103.89,1.67,20.74,24.65,337.0,Very Poor
Kolkata,2019-02-06,194.51,342.34,120.72,1.83,20.69,23.91,349.0,Very Poor
Kolkata,2019-02-07,180.67,295.97,130.54,1.62,20.81,32.07,350.0,Very Poor
Kolkata,2019-02-08,153.28,264.95,108.42,1.16,14.83,42.62,321.0,Very Poor
Kolkata,2019-02-09,113.11,167.61,50.87,0.79,11.0,46.31,275.0,Poor
Kolkata,2019-02-10,57.85,112.72,66.29,0.51,9.65,40.21,178.0,Moderate
Kolkata,2019-02-11,90.05,161.6,87.23,0.75,14.16,34.89,167.0,Moderate
Kolkata,2019-02-12,125.98,212.8,110.25,1.02,15.6,30.7,264.0,Poor
Kolkata,2019-02-13,130.91,254.19,120.07,1.34,23.16,32.22,288.0,Poor
Kolkata,2019-02-14,195.34,345.73,145.21,1.99,23.53,31.43,345.0,Very Poor
Kolkata,2019-02-15,206.83,339.86,136.64,1.79,22.63,35.48,360.0,Very Poor
Kolkata,2019-02-16,115.8,208.77,112.11,1.16,18.54,24.87,307.0,Very Poor
Kolkata,2019-02-17,96.52,160.84,86.76,0.85,13.68,33.05,229.0,Poor
Kolkata,2019-02-18,113.34,183.53,103.33,1.0,12.89,37.06,240.0,Poor
Kolkata,2019-02-19,152.16,245.83,115.61,1.15,17.81,36.19,295.0,Poor
Kolkata,2019-02-20,95.73,159.86,68.68,0.91,12.49,33.69,236.0,Poor
Kolkata,2019-02-21,157.09,272.5,108.51,1.26,20.43,32.41,278.0,Poor
Kolkata,2019-02-22,94.94,158.75,78.13,0.83,25.43,25.74,247.0,Poor
Kolkata,2019-02-23,106.79,193.57,96.13,1.1,16.1,31.98,224.0,Poor
Kolkata,2019-02-24,114.95,221.88,81.62,0.86,13.3,41.71,286.0,Poor
Kolkata,2019-02-25,81.45,131.38,78.12,0.79,8.47,27.38,205.0,Poor
Kolkata,2019-02-26,49.4,75.42,53.47,0.73,3.7,21.92,135.0,Moderate
Kolkata,2019-02-27,28.96,42.82,52.86,0.59,2.95,26.06,76.0,Satisfactory
Kolkata,2019-02-28,36.08,52.25,56.9,0.73,5.14,23.41,75.0,Satisfactory
Kolkata,2019-03-01,60.77,107.96,73.06,0.89,8.9,32.55,141.0,Moderate
Kolkata,2019-03-02,85.85,146.83,86.08,1.09,8.6,35.5,199.0,Moderate
Kolkata,2019-03-03,114.86,202.87,118.46,1.45,16.2,32.47,256.0,Poor
Kolkata,2019-03-04,97.47,170.15,71.62,0.89,9.85,26.06,242.0,Poor
Kolkata,2019-03-05,56.44,109.62,56.65,0.9,5.93,24.63,129.0,Moderate
Kolkata,2019-03-06,73.88,124.15,54.43,0.97,7.96,31.1,144.0,Moderate
Kolkata,2019-03-07,89.06,167.12,74.58,1.0,11.84,32.06,212.0,Poor
Kolkata,2019-03-08,82.36,165.43,107.66,0.97,13.53,26.62,184.0,Moderate
Kolkata,2019-03-09,85.52,175.94,100.33,0.82,16.01,30.96,200.0,Moderate
Kolkata,2019-03-10,66.32,122.77,45.85,0.72,7.45,19.05,162.0,Moderate
Kolkata,2019-03-11,64.17,127.44,54.17,0.8,5.58,22.84,101.0,Moderate
Kolkata,2019-03-12,90.0,154.9,60.81,0.71,19.58,35.94,189.0,Moderate
Kolkata,2019-03-13,68.87,119.24,53.15,0.77,12.43,30.06,150.0,Moderate
Kolkata,2019-03-14,89.98,140.82,58.04,0.74,13.13,51.84,178.0,Moderate
Kolkata,2019-03-15,88.46,155.33,85.21,0.83,13.91,37.35,207.0,Poor
Kolkata,2019-03-16,52.9,100.16,80.34,0.65,13.23,35.03,130.0,Moderate
Kolkata,2019-03-17,75.4,132.31,54.28,0.7,9.02,48.76,131.0,Moderate
Kolkata,2019-03-18,48.07,108.15,91.18,0.65,10.32,34.25,119.0,Moderate
Kolkata,2019-03-19,60.48,103.34,64.8,0.63,15.86,42.37,122.0,Moderate
Kolkata,2019-03-20,67.03,118.0,67.43,0.64,12.53,31.66,115.0,Moderate
Kolkata,2019-03-21,60.11,97.86,35.17,0.54,8.64,46.59,144.0,Moderate
Kolkata,2019-03-22,50.03,83.88,39.61,0.57,9.5,35.42,98.0,Satisfactory
Kolkata,2019-03-23,67.63,122.27,89.77,0.79,11.87,36.75,114.0,Moderate
Kolkata,2019-03-24,81.82,152.03,93.58,0.88,12.09,42.97,192.0,Moderate
Kolkata,2019-03-25,100.22,210.26,110.56,1.04,16.5,39.48,226.0,Poor
Kolkata,2019-03-26,82.49,174.78,51.51,0.63,7.53,44.18,214.0,Poor
Kolkata,2019-03-27,62.36,134.81,71.64,0.57,18.68,49.46,141.0,Moderate
Kolkata,2019-03-28,61.16,119.54,48.98,0.61,7.42,36.53,133.0,Moderate
Kolkata,2019-03-29,53.72,103.52,41.28,0.47,6.59,23.47,116.0,Moderate
Kolkata,2019-03-30,54.17,105.96,36.1,0.56,5.71,28.42,96.0,Satisfactory
Kolkata,2019-03-31,50.23,92.3,26.9,0.57,4.4,19.9,106.0,Moderate
Kolkata,2019-04-01,27.98,57.67,25.23,0.5,2.04,30.51,74.0,Satisfactory
Kolkata,2019-04-02,47.53,89.35,35.26,0.61,3.68,23.58,69.0,Satisfactory
Kolkata,2019-04-03,43.55,90.75,24.63,0.47,2.55,25.05,88.0,Satisfactory
Kolkata,2019-04-04,41.47,80.25,26.11,0.43,4.67,19.76,83.0,Satisfactory
Kolkata,2019-04-05,43.05,81.36,27.52,0.44,3.5,22.93,79.0,Satisfactory
Kolkata,2019-04-06,41.82,82.13,49.86,0.54,9.6,29.98,86.0,Satisfactory
Kolkata,2019-04-07,33.47,58.14,38.47,0.55,7.76,49.77,79.0,Satisfactory
Kolkata,2019-04-08,34.9,64.37,41.84,0.5,7.44,42.33,77.0,Satisfactory
Kolkata,2019-04-09,36.38,65.76,38.87,0.5,6.02,28.62,68.0,Satisfactory
Kolkata,2019-04-10,30.36,55.27,42.5,0.55,2.42,23.1,66.0,Satisfactory
Kolkata,2019-04-11,36.29,63.16,26.02,0.52,2.6,19.43,60.0,Satisfactory
Kolkata,2019-04-12,34.96,61.52,27.69,0.5,3.84,19.96,63.0,Satisfactory
Kolkata,2019-04-13,38.4,74.74,28.18,0.52,5.79,33.37,73.0,Satisfactory
Kolkata,2019-04-14,37.68,63.15,21.81,0.48,4.64,33.32,67.0,Satisfactory
Kolkata,2019-04-15,37.91,67.16,22.37,0.45,5.11,24.06,68.0,Satisfactory
Kolkata,2019-04-16,52.47,101.54,23.38,0.45,5.58,26.09,79.0,Satisfactory
Kolkata,2019-04-17,64.22,123.58,30.87,0.46,8.33,35.68,119.0,Moderate
Kolkata,2019-04-18,76.6,171.99,48.4,0.72,17.22,39.97,169.0,Moderate
Kolkata,2019-04-19,77.82,151.69,49.19,0.6,14.5,35.89,166.0,Moderate
Kolkata,2019-04-20,55.14,98.35,36.19,0.6,16.72,52.21,135.0,Moderate
Kolkata,2019-04-21,41.44,75.8,21.25,0.52,4.77,38.43,86.0,Satisfactory
Kolkata,2019-04-22,47.76,85.76,36.57,0.58,8.1,37.74,87.0,Satisfactory
Kolkata,2019-04-23,38.95,72.86,38.57,0.54,7.66,41.3,87.0,Satisfactory
Kolkata,2019-04-24,36.62,66.55,31.87,0.46,5.21,25.59,80.0,Satisfactory
Kolkata,2019-04-25,32.45,59.51,28.57,0.45,4.26,18.84,65.0,Satisfactory
Kolkata,2019-04-26,40.39,79.62,27.81,0.44,3.16,19.95,66.0,Satisfactory
Kolkata,2019-04-27,46.78,89.61,26.3,0.48,4.1,17.74,85.0,Satisfactory
Kolkata,2019-04-28,37.93,77.14,18.8,0.42,3.48,15.98,82.0,Satisfactory
Kolkata,2019-04-29,27.48,102.42,19.63,0.37,3.31,13.32,78.0,Satisfactory
Kolkata,2019-04-30,24.32,141.78,20.32,0.4,4.82,17.49,120.0,Moderate
Kolkata,2019-05-01,19.24,94.91,20.4,0.36,2.76,20.71,73.0,Satisfactory
Kolkata,2019-05-02,17.81,83.54,21.57,0.34,1.99,20.38,36.0,Good
Kolkata,2019-05-03,16.59,56.12,15.73,0.41,1.73,26.59,38.0,Good
Kolkata,2019-05-04,22.34,39.22,25.68,0.55,2.6,28.41,49.0,Good
Kolkata,2019-05-05,55.45,108.43,34.48,0.72,3.14,26.49,86.0,Satisfactory
Kolkata,2019-05-06,55.4,127.11,17.34,0.47,1.93,37.33,108.0,Moderate
Kolkata,2019-05-07,61.78,126.2,20.39,0.53,1.52,37.0,116.0,Moderate
Kolkata,2019-05-08,67.4,133.0,21.14,0.49,1.44,34.46,122.0,Moderate
Kolkata,2019-05-09,66.57,132.1,17.89,0.46,1.67,37.19,124.0,Moderate
Kolkata,2019-05-10,65.47,129.42,14.69,0.49,1.82,41.67,126.0,Moderate
Kolkata,2019-05-11,55.4,121.13,13.92,0.47,1.57,37.14,117.0,Moderate
Kolkata,2019-05-12,53.61,109.67,9.9,0.42,1.33,33.64,107.0,Moderate
Kolkata,2019-05-13,47.28,97.99,10.62,0.42,1.62,33.51,100.0,Satisfactory
Kolkata,2019-05-14,37.4,82.31,15.49,0.48,2.39,29.68,84.0,Satisfactory
Kolkata,2019-05-15,42.19,88.6,18.89,0.5,1.78,27.24,98.0,Satisfactory
Kolkata,2019-05-16,44.95,87.16,18.96,0.57,1.87,30.25,90.0,Satisfactory
Kolkata,2019-05-17,52.68,96.98,16.16,0.52,1.64,27.0,93.0,Satisfactory
Kolkata,2019-05-18,50.03,99.23,11.08,0.45,1.79,25.91,96.0,Satisfactory
Kolkata,2019-05-19,51.42,96.62,10.61,0.47,2.71,28.2,96.0,Satisfactory
Kolkata,2019-05-20,43.74,91.54,12.33,0.49,2.54,19.94,92.0,Satisfactory
Kolkata,2019-05-21,38.55,88.64,12.6,0.5,1.78,17.88,90.0,Satisfactory
Kolkata,2019-05-22,40.31,91.94,11.04,0.52,3.0,18.33,86.0,Satisfactory
Kolkata,2019-05-23,32.48,72.04,8.92,0.47,2.35,22.57,82.0,Satisfactory
Kolkata,2019-05-24,33.18,79.78,14.65,0.45,2.93,19.37,74.0,Satisfactory
Kolkata,2019-05-25,30.37,66.61,16.78,0.49,2.61,21.3,75.0,Satisfactory
Kolkata,2019-05-26,36.76,72.29,19.38,0.51,2.58,23.85,66.0,Satisfactory
Kolkata,2019-05-27,47.25,92.1,13.59,0.47,2.36,22.65,87.0,Satisfactory
Kolkata,2019-05-28,43.54,89.93,13.04,0.47,2.24,23.24,89.0,Satisfactory
Kolkata,2019-05-29,44.23,87.26,11.82,0.5,2.25,28.21,86.0,Satisfactory
Kolkata,2019-05-30,37.55,77.52,12.2,0.45,2.49,24.22,83.0,Satisfactory
Kolkata,2019-05-31,31.79,71.66,10.25,0.4,2.38,19.31,76.0,Satisfactory
Kolkata,2019-06-01,36.25,69.53,17.79,0.4,2.88,26.32,76.0,Satisfactory
Kolkata,2019-06-02,28.84,57.42,14.42,0.36,2.42,24.97,69.0,Satisfactory
Kolkata,2019-06-03,31.32,57.27,21.29,0.43,4.37,50.09,71.0,Satisfactory
Kolkata,2019-06-04,31.93,60.06,15.65,0.37,3.28,31.57,72.0,Satisfactory
Kolkata,2019-06-05,27.66,47.01,18.32,0.39,1.7,24.38,61.0,Satisfactory
Kolkata,2019-06-06,20.3,34.49,17.88,0.42,1.82,27.06,48.0,Good
Kolkata,2019-06-07,19.04,33.84,17.24,0.43,1.89,32.87,49.0,Good
Kolkata,2019-06-08,15.87,29.35,14.2,0.41,1.87,29.98,47.0,Good
Kolkata,2019-06-09,31.08,48.86,17.2,0.42,2.49,34.29,64.0,Satisfactory
Kolkata,2019-06-10,34.28,62.72,12.48,0.39,1.65,36.48,80.0,Satisfactory
Kolkata,2019-06-11,31.04,58.4,14.17,0.36,1.6,37.01,70.0,Satisfactory
Kolkata,2019-06-12,32.61,64.75,11.68,0.36,2.74,34.14,67.0,Satisfactory
Kolkata,2019-06-13,43.52,75.56,24.24,0.54,3.09,51.71,94.0,Satisfactory
Kolkata,2019-06-14,52.05,89.17,22.9,0.54,1.73,48.36,101.0,Moderate
Kolkata,2019-06-15,37.14,65.3,20.89,0.35,1.96,32.21,88.0,Satisfactory
Kolkata,2019-06-16,31.52,60.8,14.72,0.38,3.11,43.72,79.0,Satisfactory
Kolkata,2019-06-17,50.58,107.48,23.6,0.55,3.31,39.69,82.0,Satisfactory
Kolkata,2019-06-18,48.86,86.87,26.06,0.53,2.0,32.25,105.0,Moderate
Kolkata,2019-06-19,50.99,92.07,24.86,0.52,2.0,42.01,95.0,Satisfactory
Kolkata,2019-06-20,41.77,77.35,28.04,0.54,1.86,21.76,92.0,Satisfactory
Kolkata,2019-06-21,19.24,38.81,20.06,0.43,1.5,19.79,54.0,Satisfactory
Kolkata,2019-06-22,19.23,36.22,16.82,0.39,1.72,23.86,46.0,Good
Kolkata,2019-06-23,17.54,35.32,13.16,0.34,1.73,19.44,57.0,Satisfactory
Kolkata,2019-06-24,26.09,53.43,15.61,0.34,2.1,27.77,56.0,Satisfactory
Kolkata,2019-06-25,21.93,52.12,13.39,0.33,2.72,24.77,61.0,Satisfactory
Kolkata,2019-06-26,19.68,44.36,11.86,0.3,2.67,23.9,54.0,Satisfactory
Kolkata,2019-06-27,22.86,49.27,15.6,0.33,3.46,24.76,62.0,Satisfactory
Kolkata,2019-06-28,31.59,58.52,20.55,0.47,4.35,41.54,73.0,Satisfactory
Kolkata,2019-06-29,44.03,76.1,21.47,0.64,3.01,37.1,78.0,Satisfactory
Kolkata,2019-06-30,47.54,82.48,25.12,0.74,3.3,18.37,98.0,Satisfactory
Kolkata,2019-07-01,23.16,48.3,16.39,0.57,2.59,21.87,71.0,Satisfactory
Kolkata,2019-07-02,17.6,30.71,13.65,0.51,3.24,31.38,45.0,Good
Kolkata,2019-07-03,20.48,39.15,17.47,0.52,3.08,39.28,58.0,Satisfactory
Kolkata,2019-07-04,32.09,63.73,18.55,0.55,5.49,41.44,68.0,Satisfactory
Kolkata,2019-07-05,27.6,54.31,17.39,0.53,4.27,26.66,67.0,Satisfactory
Kolkata,2019-07-06,28.76,52.07,22.06,0.56,6.02,24.02,58.0,Satisfactory
Kolkata,2019-07-07,19.65,40.85,14.68,0.45,5.95,24.19,52.0,Satisfactory
Kolkata,2019-07-08,27.94,60.83,16.38,0.41,6.28,31.58,56.0,Satisfactory
Kolkata,2019-07-09,26.94,60.03,17.39,0.45,7.35,29.94,64.0,Satisfactory
Kolkata,2019-07-10,26.2,52.69,19.62,0.5,5.65,28.51,60.0,Satisfactory
Kolkata,2019-07-11,28.7,56.45,21.13,0.46,5.54,26.62,64.0,Satisfactory
Kolkata,2019-07-12,29.63,57.5,20.11,0.44,8.5,29.95,66.0,Satisfactory
Kolkata,2019-07-13,35.3,69.72,17.32,0.46,7.89,38.28,69.0,Satisfactory
Kolkata,2019-07-14,41.91,75.46,17.21,0.48,12.4,48.42,83.0,Satisfactory
Kolkata,2019-07-15,45.48,92.7,25.17,0.49,11.54,47.41,97.0,Satisfactory
Kolkata,2019-07-16,43.74,82.52,28.64,0.63,8.71,32.89,97.0,Satisfactory
Kolkata,2019-07-17,57.6,104.21,27.41,0.79,4.6,27.24,106.0,Moderate
Kolkata,2019-07-18,44.18,81.77,20.98,0.48,4.01,19.82,91.0,Satisfactory
Kolkata,2019-07-19,15.02,30.29,14.16,0.37,2.56,19.86,53.0,Satisfactory
Kolkata,2019-07-20,22.92,44.3,14.3,0.39,2.49,24.96,44.0,Good
Kolkata,2019-07-21,25.98,47.27,13.27,0.4,5.23,28.79,54.0,Satisfactory
Kolkata,2019-07-22,19.9,43.33,14.33,0.37,3.5,19.35,50.0,Good
Kolkata,2019-07-23,16.06,34.69,14.13,0.37,4.71,15.84,47.0,Good
Kolkata,2019-07-24,14.63,33.81,18.29,0.38,6.15,20.87,44.0,Good
Kolkata,2019-07-25,36.9,63.34,31.77,0.54,9.84,32.75,60.0,Satisfactory
Kolkata,2019-07-26,32.16,50.27,27.46,0.52,4.1,22.94,66.0,Satisfactory
Kolkata,2019-07-27,25.09,40.45,26.5,0.54,3.04,19.16,56.0,Satisfactory
Kolkata,2019-07-28,12.07,23.33,13.68,0.41,2.55,17.95,43.0,Good
Kolkata,2019-07-29,10.12,20.56,17.97,0.44,2.34,21.18,33.0,Good
Kolkata,2019-07-30,21.44,43.61,23.09,0.5,2.65,17.36,44.0,Good
Kolkata,2019-07-31,23.4,48.28,25.37,0.52,3.43,21.95,54.0,Satisfactory
Kolkata,2019-08-01,23.61,44.79,25.41,0.5,5.62,23.09,59.0,Satisfactory
Kolkata,2019-08-02,17.93,34.63,19.92,0.51,4.42,17.22,46.0,Good
Kolkata,2019-08-03,25.22,40.82,21.29,0.62,4.23,13.88,64.0,Satisfactory
Kolkata,2019-08-04,39.37,62.25,24.23,0.78,2.99,17.31,64.0,Satisfactory
Kolkata,2019-08-05,33.97,57.32,22.84,0.7,2.75,18.39,73.0,Satisfactory
Kolkata,2019-08-06,25.88,45.47,24.85,0.6,3.4,13.95,65.0,Satisfactory
Kolkata,2019-08-07,9.07,16.56,11.38,0.35,2.12,24.01,38.0,Good
Kolkata,2019-08-08,11.36,22.78,16.73,0.4,2.49,14.48,34.0,Good
Kolkata,2019-08-09,21.7,45.74,20.52,0.48,8.29,17.08,43.0,Good
Kolkata,2019-08-10,32.78,58.33,30.56,0.71,5.93,19.0,61.0,Satisfactory
Kolkata,2019-08-11,45.57,75.21,34.18,0.79,5.42,17.37,105.0,Moderate
Kolkata,2019-08-12,29.86,51.62,25.7,0.65,5.07,11.21,68.0,Satisfactory
Kolkata,2019-08-13,13.17,22.97,18.01,0.49,3.5,16.11,48.0,Good
Kolkata,2019-08-14,29.6,54.22,21.27,0.44,3.99,18.14,45.0,Good
Kolkata,2019-08-15,25.81,40.62,17.72,0.47,4.27,17.42,56.0,Satisfactory
Kolkata,2019-08-16,27.99,47.39,19.07,0.55,2.63,17.18,51.0,Satisfactory
Kolkata,2019-08-17,20.92,26.95,19.29,0.57,2.14,15.6,48.0,Good
Kolkata,2019-08-18,18.3,24.3,13.58,0.46,2.49,23.59,46.0,Good
Kolkata,2019-08-19,13.95,30.32,15.32,0.44,2.37,20.74,39.0,Good
Kolkata,2019-08-20,27.41,46.94,24.09,0.49,4.33,22.33,50.0,Good
Kolkata,2019-08-21,30.31,52.58,19.12,0.43,3.01,18.13,58.0,Satisfactory
Kolkata,2019-08-22,31.91,55.66,22.73,0.44,3.74,17.54,64.0,Satisfactory
Kolkata,2019-08-23,18.15,30.42,21.49,0.5,2.54,16.79,62.0,Satisfactory
Kolkata,2019-08-24,18.41,32.41,36.97,0.52,2.6,13.15,55.0,Satisfactory
Kolkata,2019-08-25,13.74,24.22,17.02,0.4,2.63,24.58,50.0,Good
Kolkata,2019-08-26,12.82,22.87,18.34,0.41,3.91,25.8,49.0,Good
Kolkata,2019-08-27,16.68,28.91,17.33,0.42,3.03,21.5,43.0,Good
Kolkata,2019-08-28,24.71,40.02,21.28,0.5,3.24,16.55,51.0,Satisfactory
Kolkata,2019-08-29,14.31,29.09,19.6,0.44,2.95,14.89,54.0,Satisfactory
Kolkata,2019-08-30,18.83,36.56,16.93,0.4,2.92,14.54,47.0,Good
Kolkata,2019-08-31,16.54,35.74,14.93,0.38,3.43,15.37,40.0,Good
Kolkata,2019-09-01,26.16,50.5,20.14,0.48,3.54,18.66,50.0,Good
Kolkata,2019-09-02,15.99,32.01,19.0,0.5,2.98,12.49,53.0,Satisfactory
Kolkata,2019-09-03,10.64,19.67,14.85,0.46,3.06,13.67,48.0,Good
Kolkata,2019-09-04,10.37,21.58,10.63,0.39,3.71,15.78,39.0,Good
Kolkata,2019-09-05,10.02,21.17,12.4,0.38,3.44,18.85,34.0,Good
Kolkata,2019-09-06,8.77,20.17,13.0,0.36,3.66,20.62,34.0,Good
Kolkata,2019-09-07,11.06,21.3,13.9,0.42,3.3,17.55,34.0,Good
Kolkata,2019-09-08,12.63,23.51,15.62,0.42,3.04,16.11,36.0,Good
Kolkata,2019-09-09,18.89,33.89,15.5,0.4,4.14,25.56,49.0,Good
Kolkata,2019-09-10,20.96,43.09,12.27,0.39,3.36,27.4,49.0,Good
Kolkata,2019-09-11,15.06,34.89,17.5,0.46,3.91,18.56,50.0,Good
Kolkata,2019-09-12,18.3,34.87,19.49,0.45,3.62,11.89,43.0,Good
Kolkata,2019-09-13,13.73,39.58,17.01,0.38,4.15,20.21,44.0,Good
Kolkata,2019-09-14,18.34,50.45,18.52,0.39,4.57,33.92,59.0,Satisfactory
Kolkata,2019-09-15,22.12,54.31,15.75,0.34,7.32,41.67,74.0,Satisfactory
Kolkata,2019-09-16,20.66,46.43,15.05,0.37,5.23,26.68,53.0,Satisfactory
Kolkata,2019-09-17,19.19,38.64,12.62,0.35,4.23,15.73,45.0,Good
Kolkata,2019-09-18,12.38,26.69,12.2,0.37,3.59,17.47,37.0,Good
Kolkata,2019-09-19,9.88,22.6,11.9,0.37,3.35,14.86,33.0,Good
Kolkata,2019-09-20,20.57,44.33,23.75,0.55,5.1,20.25,54.0,Satisfactory
Kolkata,2019-09-21,26.92,54.04,24.46,0.6,6.07,19.36,74.0,Satisfactory
Kolkata,2019-09-22,22.27,39.76,18.8,0.52,3.85,23.79,61.0,Satisfactory
Kolkata,2019-09-23,13.46,27.79,15.08,0.44,3.93,23.79,44.0,Good
Kolkata,2019-09-24,7.86,19.38,12.54,0.32,3.52,15.08,31.0,Good
Kolkata,2019-09-25,11.71,22.26,18.31,0.53,3.39,10.42,36.0,Good
Kolkata,2019-09-26,18.45,31.97,19.79,0.53,4.13,16.25,46.0,Good
Kolkata,2019-09-27,19.27,33.53,22.59,0.53,4.82,18.09,48.0,Good
Kolkata,2019-09-28,19.66,33.92,21.08,0.56,4.81,12.16,47.0,Good
Kolkata,2019-09-29,14.96,26.69,18.02,0.44,3.97,15.97,44.0,Good
Kolkata,2019-09-30,14.36,30.44,19.59,0.43,6.14,20.4,42.0,Good
Kolkata,2019-10-01,32.51,61.75,24.88,0.57,8.09,25.58,56.0,Satisfactory
Kolkata,2019-10-02,53.48,90.6,26.72,0.7,7.47,33.08,86.0,Satisfactory
Kolkata,2019-10-03,38.11,65.5,26.61,0.6,5.36,24.73,78.0,Satisfactory
Kolkata,2019-10-04,32.16,58.42,20.46,0.49,7.52,35.75,70.0,Satisfactory
Kolkata,2019-10-05,36.38,66.53,25.99,0.69,5.51,28.48,72.0,Satisfactory
Kolkata,2019-10-06,41.4,76.92,26.84,0.67,4.99,25.91,90.0,Satisfactory
Kolkata,2019-10-07,33.22,65.76,24.83,0.67,4.4,26.62,77.0,Satisfactory
Kolkata,2019-10-08,25.16,55.33,21.42,0.66,4.05,22.52,78.0,Satisfactory
Kolkata,2019-10-09,11.61,30.49,15.09,0.38,4.14,19.3,51.0,Satisfactory
Kolkata,2019-10-10,14.75,52.87,19.56,0.62,4.72,16.92,51.0,Satisfactory
Kolkata,2019-10-11,37.23,66.97,26.81,0.94,5.52,23.79,95.0,Satisfactory
Kolkata,2019-10-12,50.35,82.16,30.4,1.07,4.31,31.44,110.0,Moderate
Kolkata,2019-10-13,69.61,108.35,29.86,0.74,6.85,32.84,116.0,Moderate
Kolkata,2019-10-14,69.89,107.38,31.27,0.63,7.36,52.83,148.0,Moderate
Kolkata,2019-10-15,64.09,103.94,31.64,0.7,6.33,50.55,135.0,Moderate
Kolkata,2019-10-16,56.62,92.76,33.22,0.76,4.47,34.19,129.0,Moderate
Kolkata,2019-10-17,50.03,85.23,34.86,0.86,6.51,21.23,94.0,Satisfactory
Kolkata,2019-10-18,62.88,108.38,39.8,1.17,6.9,29.78,149.0,Moderate
Kolkata,2019-10-19,61.12,105.64,34.54,1.03,4.32,35.19,145.0,Moderate
Kolkata,2019-10-20,63.0,101.4,32.87,0.85,5.15,40.98,118.0,Moderate
Kolkata,2019-10-21,87.18,128.62,33.12,0.82,7.23,43.72,184.0,Moderate
Kolkata,2019-10-22,68.66,111.63,39.51,0.91,8.61,38.38,174.0,Moderate
Kolkata,2019-10-23,83.63,130.56,41.4,0.99,6.64,35.29,181.0,Moderate
Kolkata,2019-10-24,34.47,58.82,25.85,0.51,4.18,33.2,121.0,Moderate
Kolkata,2019-10-25,17.39,42.0,20.41,0.46,4.27,22.57,55.0,Satisfactory
Kolkata,2019-10-26,33.33,63.66,26.3,0.66,6.74,14.61,54.0,Satisfactory
Kolkata,2019-10-27,97.83,133.73,27.72,0.69,9.55,21.29,114.0,Moderate
Kolkata,2019-10-28,129.59,180.39,30.93,0.57,11.25,30.33,289.0,Poor
Kolkata,2019-10-29,120.12,177.4,36.38,0.74,9.68,27.19,265.0,Poor
Kolkata,2019-10-30,102.54,171.02,40.53,0.93,8.75,30.65,251.0,Poor
Kolkata,2019-10-31,106.31,200.92,50.3,1.22,8.71,35.61,255.0,Poor
Kolkata,2019-11-01,101.59,211.21,54.98,1.33,9.44,40.02,249.0,Poor
Kolkata,2019-11-02,75.18,157.84,46.23,0.9,10.2,37.77,195.0,Moderate
Kolkata,2019-11-03,67.16,136.63,39.2,0.78,8.63,34.9,140.0,Moderate
Kolkata,2019-11-04,71.91,147.98,48.22,1.09,8.48,35.16,133.0,Moderate
Kolkata,2019-11-05,118.34,221.56,56.85,1.39,11.49,42.73,208.0,Poor
Kolkata,2019-11-06,141.21,244.81,52.13,1.3,9.59,49.62,296.0,Poor
Kolkata,2019-11-07,88.07,180.18,56.32,0.95,11.24,41.41,236.0,Poor
Kolkata,2019-11-08,50.55,103.92,32.06,0.59,6.13,29.77,159.0,Moderate
Kolkata,2019-11-09,11.92,34.15,15.9,0.43,5.26,30.06,64.0,Satisfactory
Kolkata,2019-11-10,19.4,43.14,19.76,0.51,6.03,37.37,53.0,Satisfactory
Kolkata,2019-11-11,31.74,81.19,29.62,0.95,8.63,21.54,70.0,Satisfactory
Kolkata,2019-11-12,83.3,181.97,58.28,1.71,11.53,32.19,173.0,Moderate
Kolkata,2019-11-13,93.94,204.82,61.02,1.37,12.42,36.07,240.0,Poor
Kolkata,2019-11-14,78.47,171.14,60.5,1.19,11.15,31.36,199.0,Moderate
Kolkata,2019-11-15,73.73,161.01,53.69,1.3,9.17,27.47,186.0,Moderate
Kolkata,2019-11-16,86.92,170.48,59.83,1.33,10.57,36.57,187.0,Moderate
Kolkata,2019-11-17,91.89,178.88,53.58,1.31,13.74,34.36,207.0,Poor
Kolkata,2019-11-18,106.34,203.72,62.51,1.55,14.33,36.15,235.0,Poor
Kolkata,2019-11-19,94.08,208.28,63.25,1.38,13.49,41.82,246.0,Poor
Kolkata,2019-11-20,93.97,195.42,67.53,1.57,11.74,39.23,237.0,Poor
Kolkata,2019-11-21,90.03,183.8,57.15,1.14,11.62,42.51,216.0,Poor
Kolkata,2019-11-22,89.43,187.94,60.78,1.08,13.85,41.21,197.0,Moderate
Kolkata,2019-11-23,110.7,222.67,69.34,1.36,18.3,41.56,234.0,Poor
Kolkata,2019-11-24,132.43,258.0,66.27,1.45,11.68,39.64,295.0,Poor
Kolkata,2019-11-25,117.23,233.93,63.55,1.52,9.97,42.48,278.0,Poor
Kolkata,2019-11-26,117.32,229.43,65.19,1.93,7.12,35.96,279.0,Poor
Kolkata,2019-11-27,114.92,232.5,55.04,1.47,8.3,41.27,276.0,Poor
Kolkata,2019-11-28,74.28,156.41,47.44,1.13,8.09,35.04,211.0,Poor
Kolkata,2019-11-29,83.26,170.19,50.73,1.48,9.25,33.83,207.0,Poor
Kolkata,2019-11-30,107.68,224.99,54.42,1.83,14.33,32.56,242.0,Poor
Kolkata,2019-12-01,92.93,192.04,44.48,1.36,9.74,33.74,247.0,Poor
Kolkata,2019-12-02,82.72,165.95,48.51,1.27,10.82,33.8,191.0,Moderate
Kolkata,2019-12-03,95.06,202.55,56.41,1.22,12.92,36.38,205.0,Poor
Kolkata,2019-12-04,101.36,203.24,53.02,1.22,15.09,36.22,241.0,Poor
Kolkata,2019-12-05,85.69,173.56,50.15,1.06,13.24,35.88,202.0,Poor
Kolkata,2019-12-06,71.72,143.09,46.56,0.97,9.53,32.72,183.0,Moderate
Kolkata,2019-12-07,68.23,152.71,56.2,1.27,12.53,28.53,163.0,Moderate
Kolkata,2019-12-08,76.4,163.09,53.73,1.13,16.61,25.83,201.0,Poor
Kolkata,2019-12-09,61.42,135.43,47.07,0.87,13.04,36.19,129.0,Moderate
Kolkata,2019-12-10,57.4,136.04,53.6,0.72,12.22,43.22,151.0,Moderate
Kolkata,2019-12-11,74.26,149.7,43.49,0.83,11.73,48.36,146.0,Moderate
Kolkata,2019-12-12,67.18,140.94,43.48,0.88,10.6,38.79,139.0,Moderate
Kolkata,2019-12-13,101.93,185.67,43.64,1.01,13.1,44.65,193.0,Moderate
Kolkata,2019-12-14,121.48,228.18,51.04,1.29,14.43,41.67,257.0,Poor
Kolkata,2019-12-15,96.64,186.46,41.49,0.96,11.96,39.54,269.0,Poor
Kolkata,2019-12-16,60.88,131.04,42.26,0.74,16.57,31.63,159.0,Moderate
Kolkata,2019-12-17,65.04,139.55,42.15,0.81,14.42,35.12,129.0,Moderate
Kolkata,2019-12-18,69.51,152.91,36.45,0.74,12.95,44.6,143.0,Moderate
Kolkata,2019-12-19,68.66,150.99,38.67,0.67,15.32,38.31,145.0,Moderate
Kolkata,2019-12-20,83.06,185.51,49.15,1.12,13.97,36.92,165.0,Moderate
Kolkata,2019-12-21,121.14,248.22,54.57,1.38,13.41,32.14,258.0,Poor
Kolkata,2019-12-22,109.38,220.65,45.09,1.29,8.08,28.06,253.0,Poor
Kolkata,2019-12-23,120.65,234.99,48.48,1.19,10.05,37.72,274.0,Poor
Kolkata,2019-12-24,123.92,262.53,56.67,1.75,13.56,34.37,295.0,Poor
Kolkata,2019-12-25,104.65,231.11,69.8,2.09,11.59,33.36,274.0,Poor
Kolkata,2019-12-26,107.72,217.34,54.49,1.56,11.57,26.93,269.0,Poor
Kolkata,2019-12-27,79.44,144.61,38.43,0.96,12.59,34.64,179.0,Moderate
Kolkata,2019-12-28,118.6,212.65,42.52,1.44,16.25,28.33,251.0,Poor
Kolkata,2019-12-29,95.05,177.8,46.23,1.22,16.33,34.9,241.0,Poor
Kolkata,2019-12-30,114.01,220.29,54.24,1.59,18.39,27.94,235.0,Poor
Kolkata,2019-12-31,128.67,235.51,64.68,2.04,18.82,26.28,289.0,Poor
Kolkata,2020-01-01,128.62,247.05,64.93,2.09,19.89,26.8,298.0,Poor
Kolkata,2020-01-02,114.73,220.19,55.96,1.62,18.57,25.11,267.0,Poor
Kolkata,2020-01-03,54.29,100.05,36.5,0.84,12.35,14.97,201.0,Poor
Kolkata,2020-01-04,47.11,96.07,40.23,1.29,11.3,9.01,91.0,Satisfactory
Kolkata,2020-01-05,91.78,170.2,41.06,1.79,12.03,9.37,182.0,Moderate
Kolkata,2020-01-06,94.41,179.61,47.39,1.66,12.34,24.44,217.0,Poor
Kolkata,2020-01-07,101.15,197.16,43.52,1.24,14.61,32.44,203.0,Poor
Kolkata,2020-01-08,107.83,220.72,46.0,1.2,12.53,30.36,264.0,Poor
Kolkata,2020-01-09,84.88,160.64,48.82,1.09,12.02,20.64,200.0,Moderate
Kolkata,2020-01-10,84.49,158.8,45.77,0.89,16.04,25.17,179.0,Moderate
Kolkata,2020-01-11,78.54,149.81,42.08,0.94,15.92,31.37,162.0,Moderate
Kolkata,2020-01-12,83.17,156.39,45.72,0.99,14.48,33.94,194.0,Moderate
Kolkata,2020-01-13,89.03,191.22,59.86,1.27,15.24,35.6,184.0,Moderate
Kolkata,2020-01-14,146.7,269.95,79.75,2.15,15.48,31.08,286.0,Poor
Kolkata,2020-01-15,176.49,325.84,94.33,2.22,19.24,35.41,338.0,Very Poor
Kolkata,2020-01-16,145.88,256.22,77.25,1.79,13.07,38.31,347.0,Very Poor
Kolkata,2020-01-17,111.02,211.36,67.76,1.48,13.02,34.49,277.0,Poor
Kolkata,2020-01-18,82.65,167.5,64.95,1.22,17.28,31.83,219.0,Poor
Kolkata,2020-01-19,83.41,176.12,51.05,1.01,14.21,34.6,196.0,Moderate
Kolkata,2020-01-20,62.35,125.7,39.97,0.8,12.65,39.43,148.0,Moderate
Kolkata,2020-01-21,75.02,157.98,54.45,1.11,13.18,39.37,172.0,Moderate
Kolkata,2020-01-22,102.79,200.55,70.22,1.14,13.87,38.81,229.0,Poor
Kolkata,2020-01-23,118.1,211.3,59.79,1.04,14.76,35.86,260.0,Poor
Kolkata,2020-01-24,84.27,164.39,58.79,0.93,15.39,38.16,248.0,Poor
Kolkata,2020-01-25,62.5,134.22,56.5,0.7,13.91,48.05,157.0,Moderate
Kolkata,2020-01-26,106.39,197.16,67.07,1.21,13.82,44.09,234.0,Poor
Kolkata,2020-01-27,107.8,216.85,68.55,1.23,12.15,40.5,254.0,Poor
Kolkata,2020-01-28,115.41,221.71,62.58,0.96,14.29,50.09,278.0,Poor
Kolkata,2020-01-29,51.86,121.15,36.64,0.48,9.23,48.43,175.0,Moderate
Kolkata,2020-01-30,56.91,118.12,36.89,0.81,8.57,31.85,102.0,Moderate
Kolkata,2020-01-31,73.09,154.08,49.78,0.88,11.97,36.63,163.0,Moderate
Kolkata,2020-02-01,61.11,135.39,55.94,0.81,13.1,42.88,159.0,Moderate
Kolkata,2020-02-02,67.01,158.46,59.8,0.98,14.75,40.56,174.0,Moderate
Kolkata,2020-02-03,66.42,139.53,55.57,0.83,10.73,43.77,156.0,Moderate
Kolkata,2020-02-04,79.24,168.58,69.37,0.9,17.62,41.3,184.0,Moderate
Kolkata,2020-02-05,101.36,203.72,67.53,0.95,27.0,47.61,222.0,Poor
Kolkata,2020-02-06,78.36,161.52,56.1,0.81,13.53,38.61,192.0,Moderate
Kolkata,2020-02-07,80.67,180.94,57.6,0.74,13.6,34.87,189.0,Moderate
Kolkata,2020-02-08,110.11,225.37,59.59,0.91,19.06,16.94,217.0,Poor
Kolkata,2020-02-09,89.17,174.34,52.41,0.77,13.76,36.55,246.0,Poor
Kolkata,2020-02-10,80.91,169.09,64.6,0.86,13.03,39.91,196.0,Moderate
Kolkata,2020-02-11,106.37,210.54,76.36,1.23,14.93,42.54,241.0,Poor
Kolkata,2020-02-12,101.11,203.59,85.22,1.44,14.79,44.09,247.0,Poor
Kolkata,2020-02-13,99.03,204.3,79.66,1.11,13.39,40.69,240.0,Poor
Kolkata,2020-02-14,106.87,217.18,80.75,1.12,19.36,44.77,254.0,Poor
Kolkata,2020-02-15,71.25,157.73,66.46,0.88,14.99,43.65,185.0,Moderate
Kolkata,2020-02-16,100.15,211.64,71.03,0.97,15.38,45.41,219.0,Poor
Kolkata,2020-02-17,101.37,207.97,70.05,0.96,13.14,45.61,228.0,Poor
Kolkata,2020-02-18,92.52,190.61,54.74,0.82,12.79,44.8,226.0,Poor
Kolkata,2020-02-19,84.06,157.66,42.4,0.53,29.47,44.52,203.0,Poor
Kolkata,2020-02-20,58.63,115.09,36.14,0.44,24.4,48.09,157.0,Moderate
Kolkata,2020-02-21,81.15,175.18,57.85,0.86,12.45,38.87,162.0,Moderate
Kolkata,2020-02-22,107.24,208.66,66.31,1.0,15.01,48.21,242.0,Poor
Kolkata,2020-02-23,94.78,189.57,53.2,0.78,11.4,39.25,233.0,Poor
Kolkata,2020-02-24,106.36,205.48,59.18,0.97,12.99,26.89,209.0,Poor
Kolkata,2020-02-25,82.03,136.88,53.5,0.75,8.34,16.49,237.0,Poor
Kolkata,2020-02-26,40.94,84.42,40.31,0.51,11.03,27.21,116.0,Moderate
Kolkata,2020-02-27,45.0,89.71,45.61,0.67,11.59,37.56,91.0,Satisfactory
Kolkata,2020-02-28,73.23,141.5,47.57,0.78,10.72,45.84,142.0,Moderate
Kolkata,2020-02-29,73.68,141.14,57.35,0.92,11.26,44.83,167.0,Moderate
Kolkata,2020-03-01,92.08,173.74,59.52,1.22,13.39,48.24,196.0,Moderate
Kolkata,2020-03-02,97.45,183.82,54.31,1.09,14.25,41.92,222.0,Poor
Kolkata,2020-03-03,82.48,149.76,38.23,0.81,10.52,49.7,194.0,Moderate
Kolkata,2020-03-04,50.13,86.22,30.3,0.6,11.45,37.8,127.0,Moderate
Kolkata,2020-03-05,34.26,71.62,33.77,0.68,9.3,33.35,89.0,Satisfactory
Kolkata,2020-03-06,36.1,72.34,29.89,0.6,8.44,21.39,90.0,Satisfactory
Kolkata,2020-03-07,32.81,58.09,25.75,0.67,8.05,27.46,69.0,Satisfactory
Kolkata,2020-03-08,37.96,73.49,30.23,0.8,9.51,31.98,82.0,Satisfactory
Kolkata,2020-03-09,57.01,110.73,35.23,0.72,11.02,49.97,128.0,Moderate
Kolkata,2020-03-10,65.59,119.8,38.92,0.87,12.04,57.59,149.0,Moderate
Kolkata,2020-03-11,56.77,111.27,30.92,0.67,13.6,59.48,143.0,Moderate
Kolkata,2020-03-12,57.54,114.2,33.63,0.72,12.66,36.42,120.0,Moderate
Kolkata,2020-03-13,57.2,110.82,39.86,0.83,11.76,41.17,126.0,Moderate
Kolkata,2020-03-14,52.17,110.27,23.32,0.55,9.19,56.6,132.0,Moderate
Kolkata,2020-03-15,23.34,55.65,26.71,0.54,11.89,47.47,92.0,Satisfactory
Kolkata,2020-03-16,56.05,116.34,38.02,0.85,20.02,46.0,107.0,Moderate
Kolkata,2020-03-17,61.94,118.28,37.15,0.83,10.65,53.69,138.0,Moderate
Kolkata,2020-03-18,77.16,148.45,42.14,0.93,13.79,55.84,156.0,Moderate
Kolkata,2020-03-19,86.38,149.16,45.5,0.83,15.41,61.26,207.0,Poor
Kolkata,2020-03-20,42.09,82.64,31.8,0.63,14.56,62.06,139.0,Moderate
Kolkata,2020-03-21,47.22,86.73,26.91,0.55,14.65,55.33,117.0,Moderate
Kolkata,2020-03-22,16.18,30.44,17.81,0.38,8.37,57.24,83.0,Satisfactory
Kolkata,2020-03-23,29.31,56.35,17.95,0.53,10.22,62.0,99.0,Satisfactory
Kolkata,2020-03-24,33.21,52.19,13.92,0.52,9.68,48.07,88.0,Satisfactory
Kolkata,2020-03-25,53.01,77.59,15.94,0.57,12.52,44.48,96.0,Satisfactory
Kolkata,2020-03-26,37.02,60.49,14.36,0.52,6.8,47.17,95.0,Satisfactory
Kolkata,2020-03-27,48.1,83.63,14.86,0.55,11.62,60.57,106.0,Moderate
Kolkata,2020-03-28,46.57,77.11,15.71,0.57,11.46,58.18,100.0,Satisfactory
Kolkata,2020-03-29,40.85,68.04,14.53,0.54,9.52,64.88,101.0,Moderate
Kolkata,2020-03-30,43.56,71.92,16.55,0.54,10.03,68.67,107.0,Moderate
Kolkata,2020-03-31,44.67,76.1,19.05,0.54,9.83,66.03,110.0,Moderate
Kolkata,2020-04-01,50.19,78.52,12.41,0.57,11.65,69.65,117.0,Moderate
Kolkata,2020-04-02,42.51,62.04,11.91,0.56,7.73,59.02,100.0,Satisfactory
Kolkata,2020-04-03,43.08,71.67,13.25,0.62,7.33,58.44,100.0,Satisfactory
Kolkata,2020-04-04,60.85,100.15,14.82,0.55,9.55,74.08,129.0,Moderate
Kolkata,2020-04-05,47.78,75.16,11.03,0.45,9.11,62.77,112.0,Moderate
Kolkata,2020-04-06,38.78,70.1,14.7,0.41,9.56,49.58,96.0,Satisfactory
Kolkata,2020-04-07,39.33,74.46,11.32,0.39,13.28,63.72,95.0,Satisfactory
Kolkata,2020-04-08,23.45,48.43,11.92,0.34,10.0,57.56,82.0,Satisfactory
Kolkata,2020-04-09,20.26,43.54,12.71,0.33,12.12,74.55,100.0,Satisfactory
Kolkata,2020-04-10,19.11,37.8,9.24,0.38,8.23,51.65,79.0,Satisfactory
Kolkata,2020-04-11,18.03,39.16,8.65,0.35,7.51,45.52,62.0,Satisfactory
Kolkata,2020-04-12,23.56,57.98,8.48,0.34,6.94,44.6,60.0,Satisfactory
Kolkata,2020-04-13,24.5,48.39,7.64,0.38,6.8,42.03,65.0,Satisfactory
Kolkata,2020-04-14,26.65,50.91,6.37,0.37,5.31,36.61,56.0,Satisfactory
Kolkata,2020-04-15,24.33,55.61,8.17,0.37,6.88,38.78,59.0,Satisfactory
Kolkata,2020-04-16,30.15,62.36,11.56,0.41,6.99,37.99,68.0,Satisfactory
Kolkata,2020-04-17,21.85,45.57,7.8,0.34,7.69,39.34,62.0,Satisfactory
Kolkata,2020-04-18,18.37,39.71,8.91,0.36,8.1,32.05,48.0,Good
Kolkata,2020-04-19,13.35,31.37,8.77,0.32,8.07,51.59,67.0,Satisfactory
Kolkata,2020-04-20,14.57,30.86,7.56,0.34,6.68,31.48,45.0,Good
Kolkata,2020-04-21,11.81,24.7,12.3,0.34,6.26,41.06,56.0,Satisfactory
Kolkata,2020-04-22,16.18,29.16,10.21,0.34,9.8,39.33,56.0,Satisfactory
Kolkata,2020-04-23,13.48,27.12,9.0,0.32,6.14,25.54,41.0,Good
Kolkata,2020-04-24,10.49,23.68,8.56,0.33,7.5,36.42,44.0,Good
Kolkata,2020-04-25,15.3,29.63,8.68,0.33,7.45,47.67,59.0,Satisfactory
Kolkata,2020-04-26,15.74,27.95,8.54,0.34,6.61,48.65,59.0,Satisfactory
Kolkata,2020-04-27,10.67,36.11,8.2,0.32,5.52,33.34,44.0,Good
Kolkata,2020-04-28,7.71,19.98,9.15,0.34,5.21,29.82,45.0,Good
Kolkata,2020-04-29,16.66,31.0,10.52,0.36,6.04,35.37,51.0,Satisfactory
Kolkata,2020-04-30,13.88,29.3,9.11,0.31,7.42,38.95,54.0,Satisfactory
Kolkata,2020-05-01,10.46,25.57,8.2,0.29,5.88,37.78,51.0,Satisfactory
Kolkata,2020-05-02,16.81,32.46,10.69,0.39,5.57,30.12,49.0,Good
Kolkata,2020-05-03,18.04,32.98,9.23,0.38,5.76,42.05,57.0,Satisfactory
Kolkata,2020-05-04,22.15,42.76,9.69,0.38,5.25,32.76,50.0,Good
Kolkata,2020-05-05,17.49,35.85,8.59,0.34,5.75,33.08,50.0,Good
Kolkata,2020-05-06,12.66,27.77,10.21,0.36,6.73,42.34,61.0,Satisfactory
Kolkata,2020-05-07,16.77,34.69,9.68,0.32,5.95,41.97,59.0,Satisfactory
Kolkata,2020-05-08,16.16,32.48,8.03,0.34,6.29,51.29,64.0,Satisfactory
Kolkata,2020-05-09,21.76,44.67,8.27,0.36,5.5,48.86,73.0,Satisfactory
Kolkata,2020-05-10,19.3,42.14,6.6,0.34,5.4,41.11,63.0,Satisfactory
Kolkata,2020-05-11,19.21,41.4,8.78,0.38,6.44,60.31,75.0,Satisfactory
Kolkata,2020-05-12,29.09,59.6,9.97,0.38,10.2,63.85,97.0,Satisfactory
Kolkata,2020-05-13,24.23,53.11,6.96,0.29,8.82,38.78,71.0,Satisfactory
Kolkata,2020-05-14,16.61,41.75,5.56,0.26,5.95,27.15,52.0,Satisfactory
Kolkata,2020-05-15,12.3,31.18,5.35,0.27,5.58,23.89,44.0,Good
Kolkata,2020-05-16,11.23,30.52,5.27,0.27,5.08,25.59,44.0,Good
Kolkata,2020-05-17,10.61,31.76,5.42,0.28,5.26,26.23,50.0,Good
Kolkata,2020-05-18,12.93,33.06,5.99,0.28,4.03,17.99,38.0,Good
Kolkata,2020-05-19,8.32,22.93,5.94,0.28,3.71,17.86,32.0,Good
Kolkata,2020-05-20,10.3,23.54,6.05,0.26,4.79,31.72,39.0,Good
Kolkata,2020-05-21,7.3,32.25,6.66,0.36,4.39,24.14,37.0,Good
Kolkata,2020-05-22,17.4,38.11,6.8,0.36,4.44,26.47,47.0,Good
Kolkata,2020-05-23,21.78,55.17,5.53,0.34,3.9,27.39,50.0,Good
Kolkata,2020-05-24,18.89,49.54,5.08,0.35,5.09,27.68,49.0,Good
Kolkata,2020-05-25,16.54,51.67,5.14,0.34,5.28,25.14,48.0,Good
Kolkata,2020-05-26,15.14,47.74,5.53,0.34,6.54,21.19,46.0,Good
Kolkata,2020-05-27,13.81,39.88,6.09,0.33,5.8,22.34,43.0,Good
Kolkata,2020-05-28,15.07,31.97,10.72,0.41,5.29,31.07,47.0,Good
Kolkata,2020-05-29,17.5,38.8,8.17,0.36,5.79,34.45,55.0,Satisfactory
Kolkata,2020-05-30,15.02,37.46,6.76,0.33,4.99,30.64,52.0,Satisfactory
Kolkata,2020-05-31,14.29,32.47,7.76,0.37,5.52,35.27,55.0,Satisfactory
Kolkata,2020-06-01,12.65,32.89,9.78,0.34,6.54,28.56,45.0,Good
Kolkata,2020-06-02,12.76,34.52,10.59,0.34,7.45,33.19,51.0,Satisfactory
Kolkata,2020-06-03,14.58,33.88,12.35,0.35,8.73,40.32,63.0,Satisfactory
Kolkata,2020-06-04,16.0,36.33,7.42,0.33,7.57,28.36,52.0,Satisfactory
Kolkata,2020-06-05,11.25,28.39,7.44,0.32,6.83,30.31,46.0,Good
Kolkata,2020-06-06,16.85,41.15,14.22,0.36,6.88,40.43,59.0,Satisfactory
Kolkata,2020-06-07,24.22,48.4,10.9,0.39,6.07,40.49,67.0,Satisfactory
Kolkata,2020-06-08,23.13,43.41,14.77,0.43,9.67,31.1,59.0,Satisfactory
Kolkata,2020-06-09,19.63,43.1,9.72,0.35,16.76,26.42,54.0,Satisfactory
Kolkata,2020-06-10,14.39,35.54,9.41,0.35,5.5,20.74,40.0,Good
Kolkata,2020-06-11,6.99,21.41,9.52,0.37,4.65,18.87,32.0,Good
Kolkata,2020-06-12,8.7,22.11,11.15,0.37,5.05,21.71,38.0,Good
Kolkata,2020-06-13,8.96,25.88,9.69,0.38,4.69,20.87,38.0,Good
Kolkata,2020-06-14,9.93,25.89,8.63,0.36,4.56,17.17,32.0,Good
Kolkata,2020-06-15,11.99,31.75,10.35,0.37,4.65,19.79,34.0,Good
Kolkata,2020-06-16,9.9,27.05,10.69,0.36,5.44,24.17,47.0,Good
Kolkata,2020-06-17,14.57,41.37,12.68,0.39,5.29,21.46,50.0,Good
Kolkata,2020-06-18,15.18,39.77,11.92,0.37,5.71,24.53,47.0,Good
Kolkata,2020-06-19,18.5,46.04,11.68,0.39,5.75,26.06,50.0,Good
Kolkata,2020-06-20,11.11,34.98,8.06,0.34,5.45,18.8,45.0,Good
Kolkata,2020-06-21,9.3,27.62,7.36,0.35,5.75,25.04,37.0,Good
Kolkata,2020-06-22,13.7,36.69,9.13,0.36,5.45,27.12,42.0,Good
Kolkata,2020-06-23,15.9,43.17,9.47,0.37,4.63,21.69,45.0,Good
Kolkata,2020-06-24,16.98,50.87,9.37,0.35,5.9,23.51,52.0,Satisfactory
Kolkata,2020-06-25,15.53,43.63,6.83,0.32,7.69,20.39,52.0,Satisfactory
Kolkata,2020-06-26,9.59,28.44,7.91,0.34,8.2,22.66,42.0,Good
Kolkata,2020-06-27,7.89,24.73,9.25,0.35,5.73,23.14,37.0,Good
Kolkata,2020-06-28,10.58,25.56,12.63,0.38,5.92,27.76,43.0,Good
Kolkata,2020-06-29,14.53,32.4,15.98,0.45,7.01,30.64,48.0,Good
Kolkata,2020-06-30,14.0,35.85,12.29,0.37,5.66,24.59,47.0,Good
Kolkata,2020-07-01,10.53,31.58,10.01,0.3,4.32,15.52,45.0,Good
Mumbai,2018-05-08,18.07,48.8,29.98,1.36,19.58,35.44,82.0,Satisfactory
Mumbai,2018-05-09,18.55,62.07,28.9,1.35,18.59,35.91,84.0,Satisfactory
Mumbai,2018-05-10,22.57,67.03,23.46,1.3,21.3,37.26,77.0,Satisfactory
Mumbai,2018-05-11,23.57,71.8,25.71,1.26,24.83,36.59,73.0,Satisfactory
Mumbai,2018-05-12,31.18,91.26,20.17,1.23,25.71,33.41,86.0,Satisfactory
Mumbai,2018-05-13,24.22,79.1,30.02,1.36,21.32,39.09,90.0,Satisfactory
Mumbai,2018-05-14,21.81,44.13,18.5,1.25,22.25,36.71,70.0,Satisfactory
Mumbai,2018-05-15,14.93,52.51,18.23,1.22,20.01,35.06,64.0,Satisfactory
Mumbai,2018-05-16,17.86,45.85,20.33,1.21,20.6,30.81,64.0,Satisfactory
Mumbai,2018-05-17,24.73,74.2,18.24,1.25,15.89,40.12,66.0,Satisfactory
Mumbai,2018-05-18,24.09,72.98,28.27,1.27,20.46,39.23,85.0,Satisfactory
Mumbai,2018-05-19,23.97,88.35,23.79,1.32,24.61,34.83,83.0,Satisfactory
Mumbai,2018-05-20,20.7,81.14,21.97,1.34,22.61,45.24,90.0,Satisfactory
Mumbai,2018-05-21,19.01,79.33,19.69,1.27,24.7,43.26,76.0,Satisfactory
Mumbai,2018-05-22,21.85,89.75,25.23,1.32,22.67,44.85,90.0,Satisfactory
Mumbai,2018-05-23,24.32,93.09,15.9,1.31,23.83,53.32,81.0,Satisfactory
Mumbai,2018-06-18,10.87,31.4,20.73,1.45,24.73,30.8,125.0,Moderate
Mumbai,2018-06-19,15.87,43.53,27.43,1.4,20.43,35.72,88.0,Satisfactory
Mumbai,2018-06-20,25.71,97.45,19.74,1.42,19.86,39.04,82.0,Satisfactory
Mumbai,2018-06-21,22.86,82.67,9.35,1.15,17.32,40.96,71.0,Satisfactory
Mumbai,2018-06-22,18.09,70.66,8.0,1.19,18.99,44.93,75.0,Satisfactory
Mumbai,2018-06-23,17.52,61.23,22.69,1.45,20.7,35.33,89.0,Satisfactory
Mumbai,2018-06-24,10.53,41.27,21.7,1.35,19.23,38.32,91.0,Satisfactory
Mumbai,2018-06-25,13.38,55.71,9.81,1.19,18.61,48.68,77.0,Satisfactory
Mumbai,2018-06-26,22.06,75.33,7.29,1.17,18.95,33.79,68.0,Satisfactory
Mumbai,2018-06-27,18.54,71.0,14.83,1.21,19.25,34.73,72.0,Satisfactory
Mumbai,2018-06-28,19.38,56.8,29.81,1.4,19.79,31.45,80.0,Satisfactory
Mumbai,2018-06-29,18.39,67.13,23.55,1.72,20.16,34.69,109.0,Moderate
Mumbai,2018-06-30,16.59,66.72,20.94,1.49,16.63,28.51,78.0,Satisfactory
Mumbai,2018-07-01,13.0,48.23,21.22,1.49,19.4,22.08,88.0,Satisfactory
Mumbai,2018-07-02,13.78,48.89,22.09,1.37,15.46,22.38,77.0,Satisfactory
Mumbai,2018-07-03,18.5,65.24,25.39,1.49,18.02,26.45,89.0,Satisfactory
Mumbai,2018-07-04,14.71,52.86,13.29,1.17,15.13,29.09,75.0,Satisfactory
Mumbai,2018-07-05,14.11,73.45,13.32,1.19,13.5,27.65,68.0,Satisfactory
Mumbai,2018-07-06,14.53,70.33,15.53,1.17,12.65,26.26,72.0,Satisfactory
Mumbai,2018-07-07,12.84,56.35,22.11,1.27,12.79,28.19,73.0,Satisfactory
Mumbai,2018-07-11,18.15,71.77,16.33,1.17,14.69,27.8,67.0,Satisfactory
Mumbai,2018-07-12,15.31,69.04,16.32,1.16,12.03,24.34,68.0,Satisfactory
Mumbai,2018-07-13,14.72,82.21,17.39,1.23,11.33,25.82,72.0,Satisfactory
Mumbai,2018-07-14,19.26,93.35,16.22,1.2,11.48,26.07,84.0,Satisfactory
Mumbai,2018-07-15,13.43,89.58,15.37,1.16,11.5,33.28,60.0,Satisfactory
Mumbai,2018-07-16,15.67,77.37,16.43,1.17,11.43,30.01,69.0,Satisfactory
Mumbai,2018-07-17,16.43,72.12,16.38,1.22,11.99,28.73,80.0,Satisfactory
Mumbai,2018-07-18,23.32,60.58,17.66,1.25,11.67,25.99,70.0,Satisfactory
Mumbai,2018-07-19,46.76,73.6,14.7,1.2,9.71,24.56,82.0,Satisfactory
Mumbai,2018-07-20,16.52,67.74,18.31,1.24,11.57,27.49,70.0,Satisfactory
Mumbai,2018-07-21,15.0,65.59,16.98,1.04,12.14,29.34,66.0,Satisfactory
Mumbai,2018-07-22,15.37,58.9,16.35,1.02,11.8,24.89,62.0,Satisfactory
Mumbai,2018-07-23,14.24,56.91,17.29,1.07,11.66,26.77,63.0,Satisfactory
Mumbai,2018-07-24,15.24,53.79,16.18,1.1,13.08,18.72,61.0,Satisfactory
Mumbai,2018-07-25,16.28,54.45,14.54,1.05,12.86,22.01,61.0,Satisfactory
Mumbai,2018-07-26,15.88,62.28,13.72,1.15,12.88,21.87,60.0,Satisfactory
Mumbai,2018-07-27,13.23,52.16,12.4,1.14,12.25,22.52,63.0,Satisfactory
Mumbai,2018-07-28,14.11,53.33,12.74,1.14,13.07,22.15,62.0,Satisfactory
Mumbai,2018-07-29,13.39,52.3,13.83,1.05,14.99,21.91,62.0,Satisfactory
Mumbai,2018-07-30,15.45,50.4,11.65,1.15,12.34,21.34,64.0,Satisfactory
Mumbai,2018-07-31,16.22,61.49,15.83,1.23,9.29,24.03,44.0,Good
Mumbai,2018-08-01,14.71,65.57,15.46,1.16,10.08,23.69,64.0,Satisfactory
Mumbai,2018-08-02,14.87,56.31,32.71,1.2,20.19,33.07,84.0,Satisfactory
Mumbai,2018-08-03,17.72,48.66,48.29,1.18,24.59,18.65,75.0,Satisfactory
Mumbai,2018-08-04,10.36,44.69,20.48,1.19,10.93,28.24,65.0,Satisfactory
Mumbai,2018-08-05,9.21,41.44,22.23,1.17,15.38,27.3,64.0,Satisfactory
Mumbai,2018-08-06,11.21,43.37,14.63,1.2,12.42,27.19,66.0,Satisfactory
Mumbai,2018-08-07,12.65,51.97,20.24,1.21,9.22,28.15,66.0,Satisfactory
Mumbai,2018-08-08,13.33,54.43,20.09,1.2,9.64,26.99,67.0,Satisfactory
Mumbai,2018-08-09,11.61,46.49,31.78,1.21,12.06,32.95,67.0,Satisfactory
Mumbai,2018-08-10,12.59,48.67,20.2,1.22,10.6,35.23,69.0,Satisfactory
Mumbai,2018-08-11,11.7,40.69,21.17,1.24,11.08,39.1,67.0,Satisfactory
Mumbai,2018-08-12,9.7,42.34,20.86,1.22,11.92,38.31,67.0,Satisfactory
Mumbai,2018-08-13,12.94,45.15,17.76,1.14,9.21,37.65,68.0,Satisfactory
Mumbai,2018-08-14,80.13,64.24,20.85,0.91,11.77,39.5,107.0,Moderate
Mumbai,2018-08-15,26.83,90.14,22.03,1.12,14.45,44.31,93.0,Satisfactory
Mumbai,2018-08-16,26.49,91.07,22.23,1.1,11.49,41.44,90.0,Satisfactory
Mumbai,2018-08-17,23.72,74.6,21.08,1.09,11.53,41.28,83.0,Satisfactory
Mumbai,2018-08-18,24.15,73.99,23.64,1.06,14.13,41.67,74.0,Satisfactory
Mumbai,2018-08-19,22.94,84.4,19.22,1.02,11.74,44.15,76.0,Satisfactory
Mumbai,2018-08-20,26.68,75.24,20.96,0.99,11.84,37.31,81.0,Satisfactory
Mumbai,2018-08-21,30.76,69.36,24.6,1.02,13.7,46.32,95.0,Satisfactory
Mumbai,2018-08-22,25.47,61.36,22.08,1.03,15.21,47.18,64.0,Satisfactory
Mumbai,2018-08-23,23.11,62.32,26.84,1.01,15.22,45.22,65.0,Satisfactory
Mumbai,2018-08-24,18.94,53.7,26.94,1.18,12.06,48.58,65.0,Satisfactory
Mumbai,2018-08-25,25.28,55.95,26.13,1.33,14.85,49.66,70.0,Satisfactory
Mumbai,2018-08-26,23.62,54.02,24.89,1.36,14.8,55.14,72.0,Satisfactory
Mumbai,2018-08-27,26.46,65.51,30.42,1.44,14.13,49.99,77.0,Satisfactory
Mumbai,2018-08-28,30.97,75.3,33.37,1.39,9.51,54.83,100.0,Satisfactory
Mumbai,2018-08-29,28.58,70.91,32.46,1.31,7.65,45.71,77.0,Satisfactory
Mumbai,2018-08-30,26.49,67.74,31.34,1.29,11.08,47.01,71.0,Satisfactory
Mumbai,2018-08-31,25.69,61.92,29.3,1.31,11.4,48.2,70.0,Satisfactory
Mumbai,2018-09-01,28.24,71.66,27.72,1.31,13.66,44.98,71.0,Satisfactory
Mumbai,2018-09-02,24.03,56.21,25.98,1.32,12.45,47.94,70.0,Satisfactory
Mumbai,2018-09-03,26.35,57.69,23.5,1.31,15.45,49.4,69.0,Satisfactory
Mumbai,2018-09-04,23.49,54.7,20.7,1.31,14.73,42.47,70.0,Satisfactory
Mumbai,2018-09-05,22.67,56.3,24.62,1.23,14.35,46.98,68.0,Satisfactory
Mumbai,2018-09-06,25.5,60.73,26.53,0.98,13.51,43.64,60.0,Satisfactory
Mumbai,2018-09-07,27.31,67.46,31.49,0.97,15.23,39.31,65.0,Satisfactory
Mumbai,2018-09-08,26.77,64.56,30.32,0.99,15.65,42.69,67.0,Satisfactory
Mumbai,2018-09-09,24.28,67.13,31.12,1.1,16.27,39.83,70.0,Satisfactory
Mumbai,2018-09-10,21.84,63.71,26.24,1.27,12.41,24.91,84.0,Satisfactory
Mumbai,2018-09-11,26.76,72.02,23.19,1.55,13.9,22.46,106.0,Moderate
Mumbai,2018-09-12,21.64,53.58,21.46,1.41,11.85,23.67,89.0,Satisfactory
Mumbai,2018-09-13,19.28,48.32,21.2,1.44,17.7,25.68,82.0,Satisfactory
Mumbai,2018-09-14,23.52,57.14,22.87,1.57,18.26,27.03,89.0,Satisfactory
Mumbai,2018-09-15,22.09,67.31,24.76,1.77,17.79,30.62,102.0,Moderate
Mumbai,2018-09-16,25.6,76.8,25.68,1.77,16.75,33.62,103.0,Moderate
Mumbai,2018-09-17,20.37,68.0,21.88,1.62,13.13,30.21,93.0,Satisfactory
Mumbai,2018-09-18,25.51,78.16,22.65,1.58,10.78,30.93,93.0,Satisfactory
Mumbai,2018-09-19,17.68,55.13,23.5,1.39,10.29,28.35,78.0,Satisfactory
Mumbai,2018-09-20,25.44,91.8,26.19,1.7,11.93,37.93,100.0,Satisfactory
Mumbai,2018-09-21,42.73,114.46,28.18,1.92,14.14,43.7,113.0,Moderate
Mumbai,2018-09-22,31.22,59.71,21.98,1.35,17.08,49.13,80.0,Satisfactory
Mumbai,2018-09-23,35.95,66.06,25.3,1.5,18.69,45.84,82.0,Satisfactory
Mumbai,2018-09-24,33.06,70.44,23.98,1.6,14.82,46.51,104.0,Moderate
Mumbai,2018-09-25,33.86,77.88,25.06,1.55,14.14,36.72,92.0,Satisfactory
Mumbai,2018-09-26,32.52,71.2,29.12,1.57,15.17,38.59,91.0,Satisfactory
Mumbai,2018-09-27,37.21,76.15,33.05,1.58,13.64,49.45,90.0,Satisfactory
Mumbai,2018-09-28,44.86,107.68,37.4,2.0,15.19,50.39,108.0,Moderate
Mumbai,2018-09-29,44.05,112.39,31.84,1.94,17.12,47.98,106.0,Moderate
Mumbai,2018-09-30,54.77,141.2,32.42,2.32,20.79,55.94,122.0,Moderate
Mumbai,2018-10-01,49.35,130.79,31.92,2.21,16.35,46.39,128.0,Moderate
Mumbai,2018-10-02,49.52,116.69,36.92,2.0,15.18,49.69,111.0,Moderate
Mumbai,2018-10-03,50.87,122.42,34.0,1.95,15.28,60.44,122.0,Moderate
Mumbai,2018-10-04,43.4,99.57,29.79,2.09,18.74,47.73,110.0,Moderate
Mumbai,2018-10-05,42.12,103.91,29.9,2.14,15.77,41.95,106.0,Moderate
Mumbai,2018-10-06,48.16,122.98,29.55,2.13,16.84,41.35,117.0,Moderate
Mumbai,2018-10-07,54.76,118.68,31.68,1.89,22.58,52.25,112.0,Moderate
Mumbai,2018-10-08,48.6,106.14,31.1,1.76,20.49,64.18,109.0,Moderate
Mumbai,2018-10-09,45.06,100.44,24.85,1.75,20.02,66.08,103.0,Moderate
Mumbai,2018-10-10,42.82,100.02,27.69,1.69,18.62,59.75,104.0,Moderate
Mumbai,2018-10-11,34.35,89.58,21.34,1.66,16.7,66.49,100.0,Satisfactory
Mumbai,2018-10-12,44.57,118.82,31.55,1.76,17.23,65.46,105.0,Moderate
Mumbai,2018-10-13,54.92,167.05,28.09,1.91,17.81,74.19,136.0,Moderate
Mumbai,2018-10-14,48.18,166.65,30.08,2.18,18.99,49.91,149.0,Moderate
Mumbai,2018-10-15,49.42,153.48,32.3,2.34,20.27,51.95,135.0,Moderate
Mumbai,2018-10-16,54.25,158.76,33.31,2.41,20.25,52.22,142.0,Moderate
Mumbai,2018-10-17,46.14,129.95,31.55,1.96,18.33,52.39,130.0,Moderate
Mumbai,2018-10-18,26.07,71.72,29.06,1.7,19.8,58.18,132.0,Moderate
Mumbai,2018-10-19,49.65,137.14,24.75,1.54,25.03,71.31,150.0,Moderate
Mumbai,2018-10-24,45.04,153.14,19.69,2.38,20.83,25.53,123.0,Moderate
Mumbai,2018-10-25,52.53,166.96,19.54,2.59,21.41,26.01,146.0,Moderate
Mumbai,2018-10-26,39.38,115.93,19.51,1.93,19.11,24.46,118.0,Moderate
Mumbai,2018-10-27,54.0,172.6,21.46,2.65,21.75,27.42,136.0,Moderate
Mumbai,2018-10-30,36.32,109.1,36.88,1.87,18.0,32.52,110.0,Moderate
Mumbai,2018-10-31,41.76,111.56,38.88,1.95,16.61,37.97,106.0,Moderate
Mumbai,2018-11-01,49.85,138.28,60.47,2.1,16.34,39.87,141.0,Moderate
Mumbai,2018-11-02,41.8,120.59,58.64,2.02,18.88,44.23,138.0,Moderate
Mumbai,2018-11-03,40.22,100.16,50.71,1.95,14.27,41.95,132.0,Moderate
Mumbai,2018-11-04,37.39,78.33,30.41,1.71,13.1,55.14,100.0,Satisfactory
Mumbai,2018-11-05,34.93,68.37,35.62,1.74,19.92,43.27,102.0,Moderate
Mumbai,2018-11-06,65.23,152.2,41.32,2.14,28.32,47.33,112.0,Moderate
Mumbai,2018-11-07,67.63,164.86,56.95,2.32,28.2,37.62,184.0,Moderate
Mumbai,2018-11-08,130.47,276.46,67.3,2.81,40.57,48.41,299.0,Poor
Mumbai,2018-11-09,93.59,222.33,50.06,2.76,39.24,45.71,195.0,Moderate
Mumbai,2018-11-10,122.18,272.19,39.76,2.92,29.82,64.46,307.0,Very Poor
Mumbai,2018-11-11,63.69,157.26,49.0,2.65,25.82,66.27,179.0,Moderate
Mumbai,2018-11-12,56.06,149.49,44.82,2.59,24.89,58.48,146.0,Moderate
Mumbai,2018-11-13,51.04,133.23,29.43,2.1,24.14,67.98,123.0,Moderate
Mumbai,2018-11-14,48.02,132.29,37.39,2.3,24.71,56.49,132.0,Moderate
Mumbai,2018-11-15,49.79,132.08,49.29,2.33,23.56,64.87,122.0,Moderate
Mumbai,2018-11-16,51.3,136.44,59.6,2.35,21.75,57.12,147.0,Moderate
Mumbai,2018-11-17,56.72,152.93,56.85,2.75,21.46,57.58,150.0,Moderate
Mumbai,2018-11-18,65.09,171.12,42.15,2.83,19.25,79.13,153.0,Moderate
Mumbai,2018-11-24,48.76,141.23,38.64,2.61,21.5,53.93,125.0,Moderate
Mumbai,2018-11-25,51.75,171.43,39.13,2.89,21.99,64.37,145.0,Moderate
Mumbai,2018-11-26,63.19,179.98,38.66,3.07,22.39,61.74,169.0,Moderate
Mumbai,2018-11-27,57.74,161.37,50.01,2.87,18.53,51.25,143.0,Moderate
Mumbai,2018-11-28,55.7,175.73,49.82,2.83,13.92,65.33,149.0,Moderate
Mumbai,2018-11-29,53.71,170.39,39.31,2.85,14.99,65.15,146.0,Moderate
Mumbai,2018-11-30,56.87,175.08,37.29,2.93,17.34,69.6,158.0,Moderate
Mumbai,2018-12-01,62.05,196.83,41.17,3.02,17.4,63.12,154.0,Moderate
Mumbai,2018-12-02,62.82,202.58,36.12,2.21,17.88,71.9,172.0,Moderate
Mumbai,2018-12-03,76.86,215.08,43.27,1.89,16.39,74.46,174.0,Moderate
Mumbai,2018-12-04,65.54,187.09,60.53,2.42,14.82,65.87,168.0,Moderate
Mumbai,2018-12-05,72.91,201.08,68.46,3.26,15.46,75.06,163.0,Moderate
Mumbai,2018-12-06,70.04,170.19,56.0,2.63,13.9,49.86,176.0,Moderate
Mumbai,2018-12-07,54.61,165.03,42.91,2.06,19.62,44.72,140.0,Moderate
Mumbai,2018-12-08,63.47,193.53,46.77,2.34,23.26,50.4,152.0,Moderate
Mumbai,2018-12-09,56.9,169.94,43.94,2.12,22.11,50.29,158.0,Moderate
Mumbai,2018-12-10,51.82,151.5,45.25,1.79,17.96,49.03,137.0,Moderate
Mumbai,2018-12-11,49.73,154.09,65.26,1.91,18.87,43.06,138.0,Moderate
Mumbai,2018-12-12,38.67,121.78,57.01,1.81,19.96,40.93,124.0,Moderate
Mumbai,2018-12-13,50.03,142.34,61.56,1.81,22.04,45.61,117.0,Moderate
Mumbai,2018-12-14,61.98,148.08,50.13,1.81,26.36,35.55,123.0,Moderate
Mumbai,2018-12-15,57.49,159.6,44.05,1.87,29.7,38.71,136.0,Moderate
Mumbai,2018-12-16,56.54,155.32,36.6,1.8,33.29,43.55,146.0,Moderate
Mumbai,2018-12-17,50.82,135.22,37.73,1.7,23.54,43.0,128.0,Moderate
Mumbai,2018-12-18,63.59,165.21,49.72,1.9,21.82,53.08,136.0,Moderate
Mumbai,2018-12-19,66.38,141.73,106.27,1.97,20.37,49.9,174.0,Moderate
Mumbai,2018-12-20,50.75,130.15,70.55,1.74,19.4,42.96,135.0,Moderate
Mumbai,2018-12-21,52.93,143.39,65.68,1.9,17.82,47.82,123.0,Moderate
Mumbai,2018-12-22,74.39,180.07,73.65,2.58,19.18,54.17,160.0,Moderate
Mumbai,2018-12-23,92.96,192.28,63.17,2.65,21.36,53.27,197.0,Moderate
Mumbai,2018-12-24,96.74,221.61,60.1,2.75,17.33,58.67,219.0,Poor
Mumbai,2018-12-25,88.48,203.0,37.83,2.72,22.33,60.08,210.0,Poor
Mumbai,2018-12-26,68.03,137.58,49.5,1.86,18.79,46.46,149.0,Moderate
Mumbai,2018-12-27,67.26,133.78,50.21,1.81,22.18,33.39,119.0,Moderate
Mumbai,2018-12-28,69.88,152.97,52.64,2.03,26.15,37.61,130.0,Moderate
Mumbai,2018-12-29,65.85,137.97,69.41,2.05,26.23,37.22,143.0,Moderate
Mumbai,2018-12-30,81.14,159.39,66.55,2.11,38.07,35.39,154.0,Moderate
Mumbai,2018-12-31,81.34,185.04,90.08,2.57,27.19,38.87,188.0,Moderate
Mumbai,2019-01-01,79.78,221.85,66.11,2.75,21.88,45.29,181.0,Moderate
Mumbai,2019-01-02,80.41,232.04,64.04,3.14,26.7,53.3,175.0,Moderate
Mumbai,2019-01-03,103.76,295.76,58.71,3.65,25.44,68.37,239.0,Poor
Mumbai,2019-01-04,84.61,250.62,59.75,3.5,23.0,68.82,221.0,Poor
Mumbai,2019-01-05,75.92,216.49,64.59,2.76,24.93,63.06,180.0,Moderate
Mumbai,2019-01-06,81.14,233.06,60.0,2.76,21.49,62.05,183.0,Moderate
Mumbai,2019-01-07,52.78,164.07,67.79,2.18,22.27,48.85,156.0,Moderate
Mumbai,2019-01-08,57.44,177.25,56.98,2.75,32.25,67.66,156.0,Moderate
Mumbai,2019-01-09,71.68,199.89,48.59,2.49,21.75,85.19,150.0,Moderate
Mumbai,2019-01-10,84.32,250.65,50.68,3.01,18.86,69.71,199.0,Moderate
Mumbai,2019-01-11,85.51,240.04,47.07,3.32,32.67,71.31,201.0,Poor
Mumbai,2019-01-12,76.86,237.89,49.1,2.76,34.55,78.82,187.0,Moderate
Mumbai,2019-01-13,75.79,235.95,35.42,3.11,30.85,76.64,197.0,Moderate
Mumbai,2019-01-14,66.32,191.3,44.04,2.37,25.59,72.08,163.0,Moderate
Mumbai,2019-01-15,68.1,188.89,50.99,2.53,28.78,72.52,162.0,Moderate
Mumbai,2019-01-16,69.37,194.79,48.31,2.56,27.31,65.72,162.0,Moderate
Mumbai,2019-01-17,83.31,245.52,48.1,3.25,27.92,32.31,184.0,Moderate
Mumbai,2019-01-18,84.99,231.12,52.87,2.99,26.39,32.51,200.0,Moderate
Mumbai,2019-01-19,82.07,254.54,50.15,3.3,35.06,29.55,190.0,Moderate
Mumbai,2019-01-20,93.45,285.55,26.93,3.34,35.52,33.76,234.0,Poor
Mumbai,2019-01-21,51.0,132.19,17.6,2.1,28.3,20.34,160.0,Moderate
Mumbai,2019-01-22,34.26,109.43,35.26,1.94,22.76,25.59,114.0,Moderate
Mumbai,2019-01-23,26.04,113.83,41.97,1.65,21.92,29.55,100.0,Satisfactory
Mumbai,2019-01-24,53.38,150.95,70.2,1.78,18.37,37.42,125.0,Moderate
Mumbai,2019-01-25,47.4,135.35,79.41,1.83,12.39,52.07,133.0,Moderate
Mumbai,2019-01-26,38.28,122.56,72.66,1.84,12.89,54.64,131.0,Moderate
Mumbai,2019-01-27,36.88,117.84,68.41,1.79,10.85,34.26,117.0,Moderate
Mumbai,2019-01-28,46.01,121.37,13.44,2.29,12.57,35.58,112.0,Moderate
Mumbai,2019-01-29,47.42,125.09,38.05,2.12,14.45,40.56,118.0,Moderate
Mumbai,2019-02-04,66.26,217.26,17.9,3.25,22.36,56.12,201.0,Poor
Mumbai,2019-02-05,65.62,209.61,30.45,2.73,19.76,70.86,164.0,Moderate
Mumbai,2019-02-06,43.34,146.7,23.77,1.88,14.66,65.06,156.0,Moderate
Mumbai,2019-02-07,18.67,94.56,24.61,1.59,12.31,44.44,103.0,Moderate
Mumbai,2019-02-08,52.26,203.43,36.41,1.64,13.66,38.51,132.0,Moderate
Mumbai,2019-02-09,72.35,188.49,34.58,2.0,20.72,32.65,170.0,Moderate
Mumbai,2019-02-10,86.52,222.61,30.53,2.84,26.28,55.92,180.0,Moderate
Mumbai,2019-02-11,101.67,261.7,34.5,3.17,25.97,69.16,213.0,Poor
Mumbai,2019-02-12,94.74,221.18,45.67,3.27,24.49,55.38,225.0,Poor
Mumbai,2019-02-13,78.47,152.16,34.45,2.6,21.96,56.51,190.0,Moderate
Mumbai,2019-02-14,49.64,100.42,32.54,1.91,16.76,56.4,139.0,Moderate
Mumbai,2019-02-15,47.74,119.49,30.95,1.86,15.42,68.09,118.0,Moderate
Mumbai,2019-02-16,52.57,130.57,37.75,2.16,17.91,58.37,125.0,Moderate
Mumbai,2019-02-17,59.84,168.11,34.62,2.37,19.85,90.64,165.0,Moderate
Mumbai,2019-02-18,54.99,136.62,32.21,2.25,19.18,83.46,155.0,Moderate
Mumbai,2019-02-19,49.87,120.19,34.17,2.19,18.32,76.99,143.0,Moderate
Mumbai,2019-02-20,64.73,182.68,28.4,3.0,22.73,101.76,166.0,Moderate
Mumbai,2019-02-21,35.61,84.13,20.68,1.67,17.0,70.35,114.0,Moderate
Mumbai,2019-02-22,38.3,103.84,21.65,1.85,16.77,56.96,105.0,Moderate
Mumbai,2019-02-23,58.39,196.31,32.52,2.51,21.28,78.9,156.0,Moderate
Mumbai,2019-02-24,31.67,126.11,22.27,1.84,18.07,62.79,140.0,Moderate
Mumbai,2019-02-25,35.64,118.0,26.2,1.97,15.66,57.0,119.0,Moderate
Mumbai,2019-02-26,27.8,116.06,24.5,1.69,8.13,45.78,118.0,Moderate
Mumbai,2019-02-27,22.69,109.49,18.29,1.72,7.67,37.63,108.0,Moderate
Mumbai,2019-02-28,49.14,133.69,13.9,1.92,10.0,49.84,106.0,Moderate
Mumbai,2019-03-01,41.12,150.77,38.66,2.35,17.55,70.34,159.0,Moderate
Mumbai,2019-03-02,49.77,203.42,35.35,2.78,15.04,72.01,184.0,Moderate
Mumbai,2019-03-03,15.85,58.71,12.5,1.64,7.53,63.43,114.0,Moderate
Mumbai,2019-03-04,16.82,81.35,7.43,1.64,7.72,73.28,95.0,Satisfactory
Mumbai,2019-03-05,22.15,126.58,5.5,1.54,6.83,76.26,106.0,Moderate
Mumbai,2019-03-06,23.44,92.09,10.1,1.67,7.12,80.67,113.0,Moderate
Mumbai,2019-03-07,25.23,102.94,15.47,1.75,7.22,80.8,113.0,Moderate
Mumbai,2019-03-08,29.13,108.52,17.87,1.83,8.15,81.24,122.0,Moderate
Mumbai,2019-03-09,36.24,132.21,20.05,2.14,10.39,89.05,151.0,Moderate
Mumbai,2019-03-10,30.19,158.13,17.41,1.96,9.84,61.16,142.0,Moderate
Mumbai,2019-03-11,23.72,128.8,9.46,1.67,7.23,46.22,127.0,Moderate
Mumbai,2019-03-12,21.02,92.1,9.01,1.54,6.71,60.52,109.0,Moderate
Mumbai,2019-03-13,23.36,90.2,10.9,1.58,7.4,97.63,142.0,Moderate
Mumbai,2019-03-14,21.54,99.26,14.7,1.63,5.16,68.64,104.0,Moderate
Mumbai,2019-03-15,28.02,113.58,17.95,1.73,4.28,85.43,124.0,Moderate
Mumbai,2019-03-16,39.49,158.64,25.05,2.18,6.0,89.53,153.0,Moderate
Mumbai,2019-03-17,37.52,132.12,20.46,1.93,4.04,87.21,135.0,Moderate
Mumbai,2019-03-18,40.68,145.41,23.59,2.28,5.96,86.68,137.0,Moderate
Mumbai,2019-03-19,35.58,140.87,20.39,2.34,7.17,57.91,140.0,Moderate
Mumbai,2019-03-20,27.08,92.8,10.65,1.8,4.35,65.62,108.0,Moderate
Mumbai,2019-03-21,19.81,79.16,3.53,1.58,3.2,55.06,98.0,Satisfactory
Mumbai,2019-03-22,18.03,65.91,7.2,1.44,3.15,37.28,81.0,Satisfactory
Mumbai,2019-03-23,31.96,115.36,10.21,1.44,3.86,51.37,90.0,Satisfactory
Mumbai,2019-03-25,55.04,206.24,34.94,1.71,4.78,50.36,160.0,Moderate
Mumbai,2019-03-26,40.69,151.14,23.48,1.71,1.22,35.31,147.0,Moderate
Mumbai,2019-03-27,34.51,127.47,10.1,1.6,24.1,29.84,128.0,Moderate
Mumbai,2019-03-28,32.94,105.11,10.48,1.61,42.91,32.64,111.0,Moderate
Mumbai,2019-03-29,29.55,100.84,5.19,1.5,28.83,21.98,98.0,Satisfactory
Mumbai,2019-03-30,24.24,89.43,5.62,1.49,28.87,17.4,101.0,Moderate
Mumbai,2019-03-31,18.43,90.53,5.77,1.46,28.27,14.4,87.0,Satisfactory
Mumbai,2019-04-01,19.8,87.09,2.49,1.43,29.66,13.07,90.0,Satisfactory
Mumbai,2019-04-02,22.9,89.81,18.8,1.7,22.45,43.42,86.0,Satisfactory
Mumbai,2019-04-03,27.35,92.65,29.36,1.79,22.97,35.71,138.0,Moderate
Mumbai,2019-04-04,16.91,66.3,19.55,1.72,22.44,21.67,94.0,Satisfactory
Mumbai,2019-04-05,19.09,60.59,19.43,1.76,22.69,25.83,94.0,Satisfactory
Mumbai,2019-04-06,17.84,66.09,21.09,1.78,22.87,14.0,95.0,Satisfactory
Mumbai,2019-04-07,18.74,71.13,22.34,1.85,23.04,15.02,98.0,Satisfactory
Mumbai,2019-04-08,16.1,59.23,21.77,1.78,23.21,21.22,95.0,Satisfactory
Mumbai,2019-04-09,16.87,60.7,18.49,1.73,23.29,22.29,93.0,Satisfactory
Mumbai,2019-04-10,14.22,52.28,17.8,1.77,23.47,19.22,94.0,Satisfactory
Mumbai,2019-04-11,17.17,64.97,15.32,1.74,22.99,20.81,92.0,Satisfactory
Mumbai,2019-04-12,22.32,76.97,20.93,1.83,23.7,24.64,96.0,Satisfactory
Mumbai,2019-04-13,33.1,114.51,34.12,2.06,25.33,25.95,109.0,Moderate
Mumbai,2019-04-14,22.7,83.82,30.65,1.91,23.82,15.09,108.0,Moderate
Mumbai,2019-04-15,20.7,84.28,28.62,1.88,22.74,35.39,102.0,Moderate
Mumbai,2019-04-16,27.28,106.52,24.92,1.85,19.95,28.41,101.0,Moderate
Mumbai,2019-04-17,13.15,50.12,20.49,1.69,19.47,19.05,93.0,Satisfactory
Mumbai,2019-04-18,21.44,88.17,34.18,1.82,20.13,32.75,96.0,Satisfactory
Mumbai,2019-04-19,21.5,95.76,27.23,1.84,20.07,21.3,99.0,Satisfactory
Mumbai,2019-04-20,22.27,75.24,34.26,1.92,20.16,23.3,102.0,Moderate
Mumbai,2019-04-21,21.17,69.22,23.45,1.89,20.28,14.96,100.0,Satisfactory
Mumbai,2019-04-22,20.98,75.94,27.14,1.86,22.6,24.44,98.0,Satisfactory
Mumbai,2019-04-23,18.09,71.69,22.31,1.84,24.63,32.45,97.0,Satisfactory
Mumbai,2019-04-24,16.24,67.42,14.65,1.77,23.62,34.41,93.0,Satisfactory
Mumbai,2019-04-25,17.48,57.09,15.74,1.76,22.37,31.8,90.0,Satisfactory
Mumbai,2019-04-26,17.19,74.24,18.72,1.79,20.85,27.22,93.0,Satisfactory
Mumbai,2019-04-27,26.23,99.86,24.73,1.94,24.2,22.74,100.0,Satisfactory
Mumbai,2019-04-28,23.77,99.29,27.13,1.88,23.41,16.98,103.0,Moderate
Mumbai,2019-04-29,22.63,88.73,22.3,1.85,23.8,15.57,97.0,Satisfactory
Mumbai,2019-04-30,21.86,85.4,19.2,1.84,24.52,18.42,96.0,Satisfactory
Mumbai,2019-05-01,19.09,89.67,12.89,1.77,23.3,12.82,90.0,Satisfactory
Mumbai,2019-05-02,21.65,114.38,13.17,1.76,22.6,23.08,105.0,Moderate
Mumbai,2019-05-03,17.93,85.82,14.87,1.8,19.09,11.7,97.0,Satisfactory
Mumbai,2019-05-04,16.54,76.05,16.35,1.8,19.29,16.35,92.0,Satisfactory
Mumbai,2019-05-05,14.8,71.97,9.55,1.79,19.68,17.61,91.0,Satisfactory
Mumbai,2019-05-06,15.73,61.85,12.71,1.8,19.8,19.01,93.0,Satisfactory
Mumbai,2019-05-07,13.48,52.14,13.09,1.82,21.62,21.85,95.0,Satisfactory
Mumbai,2019-05-08,12.89,47.56,9.3,1.76,24.67,24.36,90.0,Satisfactory
Mumbai,2019-05-09,10.95,46.73,11.28,1.76,24.3,11.22,91.0,Satisfactory
Mumbai,2019-05-10,12.8,49.69,11.68,1.75,24.35,18.84,89.0,Satisfactory
Mumbai,2019-05-11,12.96,45.38,19.48,1.78,24.31,16.01,93.0,Satisfactory
Mumbai,2019-05-12,14.62,62.45,18.89,1.81,24.16,15.75,94.0,Satisfactory
Mumbai,2019-05-13,18.73,70.93,14.77,1.77,24.34,15.94,92.0,Satisfactory
Mumbai,2019-05-14,15.43,64.72,16.34,1.67,22.41,20.13,92.0,Satisfactory
Mumbai,2019-05-15,15.19,64.91,15.87,1.45,22.61,22.69,80.0,Satisfactory
Mumbai,2019-05-16,16.01,58.49,14.07,1.43,19.58,19.94,76.0,Satisfactory
Mumbai,2019-05-17,15.25,64.12,18.31,1.5,18.85,14.32,79.0,Satisfactory
Mumbai,2019-05-18,16.14,74.72,20.05,1.62,24.56,14.88,92.0,Satisfactory
Mumbai,2019-05-19,12.37,58.55,20.27,1.54,23.69,15.65,83.0,Satisfactory
Mumbai,2019-05-20,12.04,58.33,16.87,1.65,17.63,22.67,84.0,Satisfactory
Mumbai,2019-05-21,14.62,69.48,14.59,1.79,11.05,15.14,92.0,Satisfactory
Mumbai,2019-05-22,11.08,45.31,12.09,1.75,10.84,14.77,89.0,Satisfactory
Mumbai,2019-05-23,25.61,55.67,13.9,1.78,11.83,17.17,93.0,Satisfactory
Mumbai,2019-05-24,16.84,79.74,12.8,1.69,10.96,14.79,90.0,Satisfactory
Mumbai,2019-05-25,14.03,60.49,10.11,1.41,12.41,26.22,75.0,Satisfactory
Mumbai,2019-05-26,17.07,76.72,9.62,1.36,15.93,23.81,71.0,Satisfactory
Mumbai,2019-05-27,18.11,86.81,9.78,1.45,14.91,23.04,86.0,Satisfactory
Mumbai,2019-05-28,16.57,72.77,9.8,1.76,11.23,19.96,90.0,Satisfactory
Mumbai,2019-05-29,14.93,60.16,9.83,1.7,11.33,26.66,91.0,Satisfactory
Mumbai,2019-05-30,12.88,48.56,9.69,1.39,11.02,19.95,73.0,Satisfactory
Mumbai,2019-05-31,13.92,48.68,11.04,1.45,13.74,31.89,76.0,Satisfactory
Mumbai,2019-06-01,12.38,45.97,14.13,1.58,16.05,24.38,81.0,Satisfactory
Mumbai,2019-06-02,12.49,43.71,13.65,1.6,16.32,24.89,81.0,Satisfactory
Mumbai,2019-06-03,16.91,45.9,11.69,1.29,13.11,24.56,81.0,Satisfactory
Mumbai,2019-06-04,14.51,49.54,7.05,0.68,7.54,18.91,66.0,Satisfactory
Mumbai,2019-06-05,16.41,53.63,6.38,0.63,9.08,17.04,64.0,Satisfactory
Mumbai,2019-06-06,12.41,57.2,8.5,0.58,9.9,18.84,65.0,Satisfactory
Mumbai,2019-06-07,12.86,65.7,11.45,0.5,10.37,17.37,72.0,Satisfactory
Mumbai,2019-06-08,14.42,77.47,11.93,0.52,8.74,18.69,77.0,Satisfactory
Mumbai,2019-06-09,16.3,85.38,11.54,0.55,9.59,15.94,86.0,Satisfactory
Mumbai,2019-06-10,18.41,75.69,20.97,0.68,9.76,22.76,87.0,Satisfactory
Mumbai,2019-06-11,18.13,50.39,28.04,0.7,9.34,30.22,90.0,Satisfactory
Mumbai,2019-06-12,15.48,46.88,19.26,0.63,9.46,20.67,71.0,Satisfactory
Mumbai,2019-06-13,13.64,57.28,15.52,0.53,8.57,21.85,61.0,Satisfactory
Mumbai,2019-06-14,15.87,56.1,13.6,0.53,9.5,13.58,69.0,Satisfactory
Mumbai,2019-06-15,13.97,48.22,14.4,0.51,10.38,12.83,62.0,Satisfactory
Mumbai,2019-06-16,11.64,55.6,9.91,0.33,9.73,14.62,58.0,Satisfactory
Mumbai,2019-06-17,12.33,59.29,9.55,0.44,10.37,14.3,60.0,Satisfactory
Mumbai,2019-06-18,14.3,52.99,11.91,0.51,10.39,14.79,65.0,Satisfactory
Mumbai,2019-06-19,14.45,56.82,13.23,0.53,10.8,12.38,61.0,Satisfactory
Mumbai,2019-06-20,15.98,82.29,11.25,0.48,10.9,13.0,80.0,Satisfactory
Mumbai,2019-06-21,16.49,78.83,11.72,0.46,11.22,12.15,82.0,Satisfactory
Mumbai,2019-06-22,19.33,88.55,13.33,0.46,11.19,13.26,84.0,Satisfactory
Mumbai,2019-06-23,18.81,88.85,13.27,0.43,11.77,13.74,90.0,Satisfactory
Mumbai,2019-06-24,20.36,80.85,15.53,0.54,12.04,13.16,92.0,Satisfactory
Mumbai,2019-06-25,17.72,53.76,14.17,0.52,11.48,14.9,71.0,Satisfactory
Mumbai,2019-06-26,15.04,49.61,13.16,0.47,11.63,13.43,63.0,Satisfactory
Mumbai,2019-06-27,10.52,31.79,14.18,0.51,10.94,13.41,60.0,Satisfactory
Mumbai,2019-06-28,7.2,31.49,11.4,0.44,9.39,16.47,59.0,Satisfactory
Mumbai,2019-06-29,10.31,34.34,15.26,0.49,9.21,19.59,63.0,Satisfactory
Mumbai,2019-06-30,11.91,39.11,15.23,0.53,9.42,14.72,59.0,Satisfactory
Mumbai,2019-07-01,8.73,24.69,17.34,0.55,11.08,17.01,59.0,Satisfactory
Mumbai,2019-07-02,9.86,21.58,19.56,0.59,12.53,14.59,61.0,Satisfactory
Mumbai,2019-07-03,13.44,31.61,17.27,0.62,13.27,12.88,67.0,Satisfactory
Mumbai,2019-07-04,16.28,43.96,14.32,0.72,12.93,12.16,68.0,Satisfactory
Mumbai,2019-07-05,13.97,53.1,13.72,0.57,12.61,12.64,84.0,Satisfactory
Mumbai,2019-07-06,10.48,46.43,11.91,0.42,11.13,14.05,57.0,Satisfactory
Mumbai,2019-07-07,17.65,82.39,9.3,0.42,11.35,15.25,76.0,Satisfactory
Mumbai,2019-07-08,9.78,54.07,12.64,0.44,11.47,14.2,84.0,Satisfactory
Mumbai,2019-07-09,10.49,45.85,10.51,0.41,10.75,14.75,61.0,Satisfactory
Mumbai,2019-07-10,8.69,28.14,12.99,0.47,9.36,12.85,59.0,Satisfactory
Mumbai,2019-07-11,11.0,49.5,10.58,0.41,7.28,12.22,67.0,Satisfactory
Mumbai,2019-07-12,11.6,48.04,11.89,0.44,7.21,13.87,72.0,Satisfactory
Mumbai,2019-07-13,11.06,44.93,11.47,0.44,7.38,11.65,63.0,Satisfactory
Mumbai,2019-07-14,9.18,43.54,9.99,0.44,8.0,13.45,65.0,Satisfactory
Mumbai,2019-07-15,10.76,57.0,9.99,0.43,8.18,13.18,66.0,Satisfactory
Mumbai,2019-07-16,11.46,51.18,9.44,0.45,8.32,11.87,66.0,Satisfactory
Mumbai,2019-07-17,14.55,59.21,9.47,0.49,8.6,12.26,69.0,Satisfactory
Mumbai,2019-07-18,14.07,62.65,11.3,0.46,9.19,12.41,70.0,Satisfactory
Mumbai,2019-07-19,18.79,78.75,13.24,0.51,10.0,12.25,77.0,Satisfactory
Mumbai,2019-07-20,18.67,57.53,16.96,0.62,9.35,12.88,78.0,Satisfactory
Mumbai,2019-07-21,22.6,48.5,19.66,0.71,9.54,16.46,79.0,Satisfactory
Mumbai,2019-07-22,11.58,32.14,16.13,0.55,8.73,17.35,64.0,Satisfactory
Mumbai,2019-07-23,7.33,25.93,15.21,0.4,8.17,15.68,55.0,Satisfactory
Mumbai,2019-07-24,7.93,22.05,13.77,0.28,7.67,15.25,51.0,Satisfactory
Mumbai,2019-07-25,14.23,42.48,13.12,0.31,8.02,14.15,56.0,Satisfactory
Mumbai,2019-07-26,11.83,41.53,10.47,0.27,8.06,14.63,59.0,Satisfactory
Mumbai,2019-07-27,11.84,43.68,10.49,0.43,7.62,17.47,56.0,Satisfactory
Mumbai,2019-07-28,14.16,53.66,9.9,0.46,8.41,16.94,61.0,Satisfactory
Mumbai,2019-07-29,12.93,47.19,10.8,0.51,8.57,13.16,65.0,Satisfactory
Mumbai,2019-07-30,10.37,32.95,12.72,0.46,7.7,15.39,58.0,Satisfactory
Mumbai,2019-07-31,9.25,33.22,11.75,0.46,7.75,14.5,56.0,Satisfactory
Mumbai,2019-08-01,9.44,38.95,10.59,0.43,7.93,14.61,58.0,Satisfactory
Mumbai,2019-08-02,7.97,29.55,9.89,0.4,8.6,13.84,56.0,Satisfactory
Mumbai,2019-08-03,8.06,23.05,8.7,0.39,10.29,13.76,49.0,Good
Mumbai,2019-08-04,10.3,35.88,7.87,0.4,10.12,13.98,48.0,Good
Mumbai,2019-08-05,11.9,41.42,9.02,0.42,10.04,12.85,56.0,Satisfactory
Mumbai,2019-08-06,10.6,41.04,9.73,0.44,9.83,11.1,59.0,Satisfactory
Mumbai,2019-08-07,12.73,51.39,9.14,0.43,9.37,12.52,60.0,Satisfactory
Mumbai,2019-08-08,18.67,72.32,9.7,0.44,9.46,12.52,69.0,Satisfactory
Mumbai,2019-08-09,18.48,66.95,8.54,0.43,9.26,11.43,74.0,Satisfactory
Mumbai,2019-08-10,18.71,76.53,7.54,0.41,9.13,12.07,78.0,Satisfactory
Mumbai,2019-08-11,15.56,62.75,7.74,0.43,8.71,12.19,72.0,Satisfactory
Mumbai,2019-08-12,12.73,56.76,7.92,0.45,7.44,11.54,66.0,Satisfactory
Mumbai,2019-08-13,13.07,52.56,10.19,0.54,8.19,9.89,66.0,Satisfactory
Mumbai,2019-08-14,15.06,61.4,12.45,0.57,8.64,10.8,69.0,Satisfactory
Mumbai,2019-08-15,11.75,47.84,10.33,0.53,9.53,12.32,70.0,Satisfactory
Mumbai,2019-08-16,11.89,51.78,9.91,0.52,9.55,12.81,60.0,Satisfactory
Mumbai,2019-08-17,13.3,64.05,9.24,0.52,7.74,13.62,67.0,Satisfactory
Mumbai,2019-08-18,11.37,52.68,8.69,0.55,7.38,11.22,65.0,Satisfactory
Mumbai,2019-08-19,11.44,53.12,9.8,0.54,8.07,10.44,67.0,Satisfactory
Mumbai,2019-08-20,13.78,63.94,11.11,0.51,8.9,10.72,73.0,Satisfactory
Mumbai,2019-08-21,15.77,53.39,11.06,0.52,8.59,11.15,68.0,Satisfactory
Mumbai,2019-08-22,12.96,53.14,10.74,0.55,9.01,10.33,62.0,Satisfactory
Mumbai,2019-08-23,16.01,52.92,11.58,0.6,9.56,9.38,64.0,Satisfactory
Mumbai,2019-08-24,18.56,49.36,10.06,0.58,9.6,11.89,62.0,Satisfactory
Mumbai,2019-08-25,12.37,47.31,11.86,0.69,11.14,8.11,66.0,Satisfactory
Mumbai,2019-08-26,14.76,59.08,11.3,0.64,12.3,8.62,73.0,Satisfactory
Mumbai,2019-08-27,13.53,55.06,10.38,0.35,11.97,10.51,64.0,Satisfactory
Mumbai,2019-08-28,12.75,45.0,9.91,0.46,11.47,9.27,53.0,Satisfactory
Mumbai,2019-08-29,13.24,46.32,10.03,0.66,11.13,8.93,57.0,Satisfactory
Mumbai,2019-08-30,11.17,39.63,10.86,0.67,10.95,7.12,62.0,Satisfactory
Mumbai,2019-08-31,11.53,42.24,11.28,0.63,11.18,8.93,62.0,Satisfactory
Mumbai,2019-09-01,9.75,32.99,10.74,0.65,11.02,10.84,62.0,Satisfactory
Mumbai,2019-09-02,12.12,41.22,9.33,0.71,10.89,8.56,67.0,Satisfactory
Mumbai,2019-09-03,6.72,21.31,11.46,0.64,10.98,9.87,60.0,Satisfactory
Mumbai,2019-09-04,7.68,20.72,12.01,0.62,11.23,9.36,54.0,Satisfactory
Mumbai,2019-09-05,5.68,20.38,10.54,0.6,11.37,10.26,49.0,Good
Mumbai,2019-09-06,7.6,29.36,10.81,0.57,10.93,9.62,47.0,Good
Mumbai,2019-09-07,10.71,34.27,11.97,0.62,11.08,9.12,49.0,Good
Mumbai,2019-09-08,8.69,29.63,13.69,0.67,11.81,12.28,51.0,Satisfactory
Mumbai,2019-09-09,12.07,46.77,12.67,0.57,12.02,9.24,54.0,Satisfactory
Mumbai,2019-09-10,13.89,51.1,12.29,0.39,11.8,10.38,54.0,Satisfactory
Mumbai,2019-09-11,14.62,47.04,13.79,0.52,12.02,7.52,55.0,Satisfactory
Mumbai,2019-09-12,10.93,41.79,12.54,0.44,11.38,7.84,55.0,Satisfactory
Mumbai,2019-09-13,12.93,39.62,13.82,0.54,12.0,7.08,53.0,Satisfactory
Mumbai,2019-09-14,13.24,54.5,12.13,0.46,11.58,9.01,60.0,Satisfactory
Mumbai,2019-09-15,10.85,32.85,17.71,0.62,11.31,12.04,57.0,Satisfactory
Mumbai,2019-09-16,11.95,45.25,13.78,0.57,12.4,7.17,65.0,Satisfactory
Mumbai,2019-09-17,16.24,43.48,12.93,0.59,11.46,8.24,64.0,Satisfactory
Mumbai,2019-09-18,17.95,42.66,17.44,0.8,12.06,7.93,80.0,Satisfactory
Mumbai,2019-09-19,21.73,38.49,30.97,0.83,11.61,18.46,83.0,Satisfactory
Mumbai,2019-09-20,14.94,34.2,21.94,0.75,10.98,10.91,73.0,Satisfactory
Mumbai,2019-09-21,12.09,33.0,16.97,0.47,8.75,11.09,57.0,Satisfactory
Mumbai,2019-09-22,15.09,44.55,15.95,0.45,6.85,11.12,56.0,Satisfactory
Mumbai,2019-09-23,18.6,57.85,13.64,0.55,7.6,8.68,64.0,Satisfactory
Mumbai,2019-09-24,15.04,59.47,12.38,0.57,7.4,9.33,67.0,Satisfactory
Mumbai,2019-09-25,16.9,37.22,22.09,0.67,7.63,10.74,64.0,Satisfactory
Mumbai,2019-09-26,17.28,39.46,19.61,0.67,7.97,10.72,70.0,Satisfactory
Mumbai,2019-09-27,8.39,22.71,12.29,0.39,7.44,10.11,49.0,Good
Mumbai,2019-09-28,8.32,27.38,10.2,0.28,7.82,7.38,40.0,Good
Mumbai,2019-09-29,9.62,32.07,9.67,0.28,8.2,7.3,42.0,Good
Mumbai,2019-09-30,8.33,26.16,9.8,0.32,8.42,6.25,41.0,Good
Mumbai,2019-10-01,10.46,42.8,8.67,0.35,8.4,6.29,50.0,Good
Mumbai,2019-10-02,16.15,56.33,11.75,0.47,8.57,8.0,64.0,Satisfactory
Mumbai,2019-10-03,17.62,52.25,14.41,0.66,8.76,8.22,68.0,Satisfactory
Mumbai,2019-10-04,24.77,64.32,18.88,0.71,9.19,10.65,72.0,Satisfactory
Mumbai,2019-10-05,32.11,74.94,23.52,1.19,9.91,15.35,96.0,Satisfactory
Mumbai,2019-10-06,35.13,77.75,27.19,0.83,11.47,27.28,99.0,Satisfactory
Mumbai,2019-10-07,45.48,88.32,26.69,0.84,10.13,26.16,93.0,Satisfactory
Mumbai,2019-10-08,54.08,99.28,26.33,1.45,10.18,27.71,112.0,Moderate
Mumbai,2019-10-09,21.6,49.28,27.88,1.02,10.08,20.53,90.0,Satisfactory
Mumbai,2019-10-10,39.03,81.82,33.69,0.89,11.46,24.9,89.0,Satisfactory
Mumbai,2019-10-11,39.11,77.93,34.85,1.12,11.26,30.85,118.0,Moderate
Mumbai,2019-10-12,49.37,103.99,32.46,0.83,12.09,32.79,110.0,Moderate
Mumbai,2019-10-13,42.92,88.36,30.6,1.54,12.81,27.03,112.0,Moderate
Mumbai,2019-10-14,55.33,112.01,32.7,0.98,13.2,25.92,117.0,Moderate
Mumbai,2019-10-15,50.61,111.2,33.54,1.15,14.05,26.74,116.0,Moderate
Mumbai,2019-10-16,49.19,118.26,35.06,1.24,14.7,29.97,121.0,Moderate
Mumbai,2019-10-17,56.89,126.82,34.5,1.22,13.74,38.93,135.0,Moderate
Mumbai,2019-10-18,62.55,129.06,35.88,1.19,13.29,13.21,135.0,Moderate
Mumbai,2019-10-19,28.56,48.57,24.93,1.08,11.67,8.47,99.0,Satisfactory
Mumbai,2019-10-20,15.09,29.91,21.0,1.19,11.06,8.69,86.0,Satisfactory
Mumbai,2019-10-21,17.75,41.34,20.24,1.03,10.82,15.31,81.0,Satisfactory
Mumbai,2019-10-22,17.92,44.55,22.87,1.04,10.54,15.92,76.0,Satisfactory
Mumbai,2019-10-23,17.85,41.64,18.52,0.89,11.87,7.6,72.0,Satisfactory
Mumbai,2019-10-24,30.71,72.1,24.2,1.04,12.45,8.38,87.0,Satisfactory
Mumbai,2019-10-25,20.04,46.59,23.05,0.93,10.47,6.84,82.0,Satisfactory
Mumbai,2019-10-26,25.58,57.91,18.86,0.91,9.45,8.26,69.0,Satisfactory
Mumbai,2019-10-27,39.09,76.14,15.53,0.93,9.28,11.02,105.0,Moderate
Mumbai,2019-10-28,53.5,91.27,17.36,0.68,9.61,13.97,92.0,Satisfactory
Mumbai,2019-10-29,56.28,102.53,25.2,0.67,13.83,20.94,113.0,Moderate
Mumbai,2019-10-30,40.81,84.5,25.09,0.83,13.26,16.87,97.0,Satisfactory
Mumbai,2019-10-31,25.37,77.85,26.43,0.8,14.56,11.5,81.0,Satisfactory
Mumbai,2019-11-01,16.55,57.59,25.78,0.65,14.62,13.02,77.0,Satisfactory
Mumbai,2019-11-02,11.99,39.96,23.12,0.64,14.22,9.88,57.0,Satisfactory
Mumbai,2019-11-03,20.09,62.74,23.86,0.72,15.36,10.7,71.0,Satisfactory
Mumbai,2019-11-04,28.41,66.83,26.02,0.84,13.21,16.42,78.0,Satisfactory
Mumbai,2019-11-05,36.96,76.94,30.58,0.85,15.39,22.29,79.0,Satisfactory
Mumbai,2019-11-06,52.87,101.96,37.21,1.01,12.45,20.34,105.0,Moderate
Mumbai,2019-11-07,19.26,52.22,20.79,0.61,9.31,13.36,84.0,Satisfactory
Mumbai,2019-11-08,12.19,41.81,22.57,0.61,8.53,15.25,57.0,Satisfactory
Mumbai,2019-11-09,27.12,73.34,31.47,0.8,8.97,14.44,82.0,Satisfactory
Mumbai,2019-11-10,49.51,98.73,30.33,1.02,9.21,21.17,97.0,Satisfactory
Mumbai,2019-11-11,57.72,106.42,39.04,1.12,10.26,26.65,108.0,Moderate
Mumbai,2019-11-12,69.7,132.42,42.53,1.21,12.41,32.22,134.0,Moderate
Mumbai,2019-11-13,64.9,122.75,47.12,1.03,9.55,28.58,140.0,Moderate
Mumbai,2019-11-14,62.54,123.27,45.44,0.79,11.34,31.66,128.0,Moderate
Mumbai,2019-11-15,69.75,128.01,48.03,0.88,10.86,29.62,131.0,Moderate
Mumbai,2019-11-16,77.05,135.69,42.82,0.86,15.39,31.08,149.0,Moderate
Mumbai,2019-11-17,70.89,123.26,35.4,0.93,21.01,28.13,149.0,Moderate
Mumbai,2019-11-18,72.13,125.42,41.1,0.89,14.91,40.98,140.0,Moderate
Mumbai,2019-11-19,90.92,163.46,52.54,1.17,10.58,33.36,184.0,Moderate
Mumbai,2019-11-20,91.86,171.91,51.64,1.22,10.92,33.38,209.0,Poor
Mumbai,2019-11-21,92.37,167.92,49.5,1.16,11.59,29.5,209.0,Poor
Mumbai,2019-11-22,87.03,163.02,47.1,1.07,17.75,31.78,208.0,Poor
Mumbai,2019-11-23,82.21,154.89,42.15,1.08,16.27,28.57,184.0,Moderate
Mumbai,2019-11-24,82.78,149.57,41.2,0.98,15.66,40.96,176.0,Moderate
Mumbai,2019-11-25,89.06,159.83,44.9,1.06,13.78,36.41,190.0,Moderate
Mumbai,2019-11-26,83.45,158.37,47.23,1.07,17.3,39.16,193.0,Moderate
Mumbai,2019-11-27,73.81,143.06,40.31,0.94,16.55,23.19,173.0,Moderate
Mumbai,2019-11-28,71.95,142.88,49.86,1.1,17.73,35.46,146.0,Moderate
Mumbai,2019-11-29,81.38,148.72,43.02,1.21,16.65,28.14,163.0,Moderate
Mumbai,2019-11-30,87.36,158.29,44.13,1.05,17.05,31.04,186.0,Moderate
Mumbai,2019-12-01,94.89,168.1,40.69,1.27,16.74,27.11,212.0,Poor
Mumbai,2019-12-02,64.67,120.78,36.01,1.02,14.84,29.09,174.0,Moderate
Mumbai,2019-12-03,39.87,98.1,33.4,0.93,14.4,20.33,115.0,Moderate
Mumbai,2019-12-04,49.87,109.16,33.59,0.89,10.19,25.2,99.0,Satisfactory
Mumbai,2019-12-05,65.29,121.72,36.28,1.01,9.91,19.03,111.0,Moderate
Mumbai,2019-12-06,83.28,149.35,37.76,1.0,11.19,25.39,180.0,Moderate
Mumbai,2019-12-07,70.54,140.48,42.12,0.96,10.58,33.03,154.0,Moderate
Mumbai,2019-12-08,88.13,157.73,43.61,1.05,11.77,39.85,174.0,Moderate
Mumbai,2019-12-09,82.73,147.34,42.56,1.14,12.12,37.94,205.0,Poor
Mumbai,2019-12-10,82.73,150.62,46.79,1.22,13.51,37.99,171.0,Moderate
Mumbai,2019-12-11,95.77,169.34,44.51,1.29,14.82,28.02,198.0,Moderate
Mumbai,2019-12-12,95.21,169.26,41.68,1.32,16.04,31.95,229.0,Poor
Mumbai,2019-12-13,72.43,132.97,39.02,1.02,14.48,32.43,203.0,Poor
Mumbai,2019-12-14,50.06,110.41,36.34,0.99,12.67,33.34,110.0,Moderate
Mumbai,2019-12-15,69.63,143.27,40.24,1.15,12.47,34.86,128.0,Moderate
Mumbai,2019-12-16,89.46,161.83,39.26,1.34,13.46,33.36,180.0,Moderate
Mumbai,2019-12-17,80.42,149.67,37.31,1.18,10.74,38.95,191.0,Moderate
Mumbai,2019-12-18,73.92,137.11,37.22,0.92,10.17,40.44,164.0,Moderate
Mumbai,2019-12-19,75.17,138.83,38.8,0.98,9.88,35.35,164.0,Moderate
Mumbai,2019-12-20,94.27,169.49,49.03,1.14,10.1,39.76,187.0,Moderate
Mumbai,2019-12-21,94.04,174.95,45.96,1.25,10.79,27.67,212.0,Poor
Mumbai,2019-12-22,94.72,171.39,41.58,1.21,11.57,26.98,225.0,Poor
Mumbai,2019-12-23,94.33,167.3,37.77,1.18,13.41,30.36,214.0,Poor
Mumbai,2019-12-24,122.89,205.91,46.54,1.28,11.52,41.44,250.0,Poor
Mumbai,2019-12-25,134.32,215.78,44.73,1.26,10.77,28.58,283.0,Poor
Mumbai,2019-12-26,87.5,152.83,34.22,0.98,10.49,29.76,268.0,Poor
Mumbai,2019-12-27,88.03,154.44,39.77,1.02,10.27,32.89,184.0,Moderate
Mumbai,2019-12-28,75.77,140.33,35.86,0.98,8.75,33.43,167.0,Moderate
Mumbai,2019-12-29,75.81,145.75,36.07,0.98,9.36,36.88,160.0,Moderate
Mumbai,2019-12-30,86.42,155.08,36.03,1.03,9.28,41.98,181.0,Moderate
Mumbai,2019-12-31,65.76,127.82,37.46,0.82,10.47,56.55,159.0,Moderate
Mumbai,2020-01-01,104.06,183.88,46.39,1.22,10.98,45.97,194.0,Moderate
Mumbai,2020-01-02,107.87,171.73,41.14,1.02,8.03,48.34,260.0,Poor
Mumbai,2020-01-03,93.64,157.8,40.42,0.97,7.94,48.31,221.0,Poor
Mumbai,2020-01-04,94.05,158.44,39.68,0.96,6.66,49.76,225.0,Poor
Mumbai,2020-01-05,91.04,162.68,39.93,1.1,7.9,39.59,229.0,Poor
Mumbai,2020-01-06,70.2,142.64,38.91,1.01,8.68,43.46,157.0,Moderate
Mumbai,2020-01-07,87.2,165.84,42.33,1.29,9.46,31.33,177.0,Moderate
Mumbai,2020-01-08,64.97,120.55,29.07,0.89,7.73,36.12,166.0,Moderate
Mumbai,2020-01-09,59.98,126.87,38.98,0.85,8.96,39.85,122.0,Moderate
Mumbai,2020-01-10,65.06,143.74,43.01,0.93,10.04,36.59,127.0,Moderate
Mumbai,2020-01-11,76.71,162.07,43.56,1.08,10.12,38.7,151.0,Moderate
Mumbai,2020-01-12,98.12,194.66,38.02,1.47,10.84,33.46,211.0,Poor
Mumbai,2020-01-13,68.39,120.46,29.65,0.84,6.73,28.54,178.0,Moderate
Mumbai,2020-01-14,36.33,97.67,26.54,0.7,6.28,30.25,100.0,Satisfactory
Mumbai,2020-01-15,30.53,91.62,30.43,0.65,6.32,37.85,97.0,Satisfactory
Mumbai,2020-01-16,34.16,84.73,31.54,0.66,5.95,37.14,90.0,Satisfactory
Mumbai,2020-01-17,51.0,115.87,41.19,0.68,6.3,38.68,93.0,Satisfactory
Mumbai,2020-01-18,87.28,167.77,55.99,0.98,7.63,37.57,160.0,Moderate
Mumbai,2020-01-19,96.1,195.03,48.29,1.12,8.28,35.96,213.0,Poor
Mumbai,2020-01-20,89.26,181.54,47.23,1.3,10.52,41.83,205.0,Poor
Mumbai,2020-01-21,96.99,207.73,44.95,1.58,10.32,37.38,227.0,Poor
Mumbai,2020-01-22,78.69,173.23,42.07,1.49,11.8,37.74,192.0,Moderate
Mumbai,2020-01-23,87.78,189.99,44.52,1.24,11.77,40.14,196.0,Moderate
Mumbai,2020-01-24,73.57,163.95,40.8,1.17,11.7,39.02,172.0,Moderate
Mumbai,2020-01-25,91.57,192.11,43.88,1.32,14.01,47.99,182.0,Moderate
Mumbai,2020-01-26,103.35,210.51,43.92,1.4,13.46,39.74,253.0,Poor
Mumbai,2020-01-27,57.22,120.42,29.0,0.76,10.5,35.14,183.0,Moderate
Mumbai,2020-01-28,25.47,81.69,21.6,0.64,8.01,22.79,94.0,Satisfactory
Mumbai,2020-01-29,19.77,97.0,22.88,0.56,4.22,37.65,85.0,Satisfactory
Mumbai,2020-01-30,52.66,141.65,38.17,0.84,8.11,42.4,123.0,Moderate
Mumbai,2020-01-31,65.97,158.62,43.82,1.03,8.65,42.66,145.0,Moderate
Mumbai,2020-02-01,72.14,168.79,46.68,1.12,7.48,41.77,154.0,Moderate
Mumbai,2020-02-02,80.79,186.22,38.05,1.31,8.75,37.43,183.0,Moderate
Mumbai,2020-02-03,83.47,165.19,35.54,1.28,6.21,35.33,192.0,Moderate
Mumbai,2020-02-04,77.73,151.8,40.07,0.77,7.25,55.83,178.0,Moderate
Mumbai,2020-02-05,60.91,153.38,47.47,0.96,9.38,41.6,151.0,Moderate
Mumbai,2020-02-06,47.67,127.57,36.64,0.87,7.87,52.05,138.0,Moderate
Mumbai,2020-02-07,49.35,136.21,39.96,0.9,9.22,46.27,129.0,Moderate
Mumbai,2020-02-08,68.47,151.73,39.85,1.0,7.72,47.02,133.0,Moderate
Mumbai,2020-02-09,68.29,144.61,31.18,1.03,9.26,44.3,142.0,Moderate
Mumbai,2020-02-10,56.58,129.32,36.19,0.93,8.38,45.84,134.0,Moderate
Mumbai,2020-02-11,60.95,143.87,38.82,1.05,8.71,39.01,130.0,Moderate
Mumbai,2020-02-12,60.53,145.25,48.17,1.1,8.9,38.14,136.0,Moderate
Mumbai,2020-02-13,67.91,152.14,52.26,1.11,8.5,41.11,144.0,Moderate
Mumbai,2020-02-14,58.14,149.22,48.61,0.87,9.01,46.83,141.0,Moderate
Mumbai,2020-02-15,53.27,151.37,45.62,0.88,9.59,36.31,141.0,Moderate
Mumbai,2020-02-16,68.93,165.51,47.33,0.95,10.41,54.41,147.0,Moderate
Mumbai,2020-02-17,102.48,212.49,54.75,1.3,9.46,54.43,234.0,Poor
Mumbai,2020-02-18,88.15,201.4,61.16,1.25,12.09,51.79,217.0,Poor
Mumbai,2020-02-19,92.5,212.28,59.13,1.32,14.81,47.26,224.0,Poor
Mumbai,2020-02-20,62.8,146.64,46.33,1.0,10.38,27.28,175.0,Moderate
Mumbai,2020-02-21,39.37,100.68,35.82,0.75,9.11,23.71,110.0,Moderate
Mumbai,2020-02-22,65.93,157.96,53.25,0.97,12.37,43.03,121.0,Moderate
Mumbai,2020-02-23,77.63,194.83,57.94,1.19,13.28,47.06,185.0,Moderate
Mumbai,2020-02-24,84.7,185.63,56.76,1.22,12.73,46.95,176.0,Moderate
Mumbai,2020-02-25,48.01,152.41,49.44,0.95,11.32,32.01,170.0,Moderate
Mumbai,2020-02-26,41.03,131.59,50.32,0.75,14.57,46.17,130.0,Moderate
Mumbai,2020-02-27,51.74,144.95,57.91,0.92,15.46,50.93,136.0,Moderate
Mumbai,2020-02-28,77.61,185.24,71.94,1.37,16.66,43.82,173.0,Moderate
Mumbai,2020-02-29,74.98,183.77,58.47,1.24,16.08,27.98,193.0,Moderate
Mumbai,2020-03-01,43.39,121.29,32.11,0.65,13.19,23.93,125.0,Moderate
Mumbai,2020-03-02,52.18,142.49,28.46,0.77,16.93,19.25,123.0,Moderate
Mumbai,2020-03-03,43.68,137.1,26.55,0.46,17.25,27.79,127.0,Moderate
Mumbai,2020-03-04,36.73,122.49,27.93,0.52,15.98,27.16,118.0,Moderate
Mumbai,2020-03-05,32.59,108.48,26.95,0.53,17.87,21.06,108.0,Moderate
Mumbai,2020-03-06,20.15,105.77,19.07,0.43,17.17,18.27,102.0,Moderate
Mumbai,2020-03-07,24.45,131.04,23.93,0.48,9.15,27.96,107.0,Moderate
Mumbai,2020-03-08,27.0,125.15,31.81,0.57,9.73,30.18,122.0,Moderate
Mumbai,2020-03-09,35.03,134.18,31.06,0.67,9.61,28.36,121.0,Moderate
Mumbai,2020-03-10,40.47,125.98,20.36,0.77,12.7,22.31,128.0,Moderate
Mumbai,2020-03-11,16.04,74.65,19.18,0.43,11.07,24.98,88.0,Satisfactory
Mumbai,2020-03-12,18.59,80.55,24.74,0.49,10.72,22.72,80.0,Satisfactory
Mumbai,2020-03-13,23.81,108.48,30.64,0.5,7.84,34.81,84.0,Satisfactory
Mumbai,2020-03-14,30.33,126.36,34.81,0.58,7.96,41.79,117.0,Moderate
Mumbai,2020-03-15,49.84,175.84,41.75,1.01,12.24,36.0,143.0,Moderate
Mumbai,2020-03-16,57.99,190.49,53.12,1.24,14.86,40.61,154.0,Moderate
Mumbai,2020-03-17,78.54,204.96,52.95,1.66,15.1,45.85,191.0,Moderate
Mumbai,2020-03-18,52.03,150.71,42.38,1.02,11.79,40.01,167.0,Moderate
Mumbai,2020-03-19,30.33,99.38,26.7,0.6,7.97,31.9,113.0,Moderate
Mumbai,2020-03-20,21.08,84.44,14.85,0.5,6.6,19.03,91.0,Satisfactory
Mumbai,2020-03-21,20.14,67.91,16.51,0.47,11.0,24.3,82.0,Satisfactory
Mumbai,2020-03-22,16.75,53.27,9.46,0.36,12.08,27.87,67.0,Satisfactory
Mumbai,2020-03-23,23.48,64.7,11.07,0.42,12.02,32.77,66.0,Satisfactory
Mumbai,2020-03-24,35.58,92.81,12.34,0.52,8.75,38.04,86.0,Satisfactory
Mumbai,2020-03-25,30.86,77.24,11.34,0.5,8.32,31.58,91.0,Satisfactory
Mumbai,2020-03-26,27.82,65.48,11.3,0.43,10.16,26.73,71.0,Satisfactory
Mumbai,2020-03-27,24.81,69.65,8.64,0.4,7.19,35.76,70.0,Satisfactory
Mumbai,2020-03-28,28.14,67.46,11.9,0.48,7.55,38.94,78.0,Satisfactory
Mumbai,2020-03-29,23.43,66.1,9.89,0.42,7.27,47.85,78.0,Satisfactory
Mumbai,2020-03-30,23.57,63.65,9.66,0.43,6.86,39.26,77.0,Satisfactory
Mumbai,2020-03-31,25.36,63.61,9.0,0.46,7.26,29.17,69.0,Satisfactory
Mumbai,2020-04-01,20.08,58.94,7.77,0.4,6.55,31.73,63.0,Satisfactory
Mumbai,2020-04-02,26.27,77.19,8.62,0.43,6.84,37.54,78.0,Satisfactory
Mumbai,2020-04-03,24.33,83.88,7.58,0.39,6.49,29.94,85.0,Satisfactory
Mumbai,2020-04-04,24.7,78.44,7.94,0.42,6.47,28.5,83.0,Satisfactory
Mumbai,2020-04-05,27.36,73.53,8.48,0.44,6.67,28.81,78.0,Satisfactory
Mumbai,2020-04-06,20.82,54.45,6.55,0.36,7.06,23.34,67.0,Satisfactory
Mumbai,2020-04-07,24.1,79.61,6.24,0.36,7.06,18.93,62.0,Satisfactory
Mumbai,2020-04-08,29.52,98.54,6.72,0.37,6.95,14.77,93.0,Satisfactory
Mumbai,2020-04-09,28.3,93.39,6.81,0.38,8.89,15.14,95.0,Satisfactory
Mumbai,2020-04-10,25.89,83.39,6.96,0.37,8.49,20.75,87.0,Satisfactory
Mumbai,2020-04-11,29.54,82.21,7.98,0.44,7.97,21.8,81.0,Satisfactory
Mumbai,2020-04-12,28.26,81.99,9.13,0.45,7.79,20.04,86.0,Satisfactory
Mumbai,2020-04-13,25.58,75.31,9.18,0.44,7.39,16.16,79.0,Satisfactory
Mumbai,2020-04-14,26.89,81.61,10.47,0.53,7.61,18.91,87.0,Satisfactory
Mumbai,2020-04-15,26.61,66.58,9.77,0.72,7.78,19.93,85.0,Satisfactory
Mumbai,2020-04-16,20.55,55.03,9.16,0.59,6.73,19.32,75.0,Satisfactory
Mumbai,2020-04-17,20.54,53.53,7.89,0.64,6.36,16.09,73.0,Satisfactory
Mumbai,2020-04-18,18.48,52.34,8.08,0.63,6.34,16.7,70.0,Satisfactory
Mumbai,2020-04-19,19.99,63.75,9.07,0.65,6.79,21.48,74.0,Satisfactory
Mumbai,2020-04-20,25.7,81.0,10.38,0.7,7.88,20.19,82.0,Satisfactory
Mumbai,2020-04-21,18.64,54.81,6.97,0.57,7.59,23.39,76.0,Satisfactory
Mumbai,2020-04-22,18.03,52.92,6.11,0.41,8.4,22.45,61.0,Satisfactory
Mumbai,2020-04-23,19.8,54.84,6.99,0.4,10.28,19.66,67.0,Satisfactory
Mumbai,2020-04-24,20.82,47.88,6.09,0.38,11.57,18.66,58.0,Satisfactory
Mumbai,2020-04-25,16.78,44.63,6.5,0.32,12.46,23.08,57.0,Satisfactory
Mumbai,2020-04-26,19.05,51.09,8.25,0.36,14.12,22.98,63.0,Satisfactory
Mumbai,2020-04-27,17.23,45.04,5.72,0.34,14.37,17.94,60.0,Satisfactory
Mumbai,2020-04-28,19.82,50.93,7.66,0.35,13.98,25.02,60.0,Satisfactory
Mumbai,2020-04-29,21.01,57.68,6.68,0.36,14.49,24.01,77.0,Satisfactory
Mumbai,2020-04-30,20.8,53.42,6.96,0.33,15.2,17.54,68.0,Satisfactory
Mumbai,2020-05-01,15.53,43.76,5.54,0.31,14.47,18.53,61.0,Satisfactory
Mumbai,2020-05-02,13.15,39.87,5.44,0.28,12.43,16.06,53.0,Satisfactory
Mumbai,2020-05-03,12.02,34.64,5.28,0.27,12.04,15.22,53.0,Satisfactory
Mumbai,2020-05-04,11.51,33.77,5.21,0.28,11.52,14.68,47.0,Good
Mumbai,2020-05-05,11.2,42.66,6.59,0.29,10.62,16.25,51.0,Satisfactory
Mumbai,2020-05-06,12.09,55.6,6.71,0.3,12.95,17.43,61.0,Satisfactory
Mumbai,2020-05-07,14.3,52.48,6.24,0.35,20.98,19.58,65.0,Satisfactory
Mumbai,2020-05-08,15.26,60.85,5.62,0.38,29.68,21.41,69.0,Satisfactory
Mumbai,2020-05-09,14.21,54.67,5.12,0.3,32.49,21.56,67.0,Satisfactory
Mumbai,2020-05-10,13.08,49.13,3.32,0.3,32.18,19.12,70.0,Satisfactory
Mumbai,2020-05-11,16.85,57.84,6.4,0.36,28.8,18.86,75.0,Satisfactory
Mumbai,2020-05-12,13.72,51.68,5.73,0.34,37.37,18.22,81.0,Satisfactory
Mumbai,2020-05-13,14.67,53.52,7.35,0.28,29.05,19.43,74.0,Satisfactory
Mumbai,2020-05-14,15.23,56.14,9.24,0.29,21.85,15.53,65.0,Satisfactory
Mumbai,2020-05-15,17.67,62.36,9.47,0.31,26.61,15.69,70.0,Satisfactory
Mumbai,2020-05-16,30.44,109.67,9.88,0.31,14.56,18.71,79.0,Satisfactory
Mumbai,2020-05-17,29.74,110.21,8.21,0.28,13.73,23.93,119.0,Moderate
Mumbai,2020-05-18,21.3,74.82,9.61,0.26,15.6,24.78,86.0,Satisfactory
Mumbai,2020-05-19,15.36,65.41,9.44,0.28,14.24,19.74,74.0,Satisfactory
Mumbai,2020-05-20,14.14,48.48,11.07,0.28,14.07,19.82,66.0,Satisfactory
Mumbai,2020-05-21,16.44,43.01,12.93,0.27,12.22,20.84,57.0,Satisfactory
Mumbai,2020-05-22,14.78,43.77,11.9,0.26,12.06,21.34,51.0,Satisfactory
Mumbai,2020-05-23,15.18,52.48,10.89,0.29,10.33,18.87,55.0,Satisfactory
Mumbai,2020-05-24,12.33,44.41,10.01,0.25,9.66,18.56,55.0,Satisfactory
Mumbai,2020-05-25,11.81,53.97,9.36,0.25,8.85,19.15,54.0,Satisfactory
Mumbai,2020-05-26,12.64,60.01,8.14,0.24,8.57,18.75,57.0,Satisfactory
Mumbai,2020-05-27,11.7,49.07,8.74,0.21,6.44,19.01,59.0,Satisfactory
Mumbai,2020-05-28,12.21,46.97,7.43,0.22,6.76,18.17,56.0,Satisfactory
Mumbai,2020-05-29,7.33,30.7,7.02,0.26,7.58,17.14,50.0,Good
Mumbai,2020-05-30,10.08,42.19,6.63,0.27,6.93,14.37,49.0,Good
Mumbai,2020-05-31,8.99,41.07,6.51,0.31,6.9,15.63,53.0,Satisfactory
Mumbai,2020-06-01,17.27,44.22,13.22,0.33,7.68,25.44,48.0,Good
Mumbai,2020-06-02,21.94,46.59,16.61,0.43,7.71,23.44,52.0,Satisfactory
Mumbai,2020-06-03,8.38,19.05,12.38,0.28,7.7,22.89,50.0,Good
Mumbai,2020-06-04,20.53,47.52,15.73,0.34,10.03,17.66,48.0,Good
Mumbai,2020-06-05,11.26,33.01,16.35,0.31,11.64,23.29,66.0,Satisfactory
Mumbai,2020-06-06,9.38,30.27,10.81,0.28,11.76,14.98,46.0,Good
Mumbai,2020-06-07,10.85,35.86,10.79,0.31,10.8,14.68,49.0,Good
Mumbai,2020-06-08,8.92,25.63,13.93,0.33,11.19,20.42,50.0,Good
Mumbai,2020-06-09,8.93,28.08,10.65,0.33,11.95,15.69,47.0,Good
Mumbai,2020-06-10,10.43,34.98,8.75,0.33,12.71,12.88,48.0,Good
Mumbai,2020-06-11,9.0,28.18,8.24,0.32,12.79,12.38,48.0,Good
Mumbai,2020-06-12,10.46,31.78,11.19,0.38,13.66,10.47,52.0,Satisfactory
Mumbai,2020-06-13,10.36,27.75,12.43,0.39,13.49,10.05,54.0,Satisfactory
Mumbai,2020-06-14,9.87,25.02,12.87,0.38,10.2,10.15,51.0,Satisfactory
Mumbai,2020-06-15,10.58,27.54,14.08,0.4,11.14,9.59,49.0,Good
Mumbai,2020-06-16,9.59,22.68,13.97,0.44,11.24,13.5,54.0,Satisfactory
Mumbai,2020-06-17,6.62,21.38,14.26,0.41,11.22,10.55,46.0,Good
Mumbai,2020-06-18,7.46,26.97,16.02,0.43,10.89,8.84,50.0,Good
Mumbai,2020-06-19,14.69,54.73,11.74,0.42,10.96,8.68,58.0,Satisfactory
Mumbai,2020-06-20,11.97,52.15,8.43,0.34,10.72,8.3,61.0,Satisfactory
Mumbai,2020-06-21,9.27,41.0,9.94,0.32,11.43,9.32,55.0,Satisfactory
Mumbai,2020-06-22,12.61,47.23,10.56,0.39,8.82,8.49,51.0,Satisfactory
Mumbai,2020-06-23,9.56,32.9,14.83,0.38,5.01,9.94,59.0,Satisfactory
Mumbai,2020-06-24,8.73,30.22,11.76,0.4,4.77,9.34,55.0,Satisfactory
Mumbai,2020-06-25,11.84,43.79,9.81,0.4,5.19,7.88,59.0,Satisfactory
Mumbai,2020-06-26,13.82,47.1,8.6,0.42,7.66,6.02,57.0,Satisfactory
Mumbai,2020-06-27,18.04,63.72,8.58,0.43,10.36,5.68,64.0,Satisfactory
Mumbai,2020-06-28,12.33,44.84,8.06,0.38,10.58,5.76,64.0,Satisfactory
Mumbai,2020-06-29,7.88,27.51,7.94,0.38,11.11,5.84,54.0,Satisfactory
Mumbai,2020-06-30,4.66,13.87,8.02,0.36,13.4,6.94,54.0,Satisfactory
Mumbai,2020-07-01,3.84,11.28,5.57,0.37,13.18,6.68,53.0,Satisfactory
